CYCLE_ACTIVITY.STALLS_L3_MISS, 0x6a3
LD_HEAD.ANY_AT_RET, 0xff05
LD_HEAD.L1_BOUND_AT_RET, 0xf405
LD_HEAD.L1_MISS_AT_RET, 0x8105
LD_HEAD.OTHER_AT_RET, 0xc005
LD_HEAD.PGWALK_AT_RET, 0xa005
LD_HEAD.ST_ADDR_AT_RET, 0x8405
MACHINE_CLEARS.MEMORY_ORDERING, 0x2c3
MACHINE_CLEARS.MEMORY_ORDERING, 0x2c3
MEMORY_ACTIVITY.CYCLES_L1D_MISS, 0x247
MEMORY_ACTIVITY.STALLS_L1D_MISS, 0x347
MEMORY_ACTIVITY.STALLS_L2_MISS, 0x547
MEMORY_ACTIVITY.STALLS_L3_MISS, 0x947
MEM_TRANS_RETIRED.LOAD_LATENCY_GT_1024, 0x1cd
MEM_TRANS_RETIRED.LOAD_LATENCY_GT_128, 0x1cd
MEM_TRANS_RETIRED.LOAD_LATENCY_GT_16, 0x1cd
MEM_TRANS_RETIRED.LOAD_LATENCY_GT_256, 0x1cd
MEM_TRANS_RETIRED.LOAD_LATENCY_GT_32, 0x1cd
MEM_TRANS_RETIRED.LOAD_LATENCY_GT_4, 0x1cd
MEM_TRANS_RETIRED.LOAD_LATENCY_GT_512, 0x1cd
MEM_TRANS_RETIRED.LOAD_LATENCY_GT_64, 0x1cd
MEM_TRANS_RETIRED.LOAD_LATENCY_GT_8, 0x1cd
MEM_TRANS_RETIRED.STORE_SAMPLE, 0x2cd
OCR.DEMAND_CODE_RD.DRAM, 0x1b7
OCR.DEMAND_CODE_RD.L3_MISS, 0x1b7
OCR.DEMAND_DATA_RD.DRAM, 0x1b7
OCR.DEMAND_DATA_RD.L3_MISS, 0x1b7
OCR.DEMAND_DATA_RD.L3_MISS_LOCAL, 0x1b7
OCR.DEMAND_RFO.DRAM, 0x1b7
OCR.DEMAND_RFO.L3_MISS, 0x1b7
OCR.DEMAND_RFO.L3_MISS_LOCAL, 0x1b7
OCR.SWPF_RD.DRAM, 0x1b7
OCR.SWPF_RD.L3_MISS, 0x1b7
OFFCORE_REQUESTS.L3_MISS_DEMAND_DATA_RD, 0x1021
OFFCORE_REQUESTS_OUTSTANDING.L3_MISS_DEMAND_DATA_RD, 0x1020
DTLB_LOAD_MISSES.STLB_HIT, 0x2012
DTLB_LOAD_MISSES.WALK_ACTIVE, 0x1012
DTLB_LOAD_MISSES.WALK_COMPLETED, 0xe08
DTLB_LOAD_MISSES.WALK_COMPLETED, 0xe12
DTLB_LOAD_MISSES.WALK_COMPLETED_1G, 0x812
DTLB_LOAD_MISSES.WALK_COMPLETED_2M_4M, 0x412
DTLB_LOAD_MISSES.WALK_COMPLETED_4K, 0x212
DTLB_LOAD_MISSES.WALK_PENDING, 0x1012
DTLB_STORE_MISSES.STLB_HIT, 0x2013
DTLB_STORE_MISSES.WALK_ACTIVE, 0x1013
DTLB_STORE_MISSES.WALK_COMPLETED, 0xe49
DTLB_STORE_MISSES.WALK_COMPLETED, 0xe13
DTLB_STORE_MISSES.WALK_COMPLETED_1G, 0x813
DTLB_STORE_MISSES.WALK_COMPLETED_2M_4M, 0x413
DTLB_STORE_MISSES.WALK_COMPLETED_4K, 0x213
DTLB_STORE_MISSES.WALK_PENDING, 0x1013
ITLB_MISSES.MISS_CAUSED_WALK, 0x185
ITLB_MISSES.PDE_CACHE_MISS, 0x8085
ITLB_MISSES.STLB_HIT, 0x2011
ITLB_MISSES.WALK_ACTIVE, 0x1011
ITLB_MISSES.WALK_COMPLETED, 0xe85
ITLB_MISSES.WALK_COMPLETED, 0xe11
ITLB_MISSES.WALK_COMPLETED_2M_4M, 0x411
ITLB_MISSES.WALK_COMPLETED_4K, 0x211
ITLB_MISSES.WALK_PENDING, 0x1011
LD_HEAD.DTLB_MISS_AT_RET, 0x9005
MEM_UOPS_RETIRED.DTLB_MISS, 0x13d0
MEM_UOPS_RETIRED.DTLB_MISS_LOADS, 0x11d0
MEM_UOPS_RETIRED.DTLB_MISS_STORES, 0x12d0
UNC_CLOCK.SOCKET, 0xff
ARITH.FPDIV_ACTIVE, 0x2cd
ARITH.FPDIV_ACTIVE, 0x1b0
ARITH.FPDIV_UOPS, 0x8cd
ASSISTS.FP, 0x2c1
ASSISTS.SSE_AVX_MIX, 0x10c1
FP_ARITH_DISPATCHED.PORT_0, 0x1b3
FP_ARITH_DISPATCHED.PORT_1, 0x2b3
FP_ARITH_DISPATCHED.PORT_5, 0x4b3
FP_ARITH_DISPATCHED.V0, 0x1b3
FP_ARITH_DISPATCHED.V1, 0x2b3
FP_ARITH_DISPATCHED.V2, 0x4b3
FP_ARITH_INST_RETIRED.128B_PACKED_DOUBLE, 0x4c7
FP_ARITH_INST_RETIRED.128B_PACKED_SINGLE, 0x8c7
FP_ARITH_INST_RETIRED.256B_PACKED_DOUBLE, 0x10c7
FP_ARITH_INST_RETIRED.256B_PACKED_SINGLE, 0x20c7
FP_ARITH_INST_RETIRED.4_FLOPS, 0x18c7
FP_ARITH_INST_RETIRED.SCALAR, 0x3c7
FP_ARITH_INST_RETIRED.SCALAR_DOUBLE, 0x1c7
FP_ARITH_INST_RETIRED.SCALAR_SINGLE, 0x2c7
FP_ARITH_INST_RETIRED.VECTOR, 0xfcc7
MACHINE_CLEARS.FP_ASSIST, 0x4c3
UOPS_RETIRED.FPDIV, 0x8c2
ASSISTS.HARDWARE, 0x4c1
ASSISTS.PAGE_FAULT, 0x8c1
CORE_POWER.LICENSE_1, 0x228
CORE_POWER.LICENSE_2, 0x428
CORE_POWER.LICENSE_3, 0x828
LBR_INSERTS.ANY, 0x1e4
OCR.FULL_STREAMING_WR.ANY_RESPONSE, 0x1b7
OCR.PARTIAL_STREAMING_WR.ANY_RESPONSE, 0x1b7
OCR.STREAMING_WR.ANY_RESPONSE, 0x1b7
XQ.FULL_CYCLES, 0x12d
BACLEARS.ANY, 0x1e6
BACLEARS.ANY, 0x160
DECODE.LCP, 0x187
DECODE.MS_BUSY, 0x287
DSB2MITE_SWITCHES.PENALTY_CYCLES, 0x261
FRONTEND_RETIRED.ANY_DSB_MISS, 0x1c6
FRONTEND_RETIRED.DSB_MISS, 0x1c6
FRONTEND_RETIRED.ITLB_MISS, 0x1c6
FRONTEND_RETIRED.L1I_MISS, 0x1c6
FRONTEND_RETIRED.L2_MISS, 0x1c6
FRONTEND_RETIRED.LATENCY_GE_1, 0x1c6
FRONTEND_RETIRED.LATENCY_GE_128, 0x1c6
FRONTEND_RETIRED.LATENCY_GE_16, 0x1c6
FRONTEND_RETIRED.LATENCY_GE_2, 0x1c6
FRONTEND_RETIRED.LATENCY_GE_256, 0x1c6
FRONTEND_RETIRED.LATENCY_GE_2_BUBBLES_GE_1, 0x1c6
FRONTEND_RETIRED.LATENCY_GE_32, 0x1c6
FRONTEND_RETIRED.LATENCY_GE_4, 0x1c6
FRONTEND_RETIRED.LATENCY_GE_512, 0x1c6
FRONTEND_RETIRED.LATENCY_GE_64, 0x1c6
FRONTEND_RETIRED.LATENCY_GE_8, 0x1c6
FRONTEND_RETIRED.MS_FLOWS, 0x1c6
FRONTEND_RETIRED.STLB_MISS, 0x1c6
FRONTEND_RETIRED.UNKNOWN_BRANCH, 0x1c6
ICACHE.ACCESSES, 0x380
ICACHE.MISSES, 0x280
ICACHE_DATA.STALLS, 0x480
ICACHE_DATA.STALL_PERIODS, 0x480
ICACHE_TAG.STALLS, 0x483
IDQ.DSB_CYCLES_ANY, 0x879
IDQ.DSB_CYCLES_OK, 0x879
IDQ.DSB_UOPS, 0x879
IDQ.MITE_CYCLES_ANY, 0x479
IDQ.MITE_CYCLES_OK, 0x479
IDQ.MITE_UOPS, 0x479
IDQ.MS_CYCLES_ANY, 0x2079
IDQ.MS_SWITCHES, 0x2079
IDQ.MS_UOPS, 0x2079
IDQ_BUBBLES.CORE, 0x19c
IDQ_BUBBLES.CYCLES_0_UOPS_DELIV.CORE, 0x19c
IDQ_BUBBLES.CYCLES_FE_WAS_OK, 0x19c
IDQ_UOPS_NOT_DELIVERED.CORE, 0x19c
IDQ_UOPS_NOT_DELIVERED.CYCLES_0_UOPS_DELIV.CORE, 0x19c
IDQ_UOPS_NOT_DELIVERED.CYCLES_FE_WAS_OK, 0x19c
UNC_ARB_COH_TRK_REQUESTS.ALL, 0x184
UNC_ARB_DAT_OCCUPANCY.ALL, 0x185
UNC_ARB_DAT_OCCUPANCY.RD, 0x285
UNC_ARB_DAT_REQUESTS.RD, 0x281
UNC_ARB_IFA_OCCUPANCY.ALL, 0x185
UNC_ARB_REQ_TRK_OCCUPANCY.DRD, 0x280
UNC_ARB_REQ_TRK_REQUEST.DRD, 0x281
UNC_ARB_TRK_OCCUPANCY.ALL, 0x180
UNC_ARB_TRK_OCCUPANCY.RD, 0x280
UNC_ARB_TRK_REQUESTS.ALL, 0x181
UNC_ARB_TRK_REQUESTS.RD, 0x281
ARITH.DIVIDER_ACTIVE, 0x9b0
ARITH.DIV_ACTIVE, 0x3cd
ARITH.DIV_ACTIVE, 0x9b0
ARITH.DIV_OCCUPANCY, 0x3cd
ARITH.DIV_UOPS, 0xccd
ARITH.FP_DIVIDER_ACTIVE, 0x1b0
ARITH.IDIV_ACTIVE, 0x1cd
ARITH.IDIV_ACTIVE, 0x8b0
ARITH.IDIV_OCCUPANCY, 0x1cd
ARITH.IDIV_UOPS, 0x4cd
ARITH.INT_DIVIDER_ACTIVE, 0x8b0
ASSISTS.ANY, 0x1bc1
BR_INST_RETIRED.ALL_BRANCHES, 0xc4
BR_INST_RETIRED.ALL_BRANCHES, 0xc4
BR_INST_RETIRED.CALL, 0xf9c4
BR_INST_RETIRED.COND, 0x7ec4
BR_INST_RETIRED.COND, 0x11c4
BR_INST_RETIRED.COND_NTAKEN, 0x10c4
BR_INST_RETIRED.COND_TAKEN, 0xfec4
BR_INST_RETIRED.COND_TAKEN, 0x1c4
BR_INST_RETIRED.FAR_BRANCH, 0xbfc4
BR_INST_RETIRED.FAR_BRANCH, 0x40c4
BR_INST_RETIRED.INDIRECT, 0xebc4
BR_INST_RETIRED.INDIRECT, 0x80c4
BR_INST_RETIRED.INDIRECT_CALL, 0xfbc4
BR_INST_RETIRED.IND_CALL, 0xfbc4
BR_INST_RETIRED.JCC, 0x7ec4
BR_INST_RETIRED.NEAR_CALL, 0xf9c4
BR_INST_RETIRED.NEAR_CALL, 0x2c4
BR_INST_RETIRED.NEAR_RETURN, 0xf7c4
BR_INST_RETIRED.NEAR_RETURN, 0x8c4
BR_INST_RETIRED.NEAR_TAKEN, 0xc0c4
BR_INST_RETIRED.NEAR_TAKEN, 0x20c4
BR_INST_RETIRED.NON_RETURN_IND, 0xebc4
BR_INST_RETIRED.REL_CALL, 0xfdc4
BR_INST_RETIRED.RETURN, 0xf7c4
BR_INST_RETIRED.TAKEN_JCC, 0xfec4
BR_MISP_RETIRED.ALL_BRANCHES, 0xc5
BR_MISP_RETIRED.ALL_BRANCHES, 0xc5
BR_MISP_RETIRED.COND, 0x7ec5
BR_MISP_RETIRED.COND, 0x11c5
BR_MISP_RETIRED.COND_NTAKEN, 0x10c5
BR_MISP_RETIRED.COND_TAKEN, 0xfec5
BR_MISP_RETIRED.COND_TAKEN, 0x1c5
BR_MISP_RETIRED.INDIRECT, 0xebc5
BR_MISP_RETIRED.INDIRECT, 0x80c5
BR_MISP_RETIRED.INDIRECT_CALL, 0xfbc5
BR_MISP_RETIRED.INDIRECT_CALL, 0x2c5
BR_MISP_RETIRED.IND_CALL, 0xfbc5
BR_MISP_RETIRED.JCC, 0x7ec5
BR_MISP_RETIRED.NEAR_TAKEN, 0x80c5
BR_MISP_RETIRED.NEAR_TAKEN, 0x20c5
BR_MISP_RETIRED.NON_RETURN_IND, 0xebc5
BR_MISP_RETIRED.RET, 0x8c5
BR_MISP_RETIRED.RETURN, 0xf7c5
BR_MISP_RETIRED.TAKEN_JCC, 0xfec5
CPU_CLK_UNHALTED.C01, 0x10ec
CPU_CLK_UNHALTED.C02, 0x20ec
CPU_CLK_UNHALTED.C0_WAIT, 0x70ec
CPU_CLK_UNHALTED.CORE_P, 0x3c
CPU_CLK_UNHALTED.DISTRIBUTED, 0x2ec
CPU_CLK_UNHALTED.ONE_THREAD_ACTIVE, 0x23c
CPU_CLK_UNHALTED.PAUSE, 0x40ec
CPU_CLK_UNHALTED.PAUSE_INST, 0x40ec
CPU_CLK_UNHALTED.REF, 0x13c
CPU_CLK_UNHALTED.REF_DISTRIBUTED, 0x83c
CPU_CLK_UNHALTED.REF_TSC_P, 0x13c
CPU_CLK_UNHALTED.REF_TSC_P, 0x13c
CPU_CLK_UNHALTED.THREAD_P, 0x3c
CPU_CLK_UNHALTED.THREAD_P, 0x3c
CYCLE_ACTIVITY.CYCLES_L1D_MISS, 0x8a3
CYCLE_ACTIVITY.CYCLES_L2_MISS, 0x1a3
CYCLE_ACTIVITY.CYCLES_MEM_ANY, 0x10a3
CYCLE_ACTIVITY.STALLS_L1D_MISS, 0xca3
CYCLE_ACTIVITY.STALLS_L2_MISS, 0x5a3
CYCLE_ACTIVITY.STALLS_TOTAL, 0x4a3
EXE_ACTIVITY.1_PORTS_UTIL, 0x2a6
EXE_ACTIVITY.2_3_PORTS_UTIL, 0xca6
EXE_ACTIVITY.2_PORTS_UTIL, 0x4a6
EXE_ACTIVITY.3_PORTS_UTIL, 0x8a6
EXE_ACTIVITY.4_PORTS_UTIL, 0x10a6
EXE_ACTIVITY.BOUND_ON_LOADS, 0x21a6
EXE_ACTIVITY.BOUND_ON_STORES, 0x40a6
EXE_ACTIVITY.EXE_BOUND_0_PORTS, 0x80a6
INST_DECODED.DECODERS, 0x175
INST_RETIRED.ANY_P, 0xc0
INST_RETIRED.ANY_P, 0xc0
INST_RETIRED.MACRO_FUSED, 0x10c0
INST_RETIRED.NOP, 0x2c0
INST_RETIRED.REP_ITERATION, 0x8c0
INT_MISC.CLEARS_COUNT, 0x1ad
INT_MISC.CLEAR_RESTEER_CYCLES, 0x80ad
INT_MISC.RECOVERY_CYCLES, 0x1ad
INT_MISC.UNKNOWN_BRANCH_CYCLES, 0x40ad
INT_MISC.UOP_DROPPING, 0x10ad
INT_VEC_RETIRED.128BIT, 0x13e7
INT_VEC_RETIRED.256BIT, 0xace7
INT_VEC_RETIRED.ADD_128, 0x3e7
INT_VEC_RETIRED.ADD_256, 0xce7
INT_VEC_RETIRED.MUL_256, 0x80e7
INT_VEC_RETIRED.SHUFFLES, 0x40e7
INT_VEC_RETIRED.VNNI_128, 0x10e7
INT_VEC_RETIRED.VNNI_256, 0x20e7
LD_BLOCKS.4K_ALIAS, 0x403
LD_BLOCKS.ADDRESS_ALIAS, 0x403
LD_BLOCKS.ADDRESS_ALIAS, 0x403
LD_BLOCKS.DATA_UNKNOWN, 0x103
LD_BLOCKS.NO_SR, 0x8803
LD_BLOCKS.STORE_FORWARD, 0x8203
LOAD_HIT_PREFETCH.SWPF, 0x14c
LSD.CYCLES_ACTIVE, 0x1a8
LSD.CYCLES_OK, 0x1a8
LSD.UOPS, 0x1a8
MACHINE_CLEARS.COUNT, 0x1c3
MACHINE_CLEARS.DISAMBIGUATION, 0x8c3
MACHINE_CLEARS.MRN_NUKE, 0x80c3
MACHINE_CLEARS.PAGE_FAULT, 0x20c3
MACHINE_CLEARS.SLOW, 0x6fc3
MACHINE_CLEARS.SMC, 0x1c3
MACHINE_CLEARS.SMC, 0x4c3
MISC2_RETIRED.LFENCE, 0x20e0
MISC_RETIRED.LBR_INSERTS, 0x1e4
MISC_RETIRED.LBR_INSERTS, 0x20cc
RESOURCE_STALLS.SB, 0x8a2
RESOURCE_STALLS.SCOREBOARD, 0x2a2
RS.EMPTY, 0x7a5
RS.EMPTY_COUNT, 0x7a5
RS.EMPTY_RESOURCE, 0x1a5
RS_EMPTY.COUNT, 0x7a5
RS_EMPTY.CYCLES, 0x7a5
SERIALIZATION.C01_MS_SCB, 0x475
SERIALIZATION.NON_C01_MS_SCB, 0x275
TOPDOWN.BACKEND_BOUND_SLOTS, 0x2a4
TOPDOWN.BAD_SPEC_SLOTS, 0x4a4
TOPDOWN.BR_MISPREDICT_SLOTS, 0x8a4
TOPDOWN.MEMORY_BOUND_SLOTS, 0x10a4
TOPDOWN.SLOTS_P, 0x1a4
TOPDOWN_BAD_SPECULATION.ALL, 0x73
TOPDOWN_BAD_SPECULATION.FASTNUKE, 0x273
TOPDOWN_BAD_SPECULATION.MACHINE_CLEARS, 0x373
TOPDOWN_BAD_SPECULATION.MISPREDICT, 0x473
TOPDOWN_BAD_SPECULATION.NUKE, 0x173
TOPDOWN_BE_BOUND.ALL, 0x74
TOPDOWN_BE_BOUND.ALLOC_RESTRICTIONS, 0x174
TOPDOWN_BE_BOUND.MEM_SCHEDULER, 0x274
TOPDOWN_BE_BOUND.NON_MEM_SCHEDULER, 0x874
TOPDOWN_BE_BOUND.REGISTER, 0x2074
TOPDOWN_BE_BOUND.REORDER_BUFFER, 0x4074
TOPDOWN_BE_BOUND.SERIALIZATION, 0x1074
TOPDOWN_FE_BOUND.ALL, 0x71
TOPDOWN_FE_BOUND.BRANCH_DETECT, 0x271
TOPDOWN_FE_BOUND.BRANCH_RESTEER, 0x4071
TOPDOWN_FE_BOUND.CISC, 0x171
TOPDOWN_FE_BOUND.DECODE, 0x871
TOPDOWN_FE_BOUND.FRONTEND_BANDWIDTH, 0x8d71
TOPDOWN_FE_BOUND.FRONTEND_LATENCY, 0x7271
TOPDOWN_FE_BOUND.ITLB, 0x1071
TOPDOWN_FE_BOUND.OTHER, 0x8071
TOPDOWN_FE_BOUND.PREDECODE, 0x471
TOPDOWN_RETIRING.ALL, 0xc2
UOPS_DECODED.DEC0_UOPS, 0x176
UOPS_DISPATCHED.PORT_0, 0x1b2
UOPS_DISPATCHED.PORT_1, 0x2b2
UOPS_DISPATCHED.PORT_2_3_10, 0x4b2
UOPS_DISPATCHED.PORT_4_9, 0x10b2
UOPS_DISPATCHED.PORT_5_11, 0x20b2
UOPS_DISPATCHED.PORT_6, 0x40b2
UOPS_DISPATCHED.PORT_7_8, 0x80b2
UOPS_EXECUTED.CORE_CYCLES_GE_1, 0x2b1
UOPS_EXECUTED.CORE_CYCLES_GE_2, 0x2b1
UOPS_EXECUTED.CORE_CYCLES_GE_3, 0x2b1
UOPS_EXECUTED.CORE_CYCLES_GE_4, 0x2b1
UOPS_EXECUTED.CYCLES_GE_1, 0x1b1
UOPS_EXECUTED.CYCLES_GE_2, 0x1b1
UOPS_EXECUTED.CYCLES_GE_3, 0x1b1
UOPS_EXECUTED.CYCLES_GE_4, 0x1b1
UOPS_EXECUTED.STALLS, 0x1b1
UOPS_EXECUTED.STALL_CYCLES, 0x1b1
UOPS_EXECUTED.THREAD, 0x1b1
UOPS_EXECUTED.X87, 0x10b1
UOPS_ISSUED.ANY, 0xe
UOPS_ISSUED.ANY, 0x1ae
UOPS_ISSUED.CYCLES, 0x1ae
UOPS_RETIRED.ALL, 0xc2
UOPS_RETIRED.CYCLES, 0x2c2
UOPS_RETIRED.HEAVY, 0x1c2
UOPS_RETIRED.IDIV, 0x10c2
UOPS_RETIRED.MS, 0x1c2
UOPS_RETIRED.MS, 0x4c2
UOPS_RETIRED.SLOTS, 0x2c2
UOPS_RETIRED.STALLS, 0x2c2
UOPS_RETIRED.STALL_CYCLES, 0x2c2
UOPS_RETIRED.X87, 0x2c2
L1D.HWPF_MISS, 0x2051
L1D.REPLACEMENT, 0x151
L1D_PEND_MISS.FB_FULL, 0x248
L1D_PEND_MISS.FB_FULL_PERIODS, 0x248
L1D_PEND_MISS.L2_STALL, 0x448
L1D_PEND_MISS.L2_STALLS, 0x448
L1D_PEND_MISS.PENDING, 0x148
L1D_PEND_MISS.PENDING_CYCLES, 0x148
L2_LINES_IN.ALL, 0x1f25
L2_LINES_OUT.NON_SILENT, 0x226
L2_LINES_OUT.SILENT, 0x126
L2_LINES_OUT.USELESS_HWPF, 0x426
L2_REQUEST.ALL, 0x24
L2_REQUEST.ALL, 0xff24
L2_REQUEST.HIT, 0x224
L2_REQUEST.MISS, 0x124
L2_REQUEST.MISS, 0x3f24
L2_RQSTS.ALL_CODE_RD, 0xe424
L2_RQSTS.ALL_DEMAND_DATA_RD, 0xe124
L2_RQSTS.ALL_DEMAND_MISS, 0x2724
L2_RQSTS.ALL_HWPF, 0xf024
L2_RQSTS.ALL_RFO, 0xe224
L2_RQSTS.CODE_RD_HIT, 0xc424
L2_RQSTS.CODE_RD_MISS, 0x2424
L2_RQSTS.DEMAND_DATA_RD_HIT, 0xc124
L2_RQSTS.DEMAND_DATA_RD_MISS, 0x2124
L2_RQSTS.HWPF_MISS, 0x3024
L2_RQSTS.MISS, 0x3f24
L2_RQSTS.REFERENCES, 0xff24
L2_RQSTS.RFO_HIT, 0xc224
L2_RQSTS.RFO_MISS, 0x2224
L2_RQSTS.SWPF_HIT, 0xc824
L2_RQSTS.SWPF_MISS, 0x2824
L2_TRANS.L2_WB, 0x4023
LONGEST_LAT_CACHE.MISS, 0x412e
LONGEST_LAT_CACHE.MISS, 0x412e
LONGEST_LAT_CACHE.REFERENCE, 0x4f2e
LONGEST_LAT_CACHE.REFERENCE, 0x4f2e
MEM_BOUND_STALLS.IFETCH, 0x3834
MEM_BOUND_STALLS.IFETCH_DRAM_HIT, 0x2034
MEM_BOUND_STALLS.IFETCH_L2_HIT, 0x834
MEM_BOUND_STALLS.IFETCH_LLC_HIT, 0x1034
MEM_BOUND_STALLS.LOAD, 0x734
MEM_BOUND_STALLS.LOAD_DRAM_HIT, 0x434
MEM_BOUND_STALLS.LOAD_L2_HIT, 0x134
MEM_BOUND_STALLS.LOAD_LLC_HIT, 0x234
MEM_INST_RETIRED.ALL_LOADS, 0x81d0
MEM_INST_RETIRED.ALL_STORES, 0x82d0
MEM_INST_RETIRED.ANY, 0x83d0
MEM_INST_RETIRED.LOCK_LOADS, 0x21d0
MEM_INST_RETIRED.SPLIT_LOADS, 0x41d0
MEM_INST_RETIRED.SPLIT_STORES, 0x42d0
MEM_INST_RETIRED.STLB_MISS_LOADS, 0x11d0
MEM_INST_RETIRED.STLB_MISS_STORES, 0x12d0
MEM_LOAD_COMPLETED.L1_MISS_ANY, 0xfd43
MEM_LOAD_L3_HIT_RETIRED.XSNP_FWD, 0x4d2
MEM_LOAD_L3_HIT_RETIRED.XSNP_HIT, 0x2d2
MEM_LOAD_L3_HIT_RETIRED.XSNP_HITM, 0x4d2
MEM_LOAD_L3_HIT_RETIRED.XSNP_MISS, 0x1d2
MEM_LOAD_L3_HIT_RETIRED.XSNP_NONE, 0x8d2
MEM_LOAD_L3_HIT_RETIRED.XSNP_NO_FWD, 0x2d2
MEM_LOAD_L3_MISS_RETIRED.LOCAL_DRAM, 0x1d3
MEM_LOAD_MISC_RETIRED.UC, 0x4d4
MEM_LOAD_RETIRED.FB_HIT, 0x40d1
MEM_LOAD_RETIRED.L1_HIT, 0x1d1
MEM_LOAD_RETIRED.L1_MISS, 0x8d1
MEM_LOAD_RETIRED.L2_HIT, 0x2d1
MEM_LOAD_RETIRED.L2_MISS, 0x10d1
MEM_LOAD_RETIRED.L3_HIT, 0x4d1
MEM_LOAD_RETIRED.L3_MISS, 0x20d1
MEM_LOAD_UOPS_RETIRED.DRAM_HIT, 0x80d1
MEM_LOAD_UOPS_RETIRED.HITM, 0x20d1
MEM_LOAD_UOPS_RETIRED.L1_HIT, 0x1d1
MEM_LOAD_UOPS_RETIRED.L1_MISS, 0x8d1
MEM_LOAD_UOPS_RETIRED.L2_HIT, 0x2d1
MEM_LOAD_UOPS_RETIRED.L2_MISS, 0x10d1
MEM_LOAD_UOPS_RETIRED.L3_HIT, 0x4d1
MEM_LOAD_UOPS_RETIRED_MISC.HIT_E_F, 0x40d2
MEM_LOAD_UOPS_RETIRED_MISC.L3_MISS, 0x20d2
MEM_SCHEDULER_BLOCK.ALL, 0x704
MEM_SCHEDULER_BLOCK.LD_BUF, 0x204
MEM_SCHEDULER_BLOCK.RSV, 0x404
MEM_SCHEDULER_BLOCK.ST_BUF, 0x104
MEM_STORE_RETIRED.L2_HIT, 0x144
MEM_UOPS_RETIRED.ALL_LOADS, 0x81d0
MEM_UOPS_RETIRED.ALL_STORES, 0x82d0
MEM_UOPS_RETIRED.LOAD_LATENCY_GT_128, 0x5d0
MEM_UOPS_RETIRED.LOAD_LATENCY_GT_16, 0x5d0
MEM_UOPS_RETIRED.LOAD_LATENCY_GT_256, 0x5d0
MEM_UOPS_RETIRED.LOAD_LATENCY_GT_32, 0x5d0
MEM_UOPS_RETIRED.LOAD_LATENCY_GT_4, 0x5d0
MEM_UOPS_RETIRED.LOAD_LATENCY_GT_512, 0x5d0
MEM_UOPS_RETIRED.LOAD_LATENCY_GT_64, 0x5d0
MEM_UOPS_RETIRED.LOAD_LATENCY_GT_8, 0x5d0
MEM_UOPS_RETIRED.LOCK_LOADS, 0x21d0
MEM_UOPS_RETIRED.SPLIT_LOADS, 0x41d0
MEM_UOPS_RETIRED.STLB_MISS, 0x13d0
MEM_UOPS_RETIRED.STLB_MISS_LOADS, 0x11d0
MEM_UOPS_RETIRED.STLB_MISS_STORES, 0x12d0
MEM_UOPS_RETIRED.STORE_LATENCY, 0x6d0
MEM_UOP_RETIRED.ANY, 0x3e5
OCR.COREWB_M.ANY_RESPONSE, 0x1b7
OCR.DEMAND_CODE_RD.ANY_RESPONSE, 0x1b7
OCR.DEMAND_CODE_RD.L3_HIT, 0x1b7
OCR.DEMAND_CODE_RD.L3_HIT.SNOOP_HITM, 0x1b7
OCR.DEMAND_CODE_RD.L3_HIT.SNOOP_HIT_NO_FWD, 0x1b7
OCR.DEMAND_CODE_RD.L3_HIT.SNOOP_HIT_WITH_FWD, 0x1b7
OCR.DEMAND_DATA_RD.ANY_RESPONSE, 0x1b7
OCR.DEMAND_DATA_RD.L3_HIT, 0x1b7
OCR.DEMAND_DATA_RD.L3_HIT.SNOOP_HITM, 0x1b7
OCR.DEMAND_DATA_RD.L3_HIT.SNOOP_HIT_NO_FWD, 0x1b7
OCR.DEMAND_DATA_RD.L3_HIT.SNOOP_HIT_WITH_FWD, 0x1b7
OCR.DEMAND_RFO.ANY_RESPONSE, 0x1b7
OCR.DEMAND_RFO.L3_HIT, 0x1b7
OCR.DEMAND_RFO.L3_HIT.SNOOP_HITM, 0x1b7
OCR.DEMAND_RFO.L3_HIT.SNOOP_HIT_NO_FWD, 0x1b7
OCR.DEMAND_RFO.L3_HIT.SNOOP_HIT_WITH_FWD, 0x1b7
OCR.SWPF_RD.ANY_RESPONSE, 0x1b7
OCR.SWPF_RD.L3_HIT, 0x1b7
OCR.SWPF_RD.L3_HIT.SNOOP_HITM, 0x1b7
OCR.SWPF_RD.L3_HIT.SNOOP_HIT_NO_FWD, 0x1b7
OCR.SWPF_RD.L3_HIT.SNOOP_HIT_WITH_FWD, 0x1b7
OFFCORE_REQUESTS.ALL_REQUESTS, 0x8021
OFFCORE_REQUESTS.DATA_RD, 0x821
OFFCORE_REQUESTS.DEMAND_CODE_RD, 0x221
OFFCORE_REQUESTS.DEMAND_DATA_RD, 0x121
OFFCORE_REQUESTS.DEMAND_RFO, 0x421
OFFCORE_REQUESTS_OUTSTANDING.ALL_DATA_RD, 0x820
OFFCORE_REQUESTS_OUTSTANDING.CYCLES_WITH_DATA_RD, 0x820
OFFCORE_REQUESTS_OUTSTANDING.CYCLES_WITH_DEMAND_CODE_RD, 0x220
OFFCORE_REQUESTS_OUTSTANDING.CYCLES_WITH_DEMAND_DATA_RD, 0x120
OFFCORE_REQUESTS_OUTSTANDING.CYCLES_WITH_DEMAND_RFO, 0x420
OFFCORE_REQUESTS_OUTSTANDING.DATA_RD, 0x820
OFFCORE_REQUESTS_OUTSTANDING.DEMAND_CODE_RD, 0x220
OFFCORE_REQUESTS_OUTSTANDING.DEMAND_DATA_RD, 0x120
SQ_MISC.BUS_LOCK, 0x102c
SW_PREFETCH_ACCESS.ANY, 0xf40
SW_PREFETCH_ACCESS.NTA, 0x140
SW_PREFETCH_ACCESS.PREFETCHW, 0x840
SW_PREFETCH_ACCESS.T0, 0x240
SW_PREFETCH_ACCESS.T1_T2, 0x440
TOPDOWN_FE_BOUND.ICACHE, 0x2071
UNC_MC0_RDCAS_COUNT_FREERUN, 0x20ff
UNC_MC0_WRCAS_COUNT_FREERUN, 0x30ff
UNC_MC1_RDCAS_COUNT_FREERUN, 0x20ff
UNC_MC1_WRCAS_COUNT_FREERUN, 0x30ff
UNC_M_ACT_COUNT_RD, 0x24
UNC_M_ACT_COUNT_TOTAL, 0x26
UNC_M_ACT_COUNT_WR, 0x25
UNC_M_CAS_COUNT_RD, 0x22
UNC_M_CAS_COUNT_WR, 0x23
UNC_M_CLOCKTICKS, 0x1
UNC_M_DRAM_PAGE_EMPTY_RD, 0x1d
UNC_M_DRAM_PAGE_EMPTY_WR, 0x20
UNC_M_DRAM_PAGE_HIT_RD, 0x1c
UNC_M_DRAM_PAGE_HIT_WR, 0x1f
UNC_M_DRAM_PAGE_MISS_RD, 0x1e
UNC_M_DRAM_PAGE_MISS_WR, 0x21
UNC_M_DRAM_THERMAL_HOT, 0x19
UNC_M_DRAM_THERMAL_WARM, 0x1a
UNC_M_PREFETCH_RD, 0xa
UNC_M_PRE_COUNT_IDLE, 0x28
UNC_M_PRE_COUNT_PAGE_MISS, 0x27
UNC_M_VC0_REQUESTS_RD, 0x2
UNC_M_VC0_REQUESTS_WR, 0x3
UNC_M_VC1_REQUESTS_RD, 0x4
UNC_M_VC1_REQUESTS_WR, 0x5
