hle_retired.aborted, 0x4c8
hle_retired.aborted_misc1, 0x8c8
hle_retired.aborted_misc2, 0x10c8
hle_retired.aborted_misc3, 0x20c8
hle_retired.aborted_misc4, 0x40c8
hle_retired.aborted_misc5, 0x80c8
hle_retired.commit, 0x2c8
hle_retired.start, 0x1c8
machine_clears.memory_ordering, 0x2c3
mem_trans_retired.load_latency_gt_128, 0x1cd, 0x80
mem_trans_retired.load_latency_gt_16, 0x1cd, 0x10
mem_trans_retired.load_latency_gt_256, 0x1cd, 0x100
mem_trans_retired.load_latency_gt_32, 0x1cd, 0x20
mem_trans_retired.load_latency_gt_4, 0x1cd, 0x4
mem_trans_retired.load_latency_gt_512, 0x1cd, 0x200
mem_trans_retired.load_latency_gt_64, 0x1cd, 0x40
mem_trans_retired.load_latency_gt_8, 0x1cd, 0x8
misalign_mem_ref.loads, 0x105
misalign_mem_ref.stores, 0x205
offcore_response.all_code_rd.llc_miss.any_response_0, 0x1b7, 0x3fbfc00244
offcore_response.all_code_rd.llc_miss.any_response_1, 0x1bb, 0x3fbfc00244
offcore_response.all_code_rd.llc_miss.local_dram_0, 0x1b7, 0x604000244
offcore_response.all_code_rd.llc_miss.local_dram_1, 0x1bb, 0x604000244
offcore_response.all_data_rd.llc_miss.any_response_0, 0x1b7, 0x3fbfc00091
offcore_response.all_data_rd.llc_miss.any_response_1, 0x1bb, 0x3fbfc00091
offcore_response.all_data_rd.llc_miss.local_dram_0, 0x1b7, 0x604000091
offcore_response.all_data_rd.llc_miss.local_dram_1, 0x1bb, 0x604000091
offcore_response.all_data_rd.llc_miss.remote_dram_0, 0x1b7, 0x63bc00091
offcore_response.all_data_rd.llc_miss.remote_dram_1, 0x1bb, 0x63bc00091
offcore_response.all_data_rd.llc_miss.remote_hitm_0, 0x1b7, 0x103fc00091
offcore_response.all_data_rd.llc_miss.remote_hitm_1, 0x1bb, 0x103fc00091
offcore_response.all_data_rd.llc_miss.remote_hit_forward_0, 0x1b7, 0x87fc00091
offcore_response.all_data_rd.llc_miss.remote_hit_forward_1, 0x1bb, 0x87fc00091
offcore_response.all_reads.llc_miss.any_response_0, 0x1b7, 0x3fbfc007f7
offcore_response.all_reads.llc_miss.any_response_1, 0x1bb, 0x3fbfc007f7
offcore_response.all_reads.llc_miss.local_dram_0, 0x1b7, 0x6040007f7
offcore_response.all_reads.llc_miss.local_dram_1, 0x1bb, 0x6040007f7
offcore_response.all_reads.llc_miss.remote_dram_0, 0x1b7, 0x63bc007f7
offcore_response.all_reads.llc_miss.remote_dram_1, 0x1bb, 0x63bc007f7
offcore_response.all_reads.llc_miss.remote_hitm_0, 0x1b7, 0x103fc007f7
offcore_response.all_reads.llc_miss.remote_hitm_1, 0x1bb, 0x103fc007f7
offcore_response.all_reads.llc_miss.remote_hit_forward_0, 0x1b7, 0x87fc007f7
offcore_response.all_reads.llc_miss.remote_hit_forward_1, 0x1bb, 0x87fc007f7
offcore_response.all_requests.llc_miss.any_response_0, 0x1b7, 0x3fbfc08fff
offcore_response.all_requests.llc_miss.any_response_1, 0x1bb, 0x3fbfc08fff
offcore_response.all_rfo.llc_miss.any_response_0, 0x1b7, 0x3fbfc00122
offcore_response.all_rfo.llc_miss.any_response_1, 0x1bb, 0x3fbfc00122
offcore_response.all_rfo.llc_miss.local_dram_0, 0x1b7, 0x604000122
offcore_response.all_rfo.llc_miss.local_dram_1, 0x1bb, 0x604000122
offcore_response.demand_rfo.llc_miss.any_response_0, 0x1b7, 0x3fbfc00002
offcore_response.demand_rfo.llc_miss.any_response_1, 0x1bb, 0x3fbfc00002
offcore_response.demand_rfo.llc_miss.remote_hitm_0, 0x1b7, 0x103fc00002
offcore_response.demand_rfo.llc_miss.remote_hitm_1, 0x1bb, 0x103fc00002
offcore_response.pf_llc_code_rd.llc_miss.any_response_0, 0x1b7, 0x3fbfc00200
offcore_response.pf_llc_code_rd.llc_miss.any_response_1, 0x1bb, 0x3fbfc00200
offcore_response.pf_llc_rfo.llc_miss.any_response_0, 0x1b7, 0x3fbfc00100
offcore_response.pf_llc_rfo.llc_miss.any_response_1, 0x1bb, 0x3fbfc00100
rtm_retired.aborted, 0x4c9
rtm_retired.aborted_misc1, 0x8c9
rtm_retired.aborted_misc2, 0x10c9
rtm_retired.aborted_misc3, 0x20c9
rtm_retired.aborted_misc4, 0x40c9
rtm_retired.aborted_misc5, 0x80c9
rtm_retired.commit, 0x2c9
rtm_retired.start, 0x1c9
tx_exec.misc1, 0x15d
tx_exec.misc2, 0x25d
tx_exec.misc3, 0x45d
tx_exec.misc4, 0x85d
tx_exec.misc5, 0x105d
tx_mem.abort_capacity_write, 0x254
tx_mem.abort_conflict, 0x154
tx_mem.abort_hle_elision_buffer_mismatch, 0x1054
tx_mem.abort_hle_elision_buffer_not_empty, 0x854
tx_mem.abort_hle_elision_buffer_unsupported_alignment, 0x2054
tx_mem.abort_hle_store_to_elided_lock, 0x454
tx_mem.hle_elision_buffer_full, 0x4054
dtlb_load_misses.miss_causes_a_walk, 0x108
dtlb_load_misses.stlb_hit, 0x6008
dtlb_load_misses.stlb_hit_2m, 0x4008
dtlb_load_misses.stlb_hit_4k, 0x2008
dtlb_load_misses.walk_completed, 0xe08
dtlb_load_misses.walk_completed_1g, 0x808
dtlb_load_misses.walk_completed_2m_4m, 0x408
dtlb_load_misses.walk_completed_4k, 0x208
dtlb_load_misses.walk_duration, 0x1008
dtlb_store_misses.miss_causes_a_walk, 0x149
dtlb_store_misses.stlb_hit, 0x6049
dtlb_store_misses.stlb_hit_2m, 0x4049
dtlb_store_misses.stlb_hit_4k, 0x2049
dtlb_store_misses.walk_completed, 0xe49
dtlb_store_misses.walk_completed_1g, 0x849
dtlb_store_misses.walk_completed_2m_4m, 0x449
dtlb_store_misses.walk_completed_4k, 0x249
dtlb_store_misses.walk_duration, 0x1049
ept.walk_cycles, 0x104f
itlb.itlb_flush, 0x1ae
itlb_misses.miss_causes_a_walk, 0x185
itlb_misses.stlb_hit, 0x6085
itlb_misses.stlb_hit_2m, 0x4085
itlb_misses.stlb_hit_4k, 0x2085
itlb_misses.walk_completed, 0xe85
itlb_misses.walk_completed_1g, 0x885
itlb_misses.walk_completed_2m_4m, 0x485
itlb_misses.walk_completed_4k, 0x285
itlb_misses.walk_duration, 0x1085
page_walker_loads.dtlb_l1, 0x11bc
page_walker_loads.dtlb_l2, 0x12bc
page_walker_loads.dtlb_l3, 0x14bc
page_walker_loads.dtlb_memory, 0x18bc
page_walker_loads.itlb_l1, 0x21bc
page_walker_loads.itlb_l2, 0x22bc
page_walker_loads.itlb_l3, 0x24bc
tlb_flush.dtlb_thread, 0x1bd
tlb_flush.stlb_any, 0x20bd
fp_arith_inst_retired.128b_packed_double, 0x4c7
fp_arith_inst_retired.128b_packed_single, 0x8c7
fp_arith_inst_retired.256b_packed_double, 0x10c7
fp_arith_inst_retired.256b_packed_single, 0x20c7
fp_arith_inst_retired.4_flops, 0x18c7
fp_arith_inst_retired.double, 0x15c7
fp_arith_inst_retired.packed, 0x3cc7
fp_arith_inst_retired.scalar, 0x3c7
fp_arith_inst_retired.scalar_double, 0x1c7
fp_arith_inst_retired.scalar_single, 0x2c7
fp_arith_inst_retired.single, 0x2ac7
fp_arith_inst_retired.vector, 0xfcc7
fp_assist.any, 0x1eca
fp_assist.simd_input, 0x10ca
fp_assist.simd_output, 0x8ca
fp_assist.x87_input, 0x4ca
fp_assist.x87_output, 0x2ca
move_elimination.simd_eliminated, 0x258
move_elimination.simd_not_eliminated, 0x858
other_assists.avx_to_sse, 0x8c1
other_assists.sse_to_avx, 0x10c1
uop_dispatches_cancelled.simd_prf, 0x3a0
unc_p_core0_transition_cycles, 0x60
unc_p_core10_transition_cycles, 0x6a
unc_p_core11_transition_cycles, 0x6b
unc_p_core12_transition_cycles, 0x6c
unc_p_core13_transition_cycles, 0x6d
unc_p_core14_transition_cycles, 0x6e
unc_p_core15_transition_cycles, 0x6f
unc_p_core16_transition_cycles, 0x70
unc_p_core17_transition_cycles, 0x71
unc_p_core1_transition_cycles, 0x61
unc_p_core2_transition_cycles, 0x62
unc_p_core3_transition_cycles, 0x63
unc_p_core4_transition_cycles, 0x64
unc_p_core5_transition_cycles, 0x65
unc_p_core6_transition_cycles, 0x66
unc_p_core7_transition_cycles, 0x67
unc_p_core8_transition_cycles, 0x68
unc_p_core9_transition_cycles, 0x69
unc_p_demotions_core0, 0x30
unc_p_demotions_core1, 0x31
unc_p_demotions_core10, 0x3a
unc_p_demotions_core11, 0x3b
unc_p_demotions_core12, 0x3c
unc_p_demotions_core13, 0x3d
unc_p_demotions_core14, 0x3e
unc_p_demotions_core15, 0x3f
unc_p_demotions_core16, 0x40
unc_p_demotions_core17, 0x41
unc_p_demotions_core2, 0x32
unc_p_demotions_core3, 0x33
unc_p_demotions_core4, 0x34
unc_p_demotions_core5, 0x35
unc_p_demotions_core6, 0x36
unc_p_demotions_core7, 0x37
unc_p_demotions_core8, 0x38
unc_p_demotions_core9, 0x39
unc_p_freq_max_limit_thermal_cycles, 0x4
unc_p_freq_max_os_cycles, 0x6
unc_p_freq_max_power_cycles, 0x5
unc_p_freq_min_io_p_cycles, 0x73
unc_p_freq_trans_cycles, 0x74
unc_p_memory_phase_shedding_cycles, 0x2f
unc_p_pkg_residency_c0_cycles, 0x2a
unc_p_pkg_residency_c1e_cycles, 0x4e
unc_p_pkg_residency_c2e_cycles, 0x2b
unc_p_pkg_residency_c3_cycles, 0x2c
unc_p_pkg_residency_c6_cycles, 0x2d
unc_p_pkg_residency_c7_cycles, 0x2e
unc_p_power_state_occupancy.cores_c0, 0x80
unc_p_power_state_occupancy.cores_c3, 0x80
unc_p_power_state_occupancy.cores_c6, 0x80
unc_p_prochot_external_cycles, 0xa
unc_p_prochot_internal_cycles, 0x9
unc_p_total_transition_cycles, 0x72
unc_p_ufs_transitions_ring_gv, 0x79
unc_p_vr_hot_cycles, 0x42
llc_misses.code_llc_prefetch, 0x335
llc_misses.data_llc_prefetch, 0x335
llc_misses.data_read, 0x335
llc_misses.mmio_read, 0x335
llc_misses.mmio_write, 0x335
llc_misses.pcie_non_snoop_write, 0x335
llc_misses.pcie_read, 0x335
llc_misses.pcie_write, 0x335
llc_misses.rfo_llc_prefetch, 0x335
llc_misses.uncacheable, 0x335
llc_references.code_llc_prefetch, 0x135
llc_references.pcie_ns_partial_write, 0x135
llc_references.pcie_read, 0x135
llc_references.pcie_write, 0x135
llc_references.streaming_full, 0x135
llc_references.streaming_partial, 0x135
unc_c_bounce_control, 0xa
unc_c_counter0_occupancy, 0x1f
unc_c_fast_asserted, 0x9
unc_c_llc_lookup.any, 0x1134
unc_c_llc_lookup.data_read, 0x334
unc_c_llc_lookup.nid, 0x4134
unc_c_llc_lookup.read, 0x2134
unc_c_llc_lookup.remote_snoop, 0x934
unc_c_llc_lookup.write, 0x534
unc_c_llc_victims.e_state, 0x237
unc_c_llc_victims.f_state, 0x837
unc_c_llc_victims.i_state, 0x437
unc_c_llc_victims.miss, 0x1037
unc_c_llc_victims.m_state, 0x137
unc_c_llc_victims.nid, 0x4037
unc_c_misc.cvzero_prefetch_miss, 0x2039
unc_c_misc.cvzero_prefetch_victim, 0x1039
unc_c_misc.rfo_hit_s, 0x839
unc_c_misc.rspi_was_fse, 0x139
unc_c_misc.started, 0x439
unc_c_misc.wc_aliasing, 0x239
unc_c_qlru.age0, 0x13c
unc_c_qlru.age1, 0x23c
unc_c_qlru.age2, 0x43c
unc_c_qlru.age3, 0x83c
unc_c_qlru.lru_decrement, 0x103c
unc_c_qlru.victim_non_zero, 0x203c
unc_c_ring_ad_used.all, 0xf1b
unc_c_ring_ad_used.down, 0xc1b
unc_c_ring_ad_used.down_even, 0x41b
unc_c_ring_ad_used.down_odd, 0x81b
unc_c_ring_ad_used.up, 0x31b
unc_c_ring_ad_used.up_even, 0x11b
unc_c_ring_ad_used.up_odd, 0x21b
unc_c_ring_ak_used.all, 0xf1c
unc_c_ring_ak_used.down, 0xc1c
unc_c_ring_ak_used.down_even, 0x41c
unc_c_ring_ak_used.down_odd, 0x81c
unc_c_ring_ak_used.up, 0x31c
unc_c_ring_ak_used.up_even, 0x11c
unc_c_ring_ak_used.up_odd, 0x21c
unc_c_ring_bl_used.all, 0xf1d
unc_c_ring_bl_used.down, 0xc1d
unc_c_ring_bl_used.down_even, 0x41d
unc_c_ring_bl_used.down_odd, 0x81d
unc_c_ring_bl_used.up, 0x31d
unc_c_ring_bl_used.up_even, 0x11d
unc_c_ring_bl_used.up_odd, 0x21d
unc_c_ring_bounces.ad, 0x105
unc_c_ring_bounces.ak, 0x205
unc_c_ring_bounces.bl, 0x405
unc_c_ring_bounces.iv, 0x1005
unc_c_ring_iv_used.any, 0xf1e
unc_c_ring_iv_used.dn, 0xc1e
unc_c_ring_iv_used.down, 0xcc1e
unc_c_ring_iv_used.up, 0x31e
unc_c_ring_sink_starved.ad, 0x106
unc_c_ring_sink_starved.ak, 0x206
unc_c_ring_sink_starved.bl, 0x406
unc_c_ring_sink_starved.iv, 0x806
unc_c_ring_src_thrtl, 0x7
unc_c_rxr_ext_starved.ipq, 0x212
unc_c_rxr_ext_starved.irq, 0x112
unc_c_rxr_ext_starved.ismq_bids, 0x812
unc_c_rxr_ext_starved.prq, 0x412
unc_c_rxr_inserts.ipq, 0x413
unc_c_rxr_inserts.irq, 0x113
unc_c_rxr_inserts.irq_rej, 0x213
unc_c_rxr_inserts.prq, 0x1013
unc_c_rxr_inserts.prq_rej, 0x2013
unc_c_rxr_int_starved.ipq, 0x414
unc_c_rxr_int_starved.irq, 0x114
unc_c_rxr_int_starved.ismq, 0x814
unc_c_rxr_int_starved.prq, 0x1014
unc_c_rxr_ipq_retry.addr_conflict, 0x431
unc_c_rxr_ipq_retry.any, 0x131
unc_c_rxr_ipq_retry.full, 0x231
unc_c_rxr_ipq_retry.qpi_credits, 0x1031
unc_c_rxr_ipq_retry2.ad_sbo, 0x128
unc_c_rxr_ipq_retry2.target, 0x4028
unc_c_rxr_irq_retry.addr_conflict, 0x432
unc_c_rxr_irq_retry.any, 0x132
unc_c_rxr_irq_retry.full, 0x232
unc_c_rxr_irq_retry.iio_credits, 0x2032
unc_c_rxr_irq_retry.nid, 0x4032
unc_c_rxr_irq_retry.qpi_credits, 0x1032
unc_c_rxr_irq_retry.rtid, 0x832
unc_c_rxr_irq_retry2.ad_sbo, 0x129
unc_c_rxr_irq_retry2.bl_sbo, 0x229
unc_c_rxr_irq_retry2.target, 0x4029
unc_c_rxr_ismq_retry.any, 0x133
unc_c_rxr_ismq_retry.full, 0x233
unc_c_rxr_ismq_retry.iio_credits, 0x2033
unc_c_rxr_ismq_retry.nid, 0x4033
unc_c_rxr_ismq_retry.qpi_credits, 0x1033
unc_c_rxr_ismq_retry.rtid, 0x833
unc_c_rxr_ismq_retry.wb_credits, 0x8033
unc_c_rxr_ismq_retry2.ad_sbo, 0x12a
unc_c_rxr_ismq_retry2.bl_sbo, 0x22a
unc_c_rxr_ismq_retry2.target, 0x402a
unc_c_rxr_occupancy.ipq, 0x411
unc_c_rxr_occupancy.irq, 0x111
unc_c_rxr_occupancy.irq_rej, 0x211
unc_c_rxr_occupancy.prq_rej, 0x2011
unc_c_sbo_credits_acquired.ad, 0x13d
unc_c_sbo_credits_acquired.bl, 0x23d
unc_c_sbo_credit_occupancy.ad, 0x13e
unc_c_sbo_credit_occupancy.bl, 0x23e
unc_c_tor_inserts.all, 0x835
unc_c_tor_inserts.eviction, 0x435
unc_c_tor_inserts.local, 0x2835
unc_c_tor_inserts.local_opcode, 0x2135
unc_c_tor_inserts.miss_local, 0x2a35
unc_c_tor_inserts.miss_local_opcode, 0x2335
unc_c_tor_inserts.miss_opcode, 0x335
unc_c_tor_inserts.miss_remote, 0x8a35
unc_c_tor_inserts.miss_remote_opcode, 0x8335
unc_c_tor_inserts.nid_all, 0x4835
unc_c_tor_inserts.nid_eviction, 0x4435
unc_c_tor_inserts.nid_miss_all, 0x4a35
unc_c_tor_inserts.nid_miss_opcode, 0x4335
unc_c_tor_inserts.nid_opcode, 0x4135
unc_c_tor_inserts.nid_wb, 0x5035
unc_c_tor_inserts.opcode, 0x135
unc_c_tor_inserts.remote, 0x8835
unc_c_tor_inserts.remote_opcode, 0x8135
unc_c_tor_inserts.wb, 0x1035
unc_c_tor_occupancy.all, 0x836
unc_c_tor_occupancy.eviction, 0x436
unc_c_tor_occupancy.llc_data_read, 0x336
unc_c_tor_occupancy.local, 0x2836
unc_c_tor_occupancy.local_opcode, 0x2136
unc_c_tor_occupancy.miss_all, 0xa36
unc_c_tor_occupancy.miss_local, 0x2a36
unc_c_tor_occupancy.miss_local_opcode, 0x2336
unc_c_tor_occupancy.miss_opcode, 0x336
unc_c_tor_occupancy.miss_remote, 0x8a36
unc_c_tor_occupancy.miss_remote_opcode, 0x8336
unc_c_tor_occupancy.nid_all, 0x4836
unc_c_tor_occupancy.nid_eviction, 0x4436
unc_c_tor_occupancy.nid_miss_all, 0x4a36
unc_c_tor_occupancy.nid_miss_opcode, 0x4336
unc_c_tor_occupancy.nid_opcode, 0x4136
unc_c_tor_occupancy.nid_wb, 0x5036
unc_c_tor_occupancy.opcode, 0x136
unc_c_tor_occupancy.remote, 0x8836
unc_c_tor_occupancy.remote_opcode, 0x8136
unc_c_tor_occupancy.wb, 0x1036
unc_c_txr_ads_used.ad, 0x104
unc_c_txr_ads_used.ak, 0x204
unc_c_txr_ads_used.bl, 0x404
unc_c_txr_inserts.ad_cache, 0x102
unc_c_txr_inserts.ad_core, 0x1002
unc_c_txr_inserts.ak_cache, 0x202
unc_c_txr_inserts.ak_core, 0x2002
unc_c_txr_inserts.bl_cache, 0x402
unc_c_txr_inserts.bl_core, 0x4002
unc_c_txr_inserts.iv_cache, 0x802
unc_c_txr_starved.ad_core, 0x1003
unc_c_txr_starved.ak_both, 0x203
unc_c_txr_starved.bl_both, 0x403
unc_c_txr_starved.iv, 0x803
unc_h_bt_cycles_ne, 0x42
unc_h_bt_to_ht_not_issued.incoming_bl_hazard, 0x451
unc_h_bt_to_ht_not_issued.incoming_snp_hazard, 0x251
unc_h_bt_to_ht_not_issued.rspackcflt_hazard, 0x851
unc_h_bt_to_ht_not_issued.wbmdata_hazard, 0x1051
unc_h_bypass_imc.not_taken, 0x214
unc_h_bypass_imc.taken, 0x114
unc_h_direct2core_count, 0x11
unc_h_direct2core_cycles_disabled, 0x12
unc_h_direct2core_txn_override, 0x13
unc_h_directory_lat_opt, 0x41
unc_h_directory_lookup.no_snp, 0x20c
unc_h_directory_lookup.snp, 0x10c
unc_h_directory_update.any, 0x30d
unc_h_directory_update.clear, 0x20d
unc_h_directory_update.set, 0x10d
unc_h_hitme_hit.ackcnfltwbi, 0x471
unc_h_hitme_hit.all, 0xff71
unc_h_hitme_hit.allocs, 0x7071
unc_h_hitme_hit.evicts, 0x4271
unc_h_hitme_hit.hom, 0xf71
unc_h_hitme_hit.invals, 0x2671
unc_h_hitme_hit.read_or_invitoe, 0x171
unc_h_hitme_hit.rsp, 0x8071
unc_h_hitme_hit.rspfwdi_local, 0x2071
unc_h_hitme_hit.rspfwdi_remote, 0x1071
unc_h_hitme_hit.rspfwds, 0x4071
unc_h_hitme_hit.wbmtoe_or_s, 0x871
unc_h_hitme_hit.wbmtoi, 0x271
unc_h_hitme_hit_pv_bits_set.ackcnfltwbi, 0x472
unc_h_hitme_hit_pv_bits_set.all, 0xff72
unc_h_hitme_hit_pv_bits_set.hom, 0xf72
unc_h_hitme_hit_pv_bits_set.read_or_invitoe, 0x172
unc_h_hitme_hit_pv_bits_set.rsp, 0x8072
unc_h_hitme_hit_pv_bits_set.rspfwdi_local, 0x2072
unc_h_hitme_hit_pv_bits_set.rspfwdi_remote, 0x1072
unc_h_hitme_hit_pv_bits_set.rspfwds, 0x4072
unc_h_hitme_hit_pv_bits_set.wbmtoe_or_s, 0x872
unc_h_hitme_hit_pv_bits_set.wbmtoi, 0x272
unc_h_hitme_lookup.ackcnfltwbi, 0x470
unc_h_hitme_lookup.all, 0xff70
unc_h_hitme_lookup.allocs, 0x7070
unc_h_hitme_lookup.hom, 0xf70
unc_h_hitme_lookup.invals, 0x2670
unc_h_hitme_lookup.read_or_invitoe, 0x170
unc_h_hitme_lookup.rsp, 0x8070
unc_h_hitme_lookup.rspfwdi_local, 0x2070
unc_h_hitme_lookup.rspfwdi_remote, 0x1070
unc_h_hitme_lookup.rspfwds, 0x4070
unc_h_hitme_lookup.wbmtoe_or_s, 0x870
unc_h_hitme_lookup.wbmtoi, 0x270
unc_h_igr_no_credit_cycles.ad_qpi0, 0x122
unc_h_igr_no_credit_cycles.ad_qpi1, 0x222
unc_h_igr_no_credit_cycles.ad_qpi2, 0x1022
unc_h_igr_no_credit_cycles.bl_qpi0, 0x422
unc_h_igr_no_credit_cycles.bl_qpi1, 0x822
unc_h_igr_no_credit_cycles.bl_qpi2, 0x2022
unc_h_imc_reads.normal, 0x117
unc_h_imc_retry, 0x1e
unc_h_imc_writes.all, 0xf1a
unc_h_imc_writes.full, 0x11a
unc_h_imc_writes.full_isoch, 0x41a
unc_h_imc_writes.partial, 0x21a
unc_h_imc_writes.partial_isoch, 0x81a
unc_h_iot_backpressure.hub, 0x261
unc_h_iot_backpressure.sat, 0x161
unc_h_iot_cts_east_lo.cts0, 0x164
unc_h_iot_cts_east_lo.cts1, 0x264
unc_h_iot_cts_hi.cts2, 0x165
unc_h_iot_cts_hi.cts3, 0x265
unc_h_iot_cts_west_lo.cts0, 0x162
unc_h_iot_cts_west_lo.cts1, 0x262
unc_h_osb.cancelled, 0x1053
unc_h_osb.invitoe_local, 0x453
unc_h_osb.reads_local, 0x253
unc_h_osb.reads_local_useful, 0x2053
unc_h_osb.remote, 0x853
unc_h_osb.remote_useful, 0x4053
unc_h_osb_edr.all, 0x154
unc_h_osb_edr.reads_local_i, 0x254
unc_h_osb_edr.reads_local_s, 0x854
unc_h_osb_edr.reads_remote_i, 0x454
unc_h_osb_edr.reads_remote_s, 0x1054
unc_h_requests.invitoe_local, 0x1001
unc_h_requests.invitoe_remote, 0x2001
unc_h_requests.reads, 0x301
unc_h_requests.reads_local, 0x101
unc_h_requests.reads_remote, 0x201
unc_h_requests.writes, 0xc01
unc_h_requests.writes_local, 0x401
unc_h_requests.writes_remote, 0x801
unc_h_ring_ad_used.ccw, 0xc3e
unc_h_ring_ad_used.ccw_even, 0x43e
unc_h_ring_ad_used.ccw_odd, 0x83e
unc_h_ring_ad_used.cw, 0x33e
unc_h_ring_ad_used.cw_even, 0x13e
unc_h_ring_ad_used.cw_odd, 0x23e
unc_h_ring_ak_used.all, 0xf3f
unc_h_ring_ak_used.ccw, 0xc3f
unc_h_ring_ak_used.ccw_even, 0x43f
unc_h_ring_ak_used.ccw_odd, 0x83f
unc_h_ring_ak_used.cw, 0x33f
unc_h_ring_ak_used.cw_even, 0x13f
unc_h_ring_ak_used.cw_odd, 0x23f
unc_h_ring_bl_used.all, 0xf40
unc_h_ring_bl_used.ccw, 0xc40
unc_h_ring_bl_used.ccw_even, 0x440
unc_h_ring_bl_used.ccw_odd, 0x840
unc_h_ring_bl_used.cw, 0x340
unc_h_ring_bl_used.cw_even, 0x140
unc_h_ring_bl_used.cw_odd, 0x240
unc_h_rpq_cycles_no_reg_credits.chn0, 0x115
unc_h_rpq_cycles_no_reg_credits.chn1, 0x215
unc_h_rpq_cycles_no_reg_credits.chn2, 0x415
unc_h_rpq_cycles_no_reg_credits.chn3, 0x815
unc_h_rpq_cycles_no_spec_credits.chn0, 0x116
unc_h_rpq_cycles_no_spec_credits.chn1, 0x216
unc_h_rpq_cycles_no_spec_credits.chn2, 0x416
unc_h_rpq_cycles_no_spec_credits.chn3, 0x816
unc_h_sbo0_credits_acquired.ad, 0x168
unc_h_sbo0_credits_acquired.bl, 0x268
unc_h_sbo0_credit_occupancy.ad, 0x16a
unc_h_sbo0_credit_occupancy.bl, 0x26a
unc_h_sbo1_credits_acquired.ad, 0x169
unc_h_sbo1_credits_acquired.bl, 0x269
unc_h_sbo1_credit_occupancy.ad, 0x16b
unc_h_sbo1_credit_occupancy.bl, 0x26b
unc_h_snoops_rsp_after_data.local, 0x10a
unc_h_snoops_rsp_after_data.remote, 0x20a
unc_h_snoop_cycles_ne.all, 0x308
unc_h_snoop_cycles_ne.local, 0x108
unc_h_snoop_cycles_ne.remote, 0x208
unc_h_snoop_occupancy.local, 0x109
unc_h_snoop_occupancy.remote, 0x209
unc_h_snoop_resp.rspcnflct, 0x4021
unc_h_snoop_resp.rspi, 0x121
unc_h_snoop_resp.rspifwd, 0x421
unc_h_snoop_resp.rsps, 0x221
unc_h_snoop_resp.rspsfwd, 0x821
unc_h_snoop_resp.rsp_fwd_wb, 0x2021
unc_h_snoop_resp.rsp_wb, 0x1021
unc_h_snp_resp_recv_local.other, 0x8060
unc_h_snp_resp_recv_local.rspcnflct, 0x4060
unc_h_snp_resp_recv_local.rspi, 0x160
unc_h_snp_resp_recv_local.rspifwd, 0x460
unc_h_snp_resp_recv_local.rsps, 0x260
unc_h_snp_resp_recv_local.rspsfwd, 0x860
unc_h_snp_resp_recv_local.rspxfwdxwb, 0x2060
unc_h_snp_resp_recv_local.rspxwb, 0x1060
unc_h_stall_no_sbo_credit.sbo0_ad, 0x16c
unc_h_stall_no_sbo_credit.sbo0_bl, 0x46c
unc_h_stall_no_sbo_credit.sbo1_ad, 0x26c
unc_h_stall_no_sbo_credit.sbo1_bl, 0x86c
unc_h_tad_requests_g0.region0, 0x11b
unc_h_tad_requests_g0.region1, 0x21b
unc_h_tad_requests_g0.region2, 0x41b
unc_h_tad_requests_g0.region3, 0x81b
unc_h_tad_requests_g0.region4, 0x101b
unc_h_tad_requests_g0.region5, 0x201b
unc_h_tad_requests_g0.region6, 0x401b
unc_h_tad_requests_g0.region7, 0x801b
unc_h_tad_requests_g1.region10, 0x41c
unc_h_tad_requests_g1.region11, 0x81c
unc_h_tad_requests_g1.region8, 0x11c
unc_h_tad_requests_g1.region9, 0x21c
unc_h_tracker_cycles_full.all, 0x202
unc_h_tracker_cycles_full.gp, 0x102
unc_h_tracker_cycles_ne.all, 0x303
unc_h_tracker_cycles_ne.local, 0x103
unc_h_tracker_cycles_ne.remote, 0x203
unc_h_tracker_occupancy.invitoe_local, 0x4004
unc_h_tracker_occupancy.invitoe_remote, 0x8004
unc_h_tracker_occupancy.reads_local, 0x404
unc_h_tracker_occupancy.reads_remote, 0x804
unc_h_tracker_occupancy.writes_local, 0x1004
unc_h_tracker_occupancy.writes_remote, 0x2004
unc_h_tracker_pending_occupancy.local, 0x105
unc_h_tracker_pending_occupancy.remote, 0x205
unc_h_txr_ad.hom, 0x40f
unc_h_txr_ad_cycles_full.all, 0x32a
unc_h_txr_ad_cycles_full.sched0, 0x12a
unc_h_txr_ad_cycles_full.sched1, 0x22a
unc_h_txr_ad_cycles_ne.all, 0x329
unc_h_txr_ad_cycles_ne.sched0, 0x129
unc_h_txr_ad_cycles_ne.sched1, 0x229
unc_h_txr_ad_inserts.all, 0x327
unc_h_txr_ad_inserts.sched0, 0x127
unc_h_txr_ad_inserts.sched1, 0x227
unc_h_txr_ak_cycles_full.all, 0x332
unc_h_txr_ak_cycles_full.sched0, 0x132
unc_h_txr_ak_cycles_full.sched1, 0x232
unc_h_txr_ak_cycles_ne.all, 0x331
unc_h_txr_ak_cycles_ne.sched0, 0x131
unc_h_txr_ak_cycles_ne.sched1, 0x231
unc_h_txr_ak_inserts.all, 0x32f
unc_h_txr_ak_inserts.sched0, 0x12f
unc_h_txr_ak_inserts.sched1, 0x22f
unc_h_txr_bl.drs_cache, 0x110
unc_h_txr_bl.drs_core, 0x210
unc_h_txr_bl.drs_qpi, 0x410
unc_h_txr_bl_cycles_full.all, 0x336
unc_h_txr_bl_cycles_full.sched0, 0x136
unc_h_txr_bl_cycles_full.sched1, 0x236
unc_h_txr_bl_cycles_ne.all, 0x335
unc_h_txr_bl_cycles_ne.sched0, 0x135
unc_h_txr_bl_cycles_ne.sched1, 0x235
unc_h_txr_bl_inserts.all, 0x333
unc_h_txr_bl_inserts.sched0, 0x133
unc_h_txr_bl_inserts.sched1, 0x233
unc_h_txr_starved.ak, 0x16d
unc_h_txr_starved.bl, 0x26d
unc_h_wpq_cycles_no_reg_credits.chn0, 0x118
unc_h_wpq_cycles_no_reg_credits.chn1, 0x218
unc_h_wpq_cycles_no_reg_credits.chn2, 0x418
unc_h_wpq_cycles_no_reg_credits.chn3, 0x818
unc_h_wpq_cycles_no_spec_credits.chn0, 0x119
unc_h_wpq_cycles_no_spec_credits.chn1, 0x219
unc_h_wpq_cycles_no_spec_credits.chn2, 0x419
unc_h_wpq_cycles_no_spec_credits.chn3, 0x819
cpl_cycles.ring0, 0x15c
cpl_cycles.ring0_trans, 0x15c
cpl_cycles.ring123, 0x25c
lock_cycles.split_lock_uc_lock_duration, 0x163
baclears.any, 0x1fe6
dsb2mite_switches.penalty_cycles, 0x2ab
icache.hit, 0x180
icache.ifdata_stall, 0x480
icache.misses, 0x280
idq.all_dsb_cycles_4_uops, 0x1879
idq.all_dsb_cycles_any_uops, 0x1879
idq.all_mite_cycles_4_uops, 0x2479
idq.all_mite_cycles_any_uops, 0x2479
idq.dsb_cycles, 0x879
idq.dsb_uops, 0x879
idq.empty, 0x279
idq.mite_all_uops, 0x3c79
idq.mite_cycles, 0x479
idq.mite_uops, 0x479
idq.ms_cycles, 0x3079
idq.ms_dsb_cycles, 0x1079
idq.ms_dsb_occur, 0x1079
idq.ms_dsb_uops, 0x1079
idq.ms_mite_uops, 0x2079
idq.ms_switches, 0x3079
idq.ms_uops, 0x3079
idq_uops_not_delivered.core, 0x19c
idq_uops_not_delivered.cycles_0_uops_deliv.core, 0x19c
idq_uops_not_delivered.cycles_fe_was_ok, 0x19c
idq_uops_not_delivered.cycles_le_1_uop_deliv.core, 0x19c
idq_uops_not_delivered.cycles_le_2_uop_deliv.core, 0x19c
idq_uops_not_delivered.cycles_le_3_uop_deliv.core, 0x19c
unc_i_cache_total_occupancy.any, 0x112
unc_i_cache_total_occupancy.source, 0x212
unc_i_coherent_ops.clflush, 0x8013
unc_i_coherent_ops.crd, 0x213
unc_i_coherent_ops.drd, 0x413
unc_i_coherent_ops.pcidcahint, 0x2013
unc_i_coherent_ops.pcirdcur, 0x113
unc_i_coherent_ops.pcitom, 0x1013
unc_i_coherent_ops.rfo, 0x813
unc_i_coherent_ops.wbmtoi, 0x4013
unc_i_misc0.2nd_atomic_insert, 0x1014
unc_i_misc0.2nd_rd_insert, 0x414
unc_i_misc0.2nd_wr_insert, 0x814
unc_i_misc0.fast_rej, 0x214
unc_i_misc0.fast_req, 0x114
unc_i_misc0.fast_xfer, 0x2014
unc_i_misc0.pf_ack_hint, 0x4014
unc_i_misc0.pf_timeout, 0x8014
unc_i_misc1.data_throttle, 0x8015
unc_i_misc1.lost_fwd, 0x1015
unc_i_misc1.sec_rcvd_invld, 0x2015
unc_i_misc1.sec_rcvd_vld, 0x4015
unc_i_misc1.slow_e, 0x415
unc_i_misc1.slow_i, 0x115
unc_i_misc1.slow_m, 0x815
unc_i_misc1.slow_s, 0x215
unc_i_rxr_ak_inserts, 0xa
unc_i_rxr_bl_drs_cycles_full, 0x4
unc_i_rxr_bl_drs_inserts, 0x1
unc_i_rxr_bl_drs_occupancy, 0x7
unc_i_rxr_bl_ncb_cycles_full, 0x5
unc_i_rxr_bl_ncb_inserts, 0x2
unc_i_rxr_bl_ncb_occupancy, 0x8
unc_i_rxr_bl_ncs_cycles_full, 0x6
unc_i_rxr_bl_ncs_inserts, 0x3
unc_i_rxr_bl_ncs_occupancy, 0x9
unc_i_snoop_resp.hit_es, 0x417
unc_i_snoop_resp.hit_i, 0x217
unc_i_snoop_resp.hit_m, 0x817
unc_i_snoop_resp.miss, 0x117
unc_i_snoop_resp.snpcode, 0x1017
unc_i_snoop_resp.snpdata, 0x2017
unc_i_snoop_resp.snpinv, 0x4017
unc_i_transactions.atomic, 0x1016
unc_i_transactions.other, 0x2016
unc_i_transactions.rd_pref, 0x416
unc_i_transactions.reads, 0x116
unc_i_transactions.writes, 0x216
unc_i_transactions.wr_pref, 0x816
unc_i_txr_ad_stall_credit_cycles, 0x18
unc_i_txr_bl_stall_credit_cycles, 0x19
unc_i_txr_data_inserts_ncb, 0xe
unc_i_txr_data_inserts_ncs, 0xf
unc_i_txr_request_occupancy, 0xd
unc_q_clockticks, 0x14
unc_q_cto_count, 0x38
unc_q_direct2core.failure_credits, 0x213
unc_q_direct2core.failure_credits_miss, 0x2013
unc_q_direct2core.failure_credits_rbt, 0x813
unc_q_direct2core.failure_credits_rbt_miss, 0x8013
unc_q_direct2core.failure_miss, 0x1013
unc_q_direct2core.failure_rbt_hit, 0x413
unc_q_direct2core.failure_rbt_miss, 0x4013
unc_q_direct2core.success_rbt_hit, 0x113
unc_q_l1_power_cycles, 0x12
unc_q_rxl0p_power_cycles, 0x10
unc_q_rxl0_power_cycles, 0xf
unc_q_rxl_bypassed, 0x9
unc_q_rxl_crc_errors.link_init, 0x103
unc_q_rxl_crc_errors.normal_op, 0x203
unc_q_rxl_credits_consumed_vn0.drs, 0x11e
unc_q_rxl_credits_consumed_vn0.hom, 0x81e
unc_q_rxl_credits_consumed_vn0.ncb, 0x21e
unc_q_rxl_credits_consumed_vn0.ncs, 0x41e
unc_q_rxl_credits_consumed_vn0.ndr, 0x201e
unc_q_rxl_credits_consumed_vn0.snp, 0x101e
unc_q_rxl_credits_consumed_vn1.drs, 0x139
unc_q_rxl_credits_consumed_vn1.hom, 0x839
unc_q_rxl_credits_consumed_vn1.ncb, 0x239
unc_q_rxl_credits_consumed_vn1.ncs, 0x439
unc_q_rxl_credits_consumed_vn1.ndr, 0x2039
unc_q_rxl_credits_consumed_vn1.snp, 0x1039
unc_q_rxl_credits_consumed_vna, 0x1d
unc_q_rxl_cycles_ne, 0xa
unc_q_rxl_cycles_ne_drs.vn0, 0x10f
unc_q_rxl_cycles_ne_drs.vn1, 0x20f
unc_q_rxl_cycles_ne_hom.vn0, 0x112
unc_q_rxl_cycles_ne_hom.vn1, 0x212
unc_q_rxl_cycles_ne_ncb.vn0, 0x110
unc_q_rxl_cycles_ne_ncb.vn1, 0x210
unc_q_rxl_cycles_ne_ncs.vn0, 0x111
unc_q_rxl_cycles_ne_ncs.vn1, 0x211
unc_q_rxl_cycles_ne_ndr.vn0, 0x114
unc_q_rxl_cycles_ne_ndr.vn1, 0x214
unc_q_rxl_cycles_ne_snp.vn0, 0x113
unc_q_rxl_cycles_ne_snp.vn1, 0x213
unc_q_rxl_flits_g0.idle, 0x101
unc_q_rxl_flits_g1.drs, 0x1802
unc_q_rxl_flits_g1.drs_data, 0x802
unc_q_rxl_flits_g1.drs_nondata, 0x1002
unc_q_rxl_flits_g1.hom, 0x602
unc_q_rxl_flits_g1.hom_nonreq, 0x402
unc_q_rxl_flits_g1.hom_req, 0x202
unc_q_rxl_flits_g1.snp, 0x102
unc_q_rxl_flits_g2.ncb, 0xc03
unc_q_rxl_flits_g2.ncb_data, 0x403
unc_q_rxl_flits_g2.ncb_nondata, 0x803
unc_q_rxl_flits_g2.ncs, 0x1003
unc_q_rxl_flits_g2.ndr_ad, 0x103
unc_q_rxl_flits_g2.ndr_ak, 0x203
unc_q_rxl_inserts, 0x8
unc_q_rxl_inserts_drs.vn0, 0x109
unc_q_rxl_inserts_drs.vn1, 0x209
unc_q_rxl_inserts_hom.vn0, 0x10c
unc_q_rxl_inserts_hom.vn1, 0x20c
unc_q_rxl_inserts_ncb.vn0, 0x10a
unc_q_rxl_inserts_ncb.vn1, 0x20a
unc_q_rxl_inserts_ncs.vn0, 0x10b
unc_q_rxl_inserts_ncs.vn1, 0x20b
unc_q_rxl_inserts_ndr.vn0, 0x10e
unc_q_rxl_inserts_ndr.vn1, 0x20e
unc_q_rxl_inserts_snp.vn0, 0x10d
unc_q_rxl_inserts_snp.vn1, 0x20d
unc_q_rxl_occupancy, 0xb
unc_q_rxl_occupancy_drs.vn0, 0x115
unc_q_rxl_occupancy_drs.vn1, 0x215
unc_q_rxl_occupancy_hom.vn0, 0x118
unc_q_rxl_occupancy_hom.vn1, 0x218
unc_q_rxl_occupancy_ncb.vn0, 0x116
unc_q_rxl_occupancy_ncb.vn1, 0x216
unc_q_rxl_occupancy_ncs.vn0, 0x117
unc_q_rxl_occupancy_ncs.vn1, 0x217
unc_q_rxl_occupancy_ndr.vn0, 0x11a
unc_q_rxl_occupancy_ndr.vn1, 0x21a
unc_q_rxl_occupancy_snp.vn0, 0x119
unc_q_rxl_occupancy_snp.vn1, 0x219
unc_q_rxl_stalls_vn0.bgf_drs, 0x135
unc_q_rxl_stalls_vn0.bgf_hom, 0x835
unc_q_rxl_stalls_vn0.bgf_ncb, 0x235
unc_q_rxl_stalls_vn0.bgf_ncs, 0x435
unc_q_rxl_stalls_vn0.bgf_ndr, 0x2035
unc_q_rxl_stalls_vn0.bgf_snp, 0x1035
unc_q_rxl_stalls_vn0.egress_credits, 0x4035
unc_q_rxl_stalls_vn0.gv, 0x8035
unc_q_rxl_stalls_vn1.bgf_drs, 0x13a
unc_q_rxl_stalls_vn1.bgf_hom, 0x83a
unc_q_rxl_stalls_vn1.bgf_ncb, 0x23a
unc_q_rxl_stalls_vn1.bgf_ncs, 0x43a
unc_q_rxl_stalls_vn1.bgf_ndr, 0x203a
unc_q_rxl_stalls_vn1.bgf_snp, 0x103a
unc_q_txl0p_power_cycles, 0xd
unc_q_txl0_power_cycles, 0xc
unc_q_txl_bypassed, 0x5
unc_q_txl_crc_no_credits.almost_full, 0x202
unc_q_txl_crc_no_credits.full, 0x102
unc_q_txl_cycles_ne, 0x6
unc_q_txl_flits_g2.ncb, 0xc01
unc_q_txl_flits_g2.ncb_data, 0x401
unc_q_txl_flits_g2.ncb_nondata, 0x801
unc_q_txl_flits_g2.ncs, 0x1001
unc_q_txl_flits_g2.ndr_ad, 0x101
unc_q_txl_flits_g2.ndr_ak, 0x201
unc_q_txl_inserts, 0x4
unc_q_txl_occupancy, 0x7
unc_q_txr_ad_hom_credit_acquired.vn0, 0x126
unc_q_txr_ad_hom_credit_acquired.vn1, 0x226
unc_q_txr_ad_hom_credit_occupancy.vn0, 0x122
unc_q_txr_ad_hom_credit_occupancy.vn1, 0x222
unc_q_txr_ad_ndr_credit_acquired.vn0, 0x128
unc_q_txr_ad_ndr_credit_acquired.vn1, 0x228
unc_q_txr_ad_ndr_credit_occupancy.vn0, 0x124
unc_q_txr_ad_ndr_credit_occupancy.vn1, 0x224
unc_q_txr_ad_snp_credit_acquired.vn0, 0x127
unc_q_txr_ad_snp_credit_acquired.vn1, 0x227
unc_q_txr_ad_snp_credit_occupancy.vn0, 0x123
unc_q_txr_ad_snp_credit_occupancy.vn1, 0x223
unc_q_txr_ak_ndr_credit_acquired, 0x29
unc_q_txr_ak_ndr_credit_occupancy, 0x25
unc_q_txr_bl_drs_credit_acquired.vn0, 0x12a
unc_q_txr_bl_drs_credit_acquired.vn1, 0x22a
unc_q_txr_bl_drs_credit_acquired.vn_shr, 0x42a
unc_q_txr_bl_drs_credit_occupancy.vn0, 0x11f
unc_q_txr_bl_drs_credit_occupancy.vn1, 0x21f
unc_q_txr_bl_drs_credit_occupancy.vn_shr, 0x41f
unc_q_txr_bl_ncb_credit_acquired.vn0, 0x12b
unc_q_txr_bl_ncb_credit_acquired.vn1, 0x22b
unc_q_txr_bl_ncb_credit_occupancy.vn0, 0x120
unc_q_txr_bl_ncb_credit_occupancy.vn1, 0x220
unc_q_txr_bl_ncs_credit_acquired.vn0, 0x12c
unc_q_txr_bl_ncs_credit_acquired.vn1, 0x22c
unc_q_txr_bl_ncs_credit_occupancy.vn0, 0x121
unc_q_txr_bl_ncs_credit_occupancy.vn1, 0x221
unc_q_vna_credit_returns, 0x1c
unc_q_vna_credit_return_occupancy, 0x1b
unc_r3_clockticks, 0x1
unc_r3_c_hi_ad_credits_empty.cbo10, 0x41f
unc_r3_c_hi_ad_credits_empty.cbo11, 0x81f
unc_r3_c_hi_ad_credits_empty.cbo12, 0x101f
unc_r3_c_hi_ad_credits_empty.cbo13, 0x201f
unc_r3_c_hi_ad_credits_empty.cbo14_16, 0x401f
unc_r3_c_hi_ad_credits_empty.cbo8, 0x11f
unc_r3_c_hi_ad_credits_empty.cbo9, 0x21f
unc_r3_c_hi_ad_credits_empty.cbo_15_17, 0x801f
unc_r3_c_lo_ad_credits_empty.cbo0, 0x122
unc_r3_c_lo_ad_credits_empty.cbo1, 0x222
unc_r3_c_lo_ad_credits_empty.cbo2, 0x422
unc_r3_c_lo_ad_credits_empty.cbo3, 0x822
unc_r3_c_lo_ad_credits_empty.cbo4, 0x1022
unc_r3_c_lo_ad_credits_empty.cbo5, 0x2022
unc_r3_c_lo_ad_credits_empty.cbo6, 0x4022
unc_r3_c_lo_ad_credits_empty.cbo7, 0x8022
unc_r3_ha_r2_bl_credits_empty.ha0, 0x12d
unc_r3_ha_r2_bl_credits_empty.ha1, 0x22d
unc_r3_ha_r2_bl_credits_empty.r2_ncb, 0x42d
unc_r3_ha_r2_bl_credits_empty.r2_ncs, 0x82d
unc_r3_iot_backpressure.hub, 0x20b
unc_r3_iot_backpressure.sat, 0x10b
unc_r3_iot_cts_hi.cts2, 0x10d
unc_r3_iot_cts_hi.cts3, 0x20d
unc_r3_iot_cts_lo.cts0, 0x10c
unc_r3_iot_cts_lo.cts1, 0x20c
unc_r3_qpi0_ad_credits_empty.vn0_hom, 0x220
unc_r3_qpi0_ad_credits_empty.vn0_ndr, 0x820
unc_r3_qpi0_ad_credits_empty.vn0_snp, 0x420
unc_r3_qpi0_ad_credits_empty.vn1_hom, 0x1020
unc_r3_qpi0_ad_credits_empty.vn1_ndr, 0x4020
unc_r3_qpi0_ad_credits_empty.vn1_snp, 0x2020
unc_r3_qpi0_ad_credits_empty.vna, 0x120
unc_r3_qpi0_bl_credits_empty.vn1_hom, 0x1021
unc_r3_qpi0_bl_credits_empty.vn1_ndr, 0x4021
unc_r3_qpi0_bl_credits_empty.vn1_snp, 0x2021
unc_r3_qpi0_bl_credits_empty.vna, 0x121
unc_r3_qpi1_ad_credits_empty.vn1_hom, 0x102e
unc_r3_qpi1_ad_credits_empty.vn1_ndr, 0x402e
unc_r3_qpi1_ad_credits_empty.vn1_snp, 0x202e
unc_r3_qpi1_ad_credits_empty.vna, 0x12e
unc_r3_qpi1_bl_credits_empty.vn0_hom, 0x22f
unc_r3_qpi1_bl_credits_empty.vn0_ndr, 0x82f
unc_r3_qpi1_bl_credits_empty.vn0_snp, 0x42f
unc_r3_qpi1_bl_credits_empty.vn1_hom, 0x102f
unc_r3_qpi1_bl_credits_empty.vn1_ndr, 0x402f
unc_r3_qpi1_bl_credits_empty.vn1_snp, 0x202f
unc_r3_qpi1_bl_credits_empty.vna, 0x12f
unc_r3_ring_ad_used.all, 0xf07
unc_r3_ring_ad_used.ccw, 0xc07
unc_r3_ring_ad_used.ccw_even, 0x407
unc_r3_ring_ad_used.ccw_odd, 0x807
unc_r3_ring_ad_used.cw, 0x307
unc_r3_ring_ad_used.cw_even, 0x107
unc_r3_ring_ad_used.cw_odd, 0x207
unc_r3_ring_ak_used.all, 0xf08
unc_r3_ring_ak_used.ccw, 0xc08
unc_r3_ring_ak_used.ccw_even, 0x408
unc_r3_ring_ak_used.ccw_odd, 0x808
unc_r3_ring_ak_used.cw, 0x308
unc_r3_ring_ak_used.cw_even, 0x108
unc_r3_ring_ak_used.cw_odd, 0x208
unc_r3_ring_bl_used.all, 0xf09
unc_r3_ring_bl_used.ccw, 0xc09
unc_r3_ring_bl_used.ccw_even, 0x409
unc_r3_ring_bl_used.ccw_odd, 0x809
unc_r3_ring_bl_used.cw, 0x309
unc_r3_ring_bl_used.cw_even, 0x109
unc_r3_ring_bl_used.cw_odd, 0x209
unc_r3_ring_iv_used.any, 0xf0a
unc_r3_ring_iv_used.cw, 0x30a
unc_r3_ring_sink_starved.ak, 0x20e
unc_r3_rxr_cycles_ne.hom, 0x110
unc_r3_rxr_cycles_ne.ndr, 0x410
unc_r3_rxr_cycles_ne.snp, 0x210
unc_r3_rxr_cycles_ne_vn1.drs, 0x814
unc_r3_rxr_cycles_ne_vn1.hom, 0x114
unc_r3_rxr_cycles_ne_vn1.ncb, 0x1014
unc_r3_rxr_cycles_ne_vn1.ncs, 0x2014
unc_r3_rxr_cycles_ne_vn1.ndr, 0x414
unc_r3_rxr_cycles_ne_vn1.snp, 0x214
unc_r3_rxr_inserts.drs, 0x811
unc_r3_rxr_inserts.hom, 0x111
unc_r3_rxr_inserts.ncb, 0x1011
unc_r3_rxr_inserts.ncs, 0x2011
unc_r3_rxr_inserts.ndr, 0x411
unc_r3_rxr_inserts.snp, 0x211
unc_r3_rxr_inserts_vn1.drs, 0x815
unc_r3_rxr_inserts_vn1.hom, 0x115
unc_r3_rxr_inserts_vn1.ncb, 0x1015
unc_r3_rxr_inserts_vn1.ncs, 0x2015
unc_r3_rxr_inserts_vn1.ndr, 0x415
unc_r3_rxr_inserts_vn1.snp, 0x215
unc_r3_rxr_occupancy_vn1.drs, 0x813
unc_r3_rxr_occupancy_vn1.hom, 0x113
unc_r3_rxr_occupancy_vn1.ncb, 0x1013
unc_r3_rxr_occupancy_vn1.ncs, 0x2013
unc_r3_rxr_occupancy_vn1.ndr, 0x413
unc_r3_rxr_occupancy_vn1.snp, 0x213
unc_r3_sbo0_credits_acquired.ad, 0x128
unc_r3_sbo0_credits_acquired.bl, 0x228
unc_r3_sbo0_credit_occupancy.ad, 0x12a
unc_r3_sbo0_credit_occupancy.bl, 0x22a
unc_r3_sbo1_credits_acquired.ad, 0x129
unc_r3_sbo1_credits_acquired.bl, 0x229
unc_r3_sbo1_credit_occupancy.ad, 0x12b
unc_r3_sbo1_credit_occupancy.bl, 0x22b
unc_r3_stall_no_sbo_credit.sbo0_ad, 0x12c
unc_r3_stall_no_sbo_credit.sbo0_bl, 0x42c
unc_r3_stall_no_sbo_credit.sbo1_ad, 0x22c
unc_r3_stall_no_sbo_credit.sbo1_bl, 0x82c
unc_r3_txr_nack.dn_ad, 0x126
unc_r3_txr_nack.dn_ak, 0x426
unc_r3_txr_nack.dn_bl, 0x226
unc_r3_txr_nack.up_ad, 0x826
unc_r3_txr_nack.up_ak, 0x2026
unc_r3_txr_nack.up_bl, 0x1026
unc_r3_vn0_credits_reject.drs, 0x837
unc_r3_vn0_credits_reject.hom, 0x137
unc_r3_vn0_credits_reject.ncb, 0x1037
unc_r3_vn0_credits_reject.ncs, 0x2037
unc_r3_vn0_credits_reject.ndr, 0x437
unc_r3_vn0_credits_reject.snp, 0x237
unc_r3_vn0_credits_used.drs, 0x836
unc_r3_vn0_credits_used.hom, 0x136
unc_r3_vn0_credits_used.ncb, 0x1036
unc_r3_vn0_credits_used.ncs, 0x2036
unc_r3_vn0_credits_used.ndr, 0x436
unc_r3_vn0_credits_used.snp, 0x236
unc_r3_vn1_credits_reject.drs, 0x839
unc_r3_vn1_credits_reject.hom, 0x139
unc_r3_vn1_credits_reject.ncb, 0x1039
unc_r3_vn1_credits_reject.ncs, 0x2039
unc_r3_vn1_credits_reject.ndr, 0x439
unc_r3_vn1_credits_reject.snp, 0x239
unc_r3_vn1_credits_used.drs, 0x838
unc_r3_vn1_credits_used.hom, 0x138
unc_r3_vn1_credits_used.ncb, 0x1038
unc_r3_vn1_credits_used.ncs, 0x2038
unc_r3_vn1_credits_used.ndr, 0x438
unc_r3_vn1_credits_used.snp, 0x238
unc_r3_vna_credits_acquired.ad, 0x133
unc_r3_vna_credits_acquired.bl, 0x433
unc_r3_vna_credits_reject.drs, 0x834
unc_r3_vna_credits_reject.hom, 0x134
unc_r3_vna_credits_reject.ncb, 0x1034
unc_r3_vna_credits_reject.ncs, 0x2034
unc_r3_vna_credits_reject.ndr, 0x434
unc_r3_vna_credits_reject.snp, 0x234
unc_s_bounce_control, 0xa
unc_s_fast_asserted, 0x9
unc_s_ring_ad_used.all, 0xf1b
unc_s_ring_ad_used.down, 0xc1b
unc_s_ring_ad_used.down_even, 0x41b
unc_s_ring_ad_used.down_odd, 0x81b
unc_s_ring_ad_used.up, 0x31b
unc_s_ring_ad_used.up_even, 0x11b
unc_s_ring_ad_used.up_odd, 0x21b
unc_s_ring_ak_used.all, 0xf1c
unc_s_ring_ak_used.down, 0xc1c
unc_s_ring_ak_used.down_even, 0x41c
unc_s_ring_ak_used.down_odd, 0x81c
unc_s_ring_ak_used.up, 0x31c
unc_s_ring_ak_used.up_even, 0x11c
unc_s_ring_ak_used.up_odd, 0x21c
unc_s_ring_bl_used.all, 0xf1d
unc_s_ring_bl_used.down, 0xc1d
unc_s_ring_bl_used.down_even, 0x41d
unc_s_ring_bl_used.down_odd, 0x81d
unc_s_ring_bl_used.up, 0x31d
unc_s_ring_bl_used.up_even, 0x11d
unc_s_ring_bl_used.up_odd, 0x21d
unc_s_ring_bounces.ad_cache, 0x105
unc_s_ring_bounces.ak_core, 0x205
unc_s_ring_bounces.bl_core, 0x405
unc_s_ring_bounces.iv_core, 0x805
unc_s_ring_iv_used.dn, 0xc1e
unc_s_ring_iv_used.up, 0x31e
unc_s_ring_sink_starved.ad_cache, 0x106
unc_s_ring_sink_starved.ak_core, 0x206
unc_s_ring_sink_starved.bl_core, 0x406
unc_s_ring_sink_starved.iv_core, 0x806
unc_s_rxr_busy_starved.ad_bnc, 0x215
unc_s_rxr_busy_starved.ad_crd, 0x115
unc_s_rxr_busy_starved.bl_bnc, 0x815
unc_s_rxr_busy_starved.bl_crd, 0x415
unc_s_rxr_bypass.ad_bnc, 0x212
unc_s_rxr_bypass.ad_crd, 0x112
unc_s_rxr_bypass.ak, 0x1012
unc_s_rxr_bypass.bl_bnc, 0x812
unc_s_rxr_bypass.bl_crd, 0x412
unc_s_rxr_bypass.iv, 0x2012
unc_s_rxr_crd_starved.ad_bnc, 0x214
unc_s_rxr_crd_starved.ad_crd, 0x114
unc_s_rxr_crd_starved.ak, 0x1014
unc_s_rxr_crd_starved.bl_bnc, 0x814
unc_s_rxr_crd_starved.bl_crd, 0x414
unc_s_rxr_crd_starved.ifv, 0x4014
unc_s_rxr_crd_starved.iv, 0x2014
unc_s_rxr_inserts.ad_bnc, 0x213
unc_s_rxr_inserts.ad_crd, 0x113
unc_s_rxr_inserts.ak, 0x1013
unc_s_rxr_inserts.bl_bnc, 0x813
unc_s_rxr_inserts.bl_crd, 0x413
unc_s_rxr_inserts.iv, 0x2013
unc_s_rxr_occupancy.ad_bnc, 0x211
unc_s_rxr_occupancy.ad_crd, 0x111
unc_s_rxr_occupancy.ak, 0x1011
unc_s_rxr_occupancy.bl_bnc, 0x811
unc_s_rxr_occupancy.bl_crd, 0x411
unc_s_rxr_occupancy.iv, 0x2011
unc_s_txr_ads_used.ad, 0x104
unc_s_txr_ads_used.ak, 0x204
unc_s_txr_ads_used.bl, 0x404
unc_s_txr_inserts.ad_bnc, 0x202
unc_s_txr_inserts.ad_crd, 0x102
unc_s_txr_inserts.ak, 0x1002
unc_s_txr_inserts.bl_bnc, 0x802
unc_s_txr_inserts.bl_crd, 0x402
unc_s_txr_inserts.iv, 0x2002
unc_s_txr_occupancy.ad_bnc, 0x201
unc_s_txr_occupancy.ad_crd, 0x101
unc_s_txr_occupancy.ak, 0x1001
unc_s_txr_occupancy.bl_bnc, 0x801
unc_s_txr_occupancy.bl_crd, 0x401
unc_s_txr_occupancy.iv, 0x2001
unc_s_txr_starved.ad, 0x103
unc_s_txr_starved.ak, 0x203
unc_s_txr_starved.bl, 0x403
unc_s_txr_starved.iv, 0x803
unc_u_clockticks, 0xff
unc_u_event_msg.doorbell_rcvd, 0x842
unc_u_filter_match.disable, 0x241
unc_u_filter_match.enable, 0x141
unc_u_filter_match.u2c_disable, 0x841
unc_u_filter_match.u2c_enable, 0x441
unc_u_phold_cycles.assert_to_ack, 0x145
unc_u_racu_requests, 0x46
unc_u_u2c_events.cmc, 0x1043
unc_u_u2c_events.livelock, 0x443
unc_u_u2c_events.lterror, 0x843
unc_u_u2c_events.monitor_t0, 0x143
unc_u_u2c_events.monitor_t1, 0x243
unc_u_u2c_events.other, 0x8043
unc_u_u2c_events.trap, 0x4043
unc_u_u2c_events.umc, 0x2043
arith.fpu_div_active, 0x114
br_inst_exec.all_branches, 0xff88
br_inst_exec.all_conditional, 0xc188
br_inst_exec.all_direct_jmp, 0xc288
br_inst_exec.all_direct_near_call, 0xd088
br_inst_exec.all_indirect_jump_non_call_ret, 0xc488
br_inst_exec.all_indirect_near_return, 0xc888
br_inst_exec.nontaken_conditional, 0x4188
br_inst_exec.taken_conditional, 0x8188
br_inst_exec.taken_direct_jump, 0x8288
br_inst_exec.taken_direct_near_call, 0x9088
br_inst_exec.taken_indirect_jump_non_call_ret, 0x8488
br_inst_exec.taken_indirect_near_call, 0xa088
br_inst_exec.taken_indirect_near_return, 0x8888
br_inst_retired.all_branches, 0xc4
br_inst_retired.all_branches_pebs, 0x4c4
br_inst_retired.conditional, 0x1c4
br_inst_retired.far_branch, 0x40c4
br_inst_retired.near_call, 0x2c4
br_inst_retired.near_call_r3, 0x2c4
br_inst_retired.near_return, 0x8c4
br_inst_retired.near_taken, 0x20c4
br_inst_retired.not_taken, 0x10c4
br_misp_exec.all_branches, 0xff89
br_misp_exec.all_conditional, 0xc189
br_misp_exec.all_indirect_jump_non_call_ret, 0xc489
br_misp_exec.indirect, 0xe489
br_misp_exec.nontaken_conditional, 0x4189
br_misp_exec.taken_conditional, 0x8189
br_misp_exec.taken_indirect_jump_non_call_ret, 0x8489
br_misp_exec.taken_indirect_near_call, 0xa089
br_misp_exec.taken_return_near, 0x8889
br_misp_retired.all_branches, 0xc5
br_misp_retired.all_branches_pebs, 0x4c5
br_misp_retired.conditional, 0x1c5
br_misp_retired.near_taken, 0x20c5
br_misp_retired.ret, 0x8c5
cpu_clk_thread_unhalted.one_thread_active, 0x23c
cpu_clk_thread_unhalted.ref_xclk, 0x13c
cpu_clk_thread_unhalted.ref_xclk_any, 0x13c
cpu_clk_unhalted.one_thread_active, 0x23c
cpu_clk_unhalted.ref_xclk, 0x13c
cpu_clk_unhalted.ref_xclk_any, 0x13c
cpu_clk_unhalted.thread_p, 0x3c
cpu_clk_unhalted.thread_p_any, 0x3c
cycle_activity.cycles_l1d_miss, 0x8a3
cycle_activity.cycles_l1d_pending, 0x8a3
cycle_activity.cycles_l2_miss, 0x1a3
cycle_activity.cycles_l2_pending, 0x1a3
cycle_activity.cycles_ldm_pending, 0x2a3
cycle_activity.cycles_mem_any, 0x2a3
cycle_activity.cycles_no_execute, 0x4a3
cycle_activity.stalls_l1d_miss, 0xca3
cycle_activity.stalls_l1d_pending, 0xca3
cycle_activity.stalls_l2_miss, 0x5a3
cycle_activity.stalls_l2_pending, 0x5a3
cycle_activity.stalls_ldm_pending, 0x6a3
cycle_activity.stalls_mem_any, 0x6a3
cycle_activity.stalls_total, 0x4a3
ild_stall.lcp, 0x187
inst_retired.any_p, 0xc0
inst_retired.prec_dist, 0x1c0
inst_retired.x87, 0x2c0
int_misc.rat_stall_cycles, 0x80d
int_misc.recovery_cycles, 0x30d
int_misc.recovery_cycles_any, 0x30d
ld_blocks.no_sr, 0x803
ld_blocks.store_forward, 0x203
ld_blocks_partial.address_alias, 0x107
load_hit_pre.hw_pf, 0x24c
load_hit_pre.sw_pf, 0x14c
lsd.cycles_4_uops, 0x1a8
lsd.cycles_active, 0x1a8
lsd.uops, 0x1a8
machine_clears.count, 0x1c3
machine_clears.cycles, 0x1c3
machine_clears.maskmov, 0x20c3
machine_clears.smc, 0x4c3
move_elimination.int_eliminated, 0x158
move_elimination.int_not_eliminated, 0x458
other_assists.any_wb_assist, 0x40c1
resource_stalls.any, 0x1a2
resource_stalls.rob, 0x10a2
resource_stalls.rs, 0x4a2
resource_stalls.sb, 0x8a2
rob_misc_events.lbr_inserts, 0x20cc
rs_events.empty_cycles, 0x15e
rs_events.empty_end, 0x15e
uops_dispatched_port.port_0, 0x1a1
uops_dispatched_port.port_1, 0x2a1
uops_dispatched_port.port_2, 0x4a1
uops_dispatched_port.port_3, 0x8a1
uops_dispatched_port.port_4, 0x10a1
uops_dispatched_port.port_5, 0x20a1
uops_dispatched_port.port_6, 0x40a1
uops_dispatched_port.port_7, 0x80a1
uops_executed.core, 0x2b1
uops_executed.core_cycles_ge_1, 0x2b1
uops_executed.core_cycles_ge_2, 0x2b1
uops_executed.core_cycles_ge_3, 0x2b1
uops_executed.core_cycles_ge_4, 0x2b1
uops_executed.core_cycles_none, 0x2b1
uops_executed.cycles_ge_1_uop_exec, 0x1b1
uops_executed.cycles_ge_2_uops_exec, 0x1b1
uops_executed.cycles_ge_3_uops_exec, 0x1b1
uops_executed.cycles_ge_4_uops_exec, 0x1b1
uops_executed.stall_cycles, 0x1b1
uops_executed.thread, 0x1b1
uops_executed_port.port_0, 0x1a1
uops_executed_port.port_0_core, 0x1a1
uops_executed_port.port_1, 0x2a1
uops_executed_port.port_1_core, 0x2a1
uops_executed_port.port_2, 0x4a1
uops_executed_port.port_2_core, 0x4a1
uops_executed_port.port_3, 0x8a1
uops_executed_port.port_3_core, 0x8a1
uops_executed_port.port_4, 0x10a1
uops_executed_port.port_4_core, 0x10a1
uops_executed_port.port_5, 0x20a1
uops_executed_port.port_5_core, 0x20a1
uops_executed_port.port_6, 0x40a1
uops_executed_port.port_6_core, 0x40a1
uops_executed_port.port_7, 0x80a1
uops_executed_port.port_7_core, 0x80a1
uops_issued.any, 0x10e
uops_issued.flags_merge, 0x100e
uops_issued.single_mul, 0x400e
uops_issued.slow_lea, 0x200e
uops_issued.stall_cycles, 0x10e
uops_retired.all, 0x1c2
uops_retired.retire_slots, 0x2c2
uops_retired.stall_cycles, 0x1c2
uops_retired.total_cycles, 0x1c2
unc_r2_clockticks, 0x1
unc_r2_iio_credit.isoch_qpi0, 0x42d
unc_r2_iio_credit.isoch_qpi1, 0x82d
unc_r2_iio_credit.prq_qpi0, 0x12d
unc_r2_iio_credit.prq_qpi1, 0x22d
unc_r2_iio_credits_acquired.drs, 0x833
unc_r2_iio_credits_acquired.ncb, 0x1033
unc_r2_iio_credits_acquired.ncs, 0x2033
unc_r2_iio_credits_used.drs, 0x832
unc_r2_iio_credits_used.ncb, 0x1032
unc_r2_iio_credits_used.ncs, 0x2032
unc_r2_ring_ad_used.all, 0xf07
unc_r2_ring_ad_used.ccw, 0xc07
unc_r2_ring_ad_used.ccw_even, 0x407
unc_r2_ring_ad_used.ccw_odd, 0x807
unc_r2_ring_ad_used.cw, 0x307
unc_r2_ring_ad_used.cw_even, 0x107
unc_r2_ring_ad_used.cw_odd, 0x207
unc_r2_ring_ak_bounces.dn, 0x212
unc_r2_ring_ak_bounces.up, 0x112
unc_r2_ring_ak_used.all, 0xf08
unc_r2_ring_ak_used.ccw, 0xc08
unc_r2_ring_ak_used.ccw_even, 0x408
unc_r2_ring_ak_used.ccw_odd, 0x808
unc_r2_ring_ak_used.cw, 0x308
unc_r2_ring_ak_used.cw_even, 0x108
unc_r2_ring_ak_used.cw_odd, 0x208
unc_r2_ring_bl_used.all, 0xf09
unc_r2_ring_bl_used.ccw, 0xc09
unc_r2_ring_bl_used.ccw_even, 0x409
unc_r2_ring_bl_used.ccw_odd, 0x809
unc_r2_ring_bl_used.cw, 0x309
unc_r2_ring_bl_used.cw_even, 0x109
unc_r2_ring_bl_used.cw_odd, 0x209
unc_r2_ring_iv_used.any, 0xf0a
unc_r2_ring_iv_used.ccw, 0xc0a
unc_r2_ring_iv_used.cw, 0x30a
unc_r2_rxr_cycles_ne.ncb, 0x1010
unc_r2_rxr_cycles_ne.ncs, 0x2010
unc_r2_rxr_inserts.ncb, 0x1011
unc_r2_rxr_inserts.ncs, 0x2011
unc_r2_rxr_occupancy.drs, 0x813
unc_r2_sbo0_credits_acquired.ad, 0x128
unc_r2_sbo0_credits_acquired.bl, 0x228
unc_r2_sbo0_credit_occupancy.ad, 0x12a
unc_r2_sbo0_credit_occupancy.bl, 0x22a
unc_r2_stall_no_sbo_credit.sbo0_ad, 0x12c
unc_r2_stall_no_sbo_credit.sbo0_bl, 0x42c
unc_r2_stall_no_sbo_credit.sbo1_ad, 0x22c
unc_r2_stall_no_sbo_credit.sbo1_bl, 0x82c
unc_r2_txr_cycles_full.ad, 0x125
unc_r2_txr_cycles_full.ak, 0x225
unc_r2_txr_cycles_full.bl, 0x425
unc_r2_txr_cycles_ne.ad, 0x123
unc_r2_txr_cycles_ne.ak, 0x223
unc_r2_txr_cycles_ne.bl, 0x423
unc_r2_txr_nack_cw.dn_ad, 0x126
unc_r2_txr_nack_cw.dn_ak, 0x426
unc_r2_txr_nack_cw.dn_bl, 0x226
unc_r2_txr_nack_cw.up_ad, 0x826
unc_r2_txr_nack_cw.up_ak, 0x2026
unc_r2_txr_nack_cw.up_bl, 0x1026
l1d.replacement, 0x151
l1d_pend_miss.fb_full, 0x248
l1d_pend_miss.pending, 0x148
l1d_pend_miss.pending_cycles, 0x148
l1d_pend_miss.pending_cycles_any, 0x148
l2_demand_rqsts.wb_hit, 0x5027
l2_lines_in.all, 0x7f1
l2_lines_in.e, 0x4f1
l2_lines_in.i, 0x1f1
l2_lines_in.s, 0x2f1
l2_lines_out.demand_clean, 0x5f2
l2_rqsts.all_code_rd, 0xe424
l2_rqsts.all_demand_data_rd, 0xe124
l2_rqsts.all_demand_miss, 0x2724
l2_rqsts.all_demand_references, 0xe724
l2_rqsts.all_pf, 0xf824
l2_rqsts.all_rfo, 0xe224
l2_rqsts.code_rd_hit, 0xc424
l2_rqsts.code_rd_miss, 0x2424
l2_rqsts.demand_data_rd_hit, 0xc124
l2_rqsts.demand_data_rd_miss, 0x2124
l2_rqsts.l2_pf_hit, 0xd024
l2_rqsts.l2_pf_miss, 0x3024
l2_rqsts.miss, 0x3f24
l2_rqsts.references, 0xff24
l2_rqsts.rfo_hit, 0xc224
l2_rqsts.rfo_miss, 0x2224
l2_trans.all_pf, 0x8f0
l2_trans.all_requests, 0x80f0
l2_trans.code_rd, 0x4f0
l2_trans.demand_data_rd, 0x1f0
l2_trans.l1d_wb, 0x10f0
l2_trans.l2_fill, 0x20f0
l2_trans.l2_wb, 0x40f0
l2_trans.rfo, 0x2f0
lock_cycles.cache_lock_duration, 0x263
longest_lat_cache.miss, 0x412e
longest_lat_cache.reference, 0x4f2e
mem_load_uops_l3_hit_retired.xsnp_hit, 0x2d2
mem_load_uops_l3_hit_retired.xsnp_hitm, 0x4d2
mem_load_uops_l3_hit_retired.xsnp_miss, 0x1d2
mem_load_uops_l3_hit_retired.xsnp_none, 0x8d2
mem_load_uops_l3_miss_retired.local_dram, 0x1d3
mem_load_uops_l3_miss_retired.remote_dram, 0x4d3
mem_load_uops_l3_miss_retired.remote_fwd, 0x20d3
mem_load_uops_l3_miss_retired.remote_hitm, 0x10d3
mem_load_uops_retired.hit_lfb, 0x40d1
mem_load_uops_retired.l1_hit, 0x1d1
mem_load_uops_retired.l1_miss, 0x8d1
mem_load_uops_retired.l2_hit, 0x2d1
mem_load_uops_retired.l2_miss, 0x10d1
mem_load_uops_retired.l3_hit, 0x4d1
mem_load_uops_retired.l3_miss, 0x20d1
mem_uops_retired.all_loads, 0x81d0
mem_uops_retired.all_stores, 0x82d0
mem_uops_retired.lock_loads, 0x21d0
mem_uops_retired.split_loads, 0x41d0
mem_uops_retired.split_stores, 0x42d0
mem_uops_retired.stlb_miss_loads, 0x11d0
mem_uops_retired.stlb_miss_stores, 0x12d0
offcore_requests.all_data_rd, 0x8b0
offcore_requests.all_requests, 0x80b0
offcore_requests.demand_code_rd, 0x2b0
offcore_requests.demand_data_rd, 0x1b0
offcore_requests.demand_rfo, 0x4b0
offcore_requests_buffer.sq_full, 0x1b2
offcore_requests_outstanding.all_data_rd, 0x860
offcore_requests_outstanding.cycles_with_data_rd, 0x860
offcore_requests_outstanding.cycles_with_demand_data_rd, 0x160
offcore_requests_outstanding.cycles_with_demand_rfo, 0x460
offcore_requests_outstanding.demand_code_rd, 0x260
offcore_requests_outstanding.demand_data_rd, 0x160
offcore_requests_outstanding.demand_data_rd_ge_6, 0x160
offcore_requests_outstanding.demand_rfo, 0x460
offcore_response_0, 0x1b7
offcore_response_1, 0x1bb
offcore_response.all_code_rd.llc_hit.hit_other_core_no_fwd_0, 0x1b7, 0x4003c0244
offcore_response.all_code_rd.llc_hit.hit_other_core_no_fwd_1, 0x1bb, 0x4003c0244
offcore_response.all_data_rd.llc_hit.hitm_other_core_0, 0x1b7, 0x10003c0091
offcore_response.all_data_rd.llc_hit.hitm_other_core_1, 0x1bb, 0x10003c0091
offcore_response.all_data_rd.llc_hit.hit_other_core_no_fwd_0, 0x1b7, 0x4003c0091
offcore_response.all_data_rd.llc_hit.hit_other_core_no_fwd_1, 0x1bb, 0x4003c0091
offcore_response.all_reads.llc_hit.hitm_other_core_0, 0x1b7, 0x10003c07f7
offcore_response.all_reads.llc_hit.hitm_other_core_1, 0x1bb, 0x10003c07f7
offcore_response.all_reads.llc_hit.hit_other_core_no_fwd_0, 0x1b7, 0x4003c07f7
offcore_response.all_reads.llc_hit.hit_other_core_no_fwd_1, 0x1bb, 0x4003c07f7
offcore_response.all_requests.llc_hit.any_response_0, 0x1b7, 0x3f803c8fff
offcore_response.all_requests.llc_hit.any_response_1, 0x1bb, 0x3f803c8fff
offcore_response.all_rfo.llc_hit.hitm_other_core_0, 0x1b7, 0x10003c0122
offcore_response.all_rfo.llc_hit.hitm_other_core_1, 0x1bb, 0x10003c0122
offcore_response.all_rfo.llc_hit.hit_other_core_no_fwd_0, 0x1b7, 0x4003c0122
offcore_response.all_rfo.llc_hit.hit_other_core_no_fwd_1, 0x1bb, 0x4003c0122
offcore_response.demand_rfo.llc_hit.any_response_0, 0x1b7, 0x3f803c0002
offcore_response.demand_rfo.llc_hit.any_response_1, 0x1bb, 0x3f803c0002
offcore_response.demand_rfo.llc_hit.hitm_other_core_0, 0x1b7, 0x10003c0002
offcore_response.demand_rfo.llc_hit.hitm_other_core_1, 0x1bb, 0x10003c0002
offcore_response.pf_llc_code_rd.llc_hit.any_response_0, 0x1b7, 0x3f803c0200
offcore_response.pf_llc_code_rd.llc_hit.any_response_1, 0x1bb, 0x3f803c0200
offcore_response.pf_llc_rfo.llc_hit.any_response_0, 0x1b7, 0x3f803c0100
offcore_response.pf_llc_rfo.llc_hit.any_response_1, 0x1bb, 0x3f803c0100
sq_misc.split_lock, 0x10f4
llc_misses.mem_read, 0x304
llc_misses.mem_write, 0xc04
unc_m_act_count.byp, 0x801
unc_m_act_count.rd, 0x101
unc_m_act_count.wr, 0x201
unc_m_byp_cmds.act, 0x1a1
unc_m_byp_cmds.cas, 0x2a1
unc_m_byp_cmds.pre, 0x4a1
unc_m_cas_count.all, 0xf04
unc_m_cas_count.rd, 0x304
unc_m_cas_count.rd_reg, 0x104
unc_m_cas_count.rd_rmm, 0x2004
unc_m_cas_count.rd_underfill, 0x204
unc_m_cas_count.rd_wmm, 0x1004
unc_m_cas_count.wr, 0xc04
unc_m_cas_count.wr_rmm, 0x804
unc_m_cas_count.wr_wmm, 0x404
unc_m_clockticks, 0xff
unc_m_dram_pre_all, 0x6
unc_m_dram_refresh.high, 0x405
unc_m_dram_refresh.panic, 0x205
unc_m_ecc_correctable_errors, 0x9
unc_m_major_modes.isoch, 0x807
unc_m_major_modes.partial, 0x407
unc_m_major_modes.read, 0x107
unc_m_major_modes.write, 0x207
unc_m_power_channel_dlloff, 0x84
unc_m_power_channel_ppd, 0x85
unc_m_power_cke_cycles.rank0, 0x183
unc_m_power_cke_cycles.rank1, 0x283
unc_m_power_cke_cycles.rank2, 0x483
unc_m_power_cke_cycles.rank3, 0x883
unc_m_power_cke_cycles.rank4, 0x1083
unc_m_power_cke_cycles.rank5, 0x2083
unc_m_power_cke_cycles.rank6, 0x4083
unc_m_power_cke_cycles.rank7, 0x8083
unc_m_power_critical_throttle_cycles, 0x86
unc_m_power_pcu_throttling, 0x42
unc_m_power_self_refresh, 0x43
unc_m_power_throttle_cycles.rank0, 0x141
unc_m_power_throttle_cycles.rank1, 0x241
unc_m_power_throttle_cycles.rank2, 0x441
unc_m_power_throttle_cycles.rank3, 0x841
unc_m_power_throttle_cycles.rank4, 0x1041
unc_m_power_throttle_cycles.rank5, 0x2041
unc_m_power_throttle_cycles.rank6, 0x4041
unc_m_power_throttle_cycles.rank7, 0x8041
unc_m_preemption.rd_preempt_rd, 0x108
unc_m_preemption.rd_preempt_wr, 0x208
unc_m_pre_count.byp, 0x1002
unc_m_pre_count.page_close, 0x202
unc_m_pre_count.page_miss, 0x102
unc_m_pre_count.rd, 0x402
unc_m_pre_count.wr, 0x802
unc_m_rd_cas_prio.high, 0x4a0
unc_m_rd_cas_prio.low, 0x1a0
unc_m_rd_cas_prio.med, 0x2a0
unc_m_rd_cas_prio.panic, 0x8a0
unc_m_rd_cas_rank0.allbanks, 0x10b0
unc_m_rd_cas_rank0.bank0, 0xb0
unc_m_rd_cas_rank0.bank1, 0x1b0
unc_m_rd_cas_rank0.bank10, 0xab0
unc_m_rd_cas_rank0.bank11, 0xbb0
unc_m_rd_cas_rank0.bank12, 0xcb0
unc_m_rd_cas_rank0.bank13, 0xdb0
unc_m_rd_cas_rank0.bank14, 0xeb0
unc_m_rd_cas_rank0.bank15, 0xfb0
unc_m_rd_cas_rank0.bank2, 0x2b0
unc_m_rd_cas_rank0.bank3, 0x3b0
unc_m_rd_cas_rank0.bank4, 0x4b0
unc_m_rd_cas_rank0.bank5, 0x5b0
unc_m_rd_cas_rank0.bank6, 0x6b0
unc_m_rd_cas_rank0.bank7, 0x7b0
unc_m_rd_cas_rank0.bank8, 0x8b0
unc_m_rd_cas_rank0.bank9, 0x9b0
unc_m_rd_cas_rank0.bankg0, 0x11b0
unc_m_rd_cas_rank0.bankg1, 0x12b0
unc_m_rd_cas_rank0.bankg2, 0x13b0
unc_m_rd_cas_rank0.bankg3, 0x14b0
unc_m_rd_cas_rank1.allbanks, 0x10b1
unc_m_rd_cas_rank1.bank0, 0xb1
unc_m_rd_cas_rank1.bank1, 0x1b1
unc_m_rd_cas_rank1.bank10, 0xab1
unc_m_rd_cas_rank1.bank11, 0xbb1
unc_m_rd_cas_rank1.bank12, 0xcb1
unc_m_rd_cas_rank1.bank13, 0xdb1
unc_m_rd_cas_rank1.bank14, 0xeb1
unc_m_rd_cas_rank1.bank15, 0xfb1
unc_m_rd_cas_rank1.bank2, 0x2b1
unc_m_rd_cas_rank1.bank3, 0x3b1
unc_m_rd_cas_rank1.bank4, 0x4b1
unc_m_rd_cas_rank1.bank5, 0x5b1
unc_m_rd_cas_rank1.bank6, 0x6b1
unc_m_rd_cas_rank1.bank7, 0x7b1
unc_m_rd_cas_rank1.bank8, 0x8b1
unc_m_rd_cas_rank1.bank9, 0x9b1
unc_m_rd_cas_rank1.bankg0, 0x11b1
unc_m_rd_cas_rank1.bankg1, 0x12b1
unc_m_rd_cas_rank1.bankg2, 0x13b1
unc_m_rd_cas_rank1.bankg3, 0x14b1
unc_m_rd_cas_rank2.bank0, 0xb2
unc_m_rd_cas_rank4.allbanks, 0x10b4
unc_m_rd_cas_rank4.bank0, 0xb4
unc_m_rd_cas_rank4.bank1, 0x1b4
unc_m_rd_cas_rank4.bank10, 0xab4
unc_m_rd_cas_rank4.bank11, 0xbb4
unc_m_rd_cas_rank4.bank12, 0xcb4
unc_m_rd_cas_rank4.bank13, 0xdb4
unc_m_rd_cas_rank4.bank14, 0xeb4
unc_m_rd_cas_rank4.bank15, 0xfb4
unc_m_rd_cas_rank4.bank2, 0x2b4
unc_m_rd_cas_rank4.bank3, 0x3b4
unc_m_rd_cas_rank4.bank4, 0x4b4
unc_m_rd_cas_rank4.bank5, 0x5b4
unc_m_rd_cas_rank4.bank6, 0x6b4
unc_m_rd_cas_rank4.bank7, 0x7b4
unc_m_rd_cas_rank4.bank8, 0x8b4
unc_m_rd_cas_rank4.bank9, 0x9b4
unc_m_rd_cas_rank4.bankg0, 0x11b4
unc_m_rd_cas_rank4.bankg1, 0x12b4
unc_m_rd_cas_rank4.bankg2, 0x13b4
unc_m_rd_cas_rank4.bankg3, 0x14b4
unc_m_rd_cas_rank5.allbanks, 0x10b5
unc_m_rd_cas_rank5.bank0, 0xb5
unc_m_rd_cas_rank5.bank1, 0x1b5
unc_m_rd_cas_rank5.bank10, 0xab5
unc_m_rd_cas_rank5.bank11, 0xbb5
unc_m_rd_cas_rank5.bank12, 0xcb5
unc_m_rd_cas_rank5.bank13, 0xdb5
unc_m_rd_cas_rank5.bank14, 0xeb5
unc_m_rd_cas_rank5.bank15, 0xfb5
unc_m_rd_cas_rank5.bank2, 0x2b5
unc_m_rd_cas_rank5.bank3, 0x3b5
unc_m_rd_cas_rank5.bank4, 0x4b5
unc_m_rd_cas_rank5.bank5, 0x5b5
unc_m_rd_cas_rank5.bank6, 0x6b5
unc_m_rd_cas_rank5.bank7, 0x7b5
unc_m_rd_cas_rank5.bank8, 0x8b5
unc_m_rd_cas_rank5.bank9, 0x9b5
unc_m_rd_cas_rank5.bankg0, 0x11b5
unc_m_rd_cas_rank5.bankg1, 0x12b5
unc_m_rd_cas_rank5.bankg2, 0x13b5
unc_m_rd_cas_rank5.bankg3, 0x14b5
unc_m_rd_cas_rank6.allbanks, 0x10b6
unc_m_rd_cas_rank6.bank0, 0xb6
unc_m_rd_cas_rank6.bank1, 0x1b6
unc_m_rd_cas_rank6.bank10, 0xab6
unc_m_rd_cas_rank6.bank11, 0xbb6
unc_m_rd_cas_rank6.bank12, 0xcb6
unc_m_rd_cas_rank6.bank13, 0xdb6
unc_m_rd_cas_rank6.bank14, 0xeb6
unc_m_rd_cas_rank6.bank15, 0xfb6
unc_m_rd_cas_rank6.bank2, 0x2b6
unc_m_rd_cas_rank6.bank3, 0x3b6
unc_m_rd_cas_rank6.bank4, 0x4b6
unc_m_rd_cas_rank6.bank5, 0x5b6
unc_m_rd_cas_rank6.bank6, 0x6b6
unc_m_rd_cas_rank6.bank7, 0x7b6
unc_m_rd_cas_rank6.bank8, 0x8b6
unc_m_rd_cas_rank6.bank9, 0x9b6
unc_m_rd_cas_rank6.bankg0, 0x11b6
unc_m_rd_cas_rank6.bankg1, 0x12b6
unc_m_rd_cas_rank6.bankg2, 0x13b6
unc_m_rd_cas_rank6.bankg3, 0x14b6
unc_m_rd_cas_rank7.allbanks, 0x10b7
unc_m_rd_cas_rank7.bank0, 0xb7
unc_m_rd_cas_rank7.bank1, 0x1b7
unc_m_rd_cas_rank7.bank10, 0xab7
unc_m_rd_cas_rank7.bank11, 0xbb7
unc_m_rd_cas_rank7.bank12, 0xcb7
unc_m_rd_cas_rank7.bank13, 0xdb7
unc_m_rd_cas_rank7.bank14, 0xeb7
unc_m_rd_cas_rank7.bank15, 0xfb7
unc_m_rd_cas_rank7.bank2, 0x2b7
unc_m_rd_cas_rank7.bank3, 0x3b7
unc_m_rd_cas_rank7.bank4, 0x4b7
unc_m_rd_cas_rank7.bank5, 0x5b7
unc_m_rd_cas_rank7.bank6, 0x6b7
unc_m_rd_cas_rank7.bank7, 0x7b7
unc_m_rd_cas_rank7.bank8, 0x8b7
unc_m_rd_cas_rank7.bank9, 0x9b7
unc_m_rd_cas_rank7.bankg0, 0x11b7
unc_m_rd_cas_rank7.bankg1, 0x12b7
unc_m_rd_cas_rank7.bankg2, 0x13b7
unc_m_rd_cas_rank7.bankg3, 0x14b7
unc_m_rpq_cycles_ne, 0x11
unc_m_rpq_inserts, 0x10
unc_m_vmse_mxb_wr_occupancy, 0x91
unc_m_vmse_wr_push.rmm, 0x290
unc_m_vmse_wr_push.wmm, 0x190
unc_m_wmm_to_rmm.low_thresh, 0x1c0
unc_m_wmm_to_rmm.starve, 0x2c0
unc_m_wmm_to_rmm.vmse_retry, 0x4c0
unc_m_wpq_cycles_full, 0x22
unc_m_wpq_cycles_ne, 0x21
unc_m_wpq_read_hit, 0x23
unc_m_wpq_write_hit, 0x24
unc_m_wrong_mm, 0xc1
unc_m_wr_cas_rank0.allbanks, 0x10b8
unc_m_wr_cas_rank0.bank0, 0xb8
unc_m_wr_cas_rank0.bank1, 0x1b8
unc_m_wr_cas_rank0.bank10, 0xab8
unc_m_wr_cas_rank0.bank11, 0xbb8
unc_m_wr_cas_rank0.bank12, 0xcb8
unc_m_wr_cas_rank0.bank13, 0xdb8
unc_m_wr_cas_rank0.bank14, 0xeb8
unc_m_wr_cas_rank0.bank15, 0xfb8
unc_m_wr_cas_rank0.bank2, 0x2b8
unc_m_wr_cas_rank0.bank3, 0x3b8
unc_m_wr_cas_rank0.bank4, 0x4b8
unc_m_wr_cas_rank0.bank5, 0x5b8
unc_m_wr_cas_rank0.bank6, 0x6b8
unc_m_wr_cas_rank0.bank7, 0x7b8
unc_m_wr_cas_rank0.bank8, 0x8b8
unc_m_wr_cas_rank0.bank9, 0x9b8
unc_m_wr_cas_rank0.bankg0, 0x11b8
unc_m_wr_cas_rank0.bankg1, 0x12b8
unc_m_wr_cas_rank0.bankg2, 0x13b8
unc_m_wr_cas_rank0.bankg3, 0x14b8
unc_m_wr_cas_rank1.allbanks, 0x10b9
unc_m_wr_cas_rank1.bank0, 0xb9
unc_m_wr_cas_rank1.bank1, 0x1b9
unc_m_wr_cas_rank1.bank10, 0xab9
unc_m_wr_cas_rank1.bank11, 0xbb9
unc_m_wr_cas_rank1.bank12, 0xcb9
unc_m_wr_cas_rank1.bank13, 0xdb9
unc_m_wr_cas_rank1.bank14, 0xeb9
unc_m_wr_cas_rank1.bank15, 0xfb9
unc_m_wr_cas_rank1.bank2, 0x2b9
unc_m_wr_cas_rank1.bank3, 0x3b9
unc_m_wr_cas_rank1.bank4, 0x4b9
unc_m_wr_cas_rank1.bank5, 0x5b9
unc_m_wr_cas_rank1.bank6, 0x6b9
unc_m_wr_cas_rank1.bank7, 0x7b9
unc_m_wr_cas_rank1.bank8, 0x8b9
unc_m_wr_cas_rank1.bank9, 0x9b9
unc_m_wr_cas_rank1.bankg0, 0x11b9
unc_m_wr_cas_rank1.bankg1, 0x12b9
unc_m_wr_cas_rank1.bankg2, 0x13b9
unc_m_wr_cas_rank1.bankg3, 0x14b9
unc_m_wr_cas_rank4.allbanks, 0x10bc
unc_m_wr_cas_rank4.bank0, 0xbc
unc_m_wr_cas_rank4.bank1, 0x1bc
unc_m_wr_cas_rank4.bank10, 0xabc
unc_m_wr_cas_rank4.bank11, 0xbbc
unc_m_wr_cas_rank4.bank12, 0xcbc
unc_m_wr_cas_rank4.bank13, 0xdbc
unc_m_wr_cas_rank4.bank14, 0xebc
unc_m_wr_cas_rank4.bank15, 0xfbc
unc_m_wr_cas_rank4.bank2, 0x2bc
unc_m_wr_cas_rank4.bank3, 0x3bc
unc_m_wr_cas_rank4.bank4, 0x4bc
unc_m_wr_cas_rank4.bank5, 0x5bc
unc_m_wr_cas_rank4.bank6, 0x6bc
unc_m_wr_cas_rank4.bank7, 0x7bc
unc_m_wr_cas_rank4.bank8, 0x8bc
unc_m_wr_cas_rank4.bank9, 0x9bc
unc_m_wr_cas_rank4.bankg0, 0x11bc
unc_m_wr_cas_rank4.bankg1, 0x12bc
unc_m_wr_cas_rank4.bankg2, 0x13bc
unc_m_wr_cas_rank4.bankg3, 0x14bc
unc_m_wr_cas_rank5.allbanks, 0x10bd
unc_m_wr_cas_rank5.bank0, 0xbd
unc_m_wr_cas_rank5.bank1, 0x1bd
unc_m_wr_cas_rank5.bank10, 0xabd
unc_m_wr_cas_rank5.bank11, 0xbbd
unc_m_wr_cas_rank5.bank12, 0xcbd
unc_m_wr_cas_rank5.bank13, 0xdbd
unc_m_wr_cas_rank5.bank14, 0xebd
unc_m_wr_cas_rank5.bank15, 0xfbd
unc_m_wr_cas_rank5.bank2, 0x2bd
unc_m_wr_cas_rank5.bank3, 0x3bd
unc_m_wr_cas_rank5.bank4, 0x4bd
unc_m_wr_cas_rank5.bank5, 0x5bd
unc_m_wr_cas_rank5.bank6, 0x6bd
unc_m_wr_cas_rank5.bank7, 0x7bd
unc_m_wr_cas_rank5.bank8, 0x8bd
unc_m_wr_cas_rank5.bank9, 0x9bd
unc_m_wr_cas_rank5.bankg0, 0x11bd
unc_m_wr_cas_rank5.bankg1, 0x12bd
unc_m_wr_cas_rank5.bankg2, 0x13bd
unc_m_wr_cas_rank5.bankg3, 0x14bd
unc_m_wr_cas_rank6.allbanks, 0x10be
unc_m_wr_cas_rank6.bank0, 0xbe
unc_m_wr_cas_rank6.bank1, 0x1be
unc_m_wr_cas_rank6.bank10, 0xabe
unc_m_wr_cas_rank6.bank11, 0xbbe
unc_m_wr_cas_rank6.bank12, 0xcbe
unc_m_wr_cas_rank6.bank13, 0xdbe
unc_m_wr_cas_rank6.bank14, 0xebe
unc_m_wr_cas_rank6.bank15, 0xfbe
unc_m_wr_cas_rank6.bank2, 0x2be
unc_m_wr_cas_rank6.bank3, 0x3be
unc_m_wr_cas_rank6.bank4, 0x4be
unc_m_wr_cas_rank6.bank5, 0x5be
unc_m_wr_cas_rank6.bank6, 0x6be
unc_m_wr_cas_rank6.bank7, 0x7be
unc_m_wr_cas_rank6.bank8, 0x8be
unc_m_wr_cas_rank6.bank9, 0x9be
unc_m_wr_cas_rank6.bankg0, 0x11be
unc_m_wr_cas_rank6.bankg1, 0x12be
unc_m_wr_cas_rank6.bankg2, 0x13be
unc_m_wr_cas_rank6.bankg3, 0x14be
unc_m_wr_cas_rank7.allbanks, 0x10bf
unc_m_wr_cas_rank7.bank0, 0xbf
unc_m_wr_cas_rank7.bank1, 0x1bf
unc_m_wr_cas_rank7.bank10, 0xabf
unc_m_wr_cas_rank7.bank11, 0xbbf
unc_m_wr_cas_rank7.bank12, 0xcbf
unc_m_wr_cas_rank7.bank13, 0xdbf
unc_m_wr_cas_rank7.bank14, 0xebf
unc_m_wr_cas_rank7.bank15, 0xfbf
unc_m_wr_cas_rank7.bank2, 0x2bf
unc_m_wr_cas_rank7.bank3, 0x3bf
unc_m_wr_cas_rank7.bank4, 0x4bf
unc_m_wr_cas_rank7.bank5, 0x5bf
unc_m_wr_cas_rank7.bank6, 0x6bf
unc_m_wr_cas_rank7.bank7, 0x7bf
unc_m_wr_cas_rank7.bank8, 0x8bf
unc_m_wr_cas_rank7.bank9, 0x9bf
unc_m_wr_cas_rank7.bankg0, 0x11bf
unc_m_wr_cas_rank7.bankg1, 0x12bf
unc_m_wr_cas_rank7.bankg2, 0x13bf
unc_m_wr_cas_rank7.bankg3, 0x14bf
