HLE_RETIRED.ABORTED, 0x4c8
HLE_RETIRED.ABORTED_MISC1, 0x8c8
HLE_RETIRED.ABORTED_MISC2, 0x10c8
HLE_RETIRED.ABORTED_MISC3, 0x20c8
HLE_RETIRED.ABORTED_MISC4, 0x40c8
HLE_RETIRED.ABORTED_MISC5, 0x80c8
HLE_RETIRED.COMMIT, 0x2c8
HLE_RETIRED.START, 0x1c8
MACHINE_CLEARS.MEMORY_ORDERING, 0x2c3
MEM_TRANS_RETIRED.LOAD_LATENCY_GT_128, 0x1cd
MEM_TRANS_RETIRED.LOAD_LATENCY_GT_16, 0x1cd
MEM_TRANS_RETIRED.LOAD_LATENCY_GT_256, 0x1cd
MEM_TRANS_RETIRED.LOAD_LATENCY_GT_32, 0x1cd
MEM_TRANS_RETIRED.LOAD_LATENCY_GT_4, 0x1cd
MEM_TRANS_RETIRED.LOAD_LATENCY_GT_512, 0x1cd
MEM_TRANS_RETIRED.LOAD_LATENCY_GT_64, 0x1cd
MEM_TRANS_RETIRED.LOAD_LATENCY_GT_8, 0x1cd
MISALIGN_MEM_REF.LOADS, 0x105
MISALIGN_MEM_REF.STORES, 0x205
RTM_RETIRED.ABORTED, 0x4c9
RTM_RETIRED.ABORTED_MISC1, 0x8c9
RTM_RETIRED.ABORTED_MISC2, 0x10c9
RTM_RETIRED.ABORTED_MISC3, 0x20c9
RTM_RETIRED.ABORTED_MISC4, 0x40c9
RTM_RETIRED.ABORTED_MISC5, 0x80c9
RTM_RETIRED.COMMIT, 0x2c9
RTM_RETIRED.START, 0x1c9
TX_EXEC.MISC1, 0x15d
TX_EXEC.MISC2, 0x25d
TX_EXEC.MISC3, 0x45d
TX_EXEC.MISC4, 0x85d
TX_EXEC.MISC5, 0x105d
TX_MEM.ABORT_CAPACITY_WRITE, 0x254
TX_MEM.ABORT_CONFLICT, 0x154
TX_MEM.ABORT_HLE_ELISION_BUFFER_MISMATCH, 0x1054
TX_MEM.ABORT_HLE_ELISION_BUFFER_NOT_EMPTY, 0x854
TX_MEM.ABORT_HLE_ELISION_BUFFER_UNSUPPORTED_ALIGNMENT, 0x2054
TX_MEM.ABORT_HLE_STORE_TO_ELIDED_LOCK, 0x454
TX_MEM.HLE_ELISION_BUFFER_FULL, 0x4054
DTLB_LOAD_MISSES.MISS_CAUSES_A_WALK, 0x108
DTLB_LOAD_MISSES.STLB_HIT, 0x6008
DTLB_LOAD_MISSES.STLB_HIT_2M, 0x4008
DTLB_LOAD_MISSES.STLB_HIT_4K, 0x2008
DTLB_LOAD_MISSES.WALK_COMPLETED, 0xe08
DTLB_LOAD_MISSES.WALK_COMPLETED_1G, 0x808
DTLB_LOAD_MISSES.WALK_COMPLETED_2M_4M, 0x408
DTLB_LOAD_MISSES.WALK_COMPLETED_4K, 0x208
DTLB_LOAD_MISSES.WALK_DURATION, 0x1008
DTLB_STORE_MISSES.MISS_CAUSES_A_WALK, 0x149
DTLB_STORE_MISSES.STLB_HIT, 0x6049
DTLB_STORE_MISSES.STLB_HIT_2M, 0x4049
DTLB_STORE_MISSES.STLB_HIT_4K, 0x2049
DTLB_STORE_MISSES.WALK_COMPLETED, 0xe49
DTLB_STORE_MISSES.WALK_COMPLETED_1G, 0x849
DTLB_STORE_MISSES.WALK_COMPLETED_2M_4M, 0x449
DTLB_STORE_MISSES.WALK_COMPLETED_4K, 0x249
DTLB_STORE_MISSES.WALK_DURATION, 0x1049
EPT.WALK_CYCLES, 0x104f
ITLB.ITLB_FLUSH, 0x1ae
ITLB_MISSES.MISS_CAUSES_A_WALK, 0x185
ITLB_MISSES.STLB_HIT, 0x6085
ITLB_MISSES.STLB_HIT_2M, 0x4085
ITLB_MISSES.STLB_HIT_4K, 0x2085
ITLB_MISSES.WALK_COMPLETED, 0xe85
ITLB_MISSES.WALK_COMPLETED_1G, 0x885
ITLB_MISSES.WALK_COMPLETED_2M_4M, 0x485
ITLB_MISSES.WALK_COMPLETED_4K, 0x285
ITLB_MISSES.WALK_DURATION, 0x1085
PAGE_WALKER_LOADS.DTLB_L1, 0x11bc
PAGE_WALKER_LOADS.DTLB_L2, 0x12bc
PAGE_WALKER_LOADS.DTLB_L3, 0x14bc
PAGE_WALKER_LOADS.DTLB_MEMORY, 0x18bc
PAGE_WALKER_LOADS.ITLB_L1, 0x21bc
PAGE_WALKER_LOADS.ITLB_L2, 0x22bc
PAGE_WALKER_LOADS.ITLB_L3, 0x24bc
TLB_FLUSH.DTLB_THREAD, 0x1bd
TLB_FLUSH.STLB_ANY, 0x20bd
FP_ARITH_INST_RETIRED.128B_PACKED_DOUBLE, 0x4c7
FP_ARITH_INST_RETIRED.128B_PACKED_SINGLE, 0x8c7
FP_ARITH_INST_RETIRED.256B_PACKED_DOUBLE, 0x10c7
FP_ARITH_INST_RETIRED.256B_PACKED_SINGLE, 0x20c7
FP_ARITH_INST_RETIRED.4_FLOPS, 0x18c7
FP_ARITH_INST_RETIRED.DOUBLE, 0x15c7
FP_ARITH_INST_RETIRED.PACKED, 0x3cc7
FP_ARITH_INST_RETIRED.SCALAR, 0x3c7
FP_ARITH_INST_RETIRED.SCALAR_DOUBLE, 0x1c7
FP_ARITH_INST_RETIRED.SCALAR_SINGLE, 0x2c7
FP_ARITH_INST_RETIRED.SINGLE, 0x2ac7
FP_ARITH_INST_RETIRED.VECTOR, 0xfcc7
FP_ASSIST.ANY, 0x1eca
FP_ASSIST.SIMD_INPUT, 0x10ca
FP_ASSIST.SIMD_OUTPUT, 0x8ca
FP_ASSIST.X87_INPUT, 0x4ca
FP_ASSIST.X87_OUTPUT, 0x2ca
MOVE_ELIMINATION.SIMD_ELIMINATED, 0x258
MOVE_ELIMINATION.SIMD_NOT_ELIMINATED, 0x858
OTHER_ASSISTS.AVX_TO_SSE, 0x8c1
OTHER_ASSISTS.SSE_TO_AVX, 0x10c1
UOP_DISPATCHES_CANCELLED.SIMD_PRF, 0x3a0
UNC_P_CORE0_TRANSITION_CYCLES, 0x60
UNC_P_CORE10_TRANSITION_CYCLES, 0x6a
UNC_P_CORE11_TRANSITION_CYCLES, 0x6b
UNC_P_CORE12_TRANSITION_CYCLES, 0x6c
UNC_P_CORE13_TRANSITION_CYCLES, 0x6d
UNC_P_CORE14_TRANSITION_CYCLES, 0x6e
UNC_P_CORE15_TRANSITION_CYCLES, 0x6f
UNC_P_CORE16_TRANSITION_CYCLES, 0x70
UNC_P_CORE17_TRANSITION_CYCLES, 0x71
UNC_P_CORE1_TRANSITION_CYCLES, 0x61
UNC_P_CORE2_TRANSITION_CYCLES, 0x62
UNC_P_CORE3_TRANSITION_CYCLES, 0x63
UNC_P_CORE4_TRANSITION_CYCLES, 0x64
UNC_P_CORE5_TRANSITION_CYCLES, 0x65
UNC_P_CORE6_TRANSITION_CYCLES, 0x66
UNC_P_CORE7_TRANSITION_CYCLES, 0x67
UNC_P_CORE8_TRANSITION_CYCLES, 0x68
UNC_P_CORE9_TRANSITION_CYCLES, 0x69
UNC_P_DEMOTIONS_CORE0, 0x30
UNC_P_DEMOTIONS_CORE1, 0x31
UNC_P_DEMOTIONS_CORE10, 0x3a
UNC_P_DEMOTIONS_CORE11, 0x3b
UNC_P_DEMOTIONS_CORE12, 0x3c
UNC_P_DEMOTIONS_CORE13, 0x3d
UNC_P_DEMOTIONS_CORE14, 0x3e
UNC_P_DEMOTIONS_CORE15, 0x3f
UNC_P_DEMOTIONS_CORE16, 0x40
UNC_P_DEMOTIONS_CORE17, 0x41
UNC_P_DEMOTIONS_CORE2, 0x32
UNC_P_DEMOTIONS_CORE3, 0x33
UNC_P_DEMOTIONS_CORE4, 0x34
UNC_P_DEMOTIONS_CORE5, 0x35
UNC_P_DEMOTIONS_CORE6, 0x36
UNC_P_DEMOTIONS_CORE7, 0x37
UNC_P_DEMOTIONS_CORE8, 0x38
UNC_P_DEMOTIONS_CORE9, 0x39
UNC_P_FREQ_MAX_LIMIT_THERMAL_CYCLES, 0x4
UNC_P_FREQ_MAX_OS_CYCLES, 0x6
UNC_P_FREQ_MAX_POWER_CYCLES, 0x5
UNC_P_FREQ_MIN_IO_P_CYCLES, 0x73
UNC_P_FREQ_TRANS_CYCLES, 0x74
UNC_P_MEMORY_PHASE_SHEDDING_CYCLES, 0x2f
UNC_P_PKG_RESIDENCY_C0_CYCLES, 0x2a
UNC_P_PKG_RESIDENCY_C1E_CYCLES, 0x4e
UNC_P_PKG_RESIDENCY_C2E_CYCLES, 0x2b
UNC_P_PKG_RESIDENCY_C3_CYCLES, 0x2c
UNC_P_PKG_RESIDENCY_C6_CYCLES, 0x2d
UNC_P_PKG_RESIDENCY_C7_CYCLES, 0x2e
UNC_P_POWER_STATE_OCCUPANCY.CORES_C0, 0x80
UNC_P_POWER_STATE_OCCUPANCY.CORES_C3, 0x80
UNC_P_POWER_STATE_OCCUPANCY.CORES_C6, 0x80
UNC_P_PROCHOT_EXTERNAL_CYCLES, 0xa
UNC_P_PROCHOT_INTERNAL_CYCLES, 0x9
UNC_P_TOTAL_TRANSITION_CYCLES, 0x72
UNC_P_UFS_TRANSITIONS_RING_GV, 0x79
UNC_P_VR_HOT_CYCLES, 0x42
UNC_C_BOUNCE_CONTROL, 0xa
UNC_C_COUNTER0_OCCUPANCY, 0x1f
UNC_C_FAST_ASSERTED, 0x9
UNC_C_LLC_LOOKUP.ANY, 0x1134
UNC_C_LLC_LOOKUP.DATA_READ, 0x334
UNC_C_LLC_LOOKUP.NID, 0x4134
UNC_C_LLC_LOOKUP.READ, 0x2134
UNC_C_LLC_LOOKUP.REMOTE_SNOOP, 0x934
UNC_C_LLC_LOOKUP.WRITE, 0x534
UNC_C_LLC_VICTIMS.E_STATE, 0x237
UNC_C_LLC_VICTIMS.F_STATE, 0x837
UNC_C_LLC_VICTIMS.I_STATE, 0x437
UNC_C_LLC_VICTIMS.MISS, 0x1037
UNC_C_LLC_VICTIMS.M_STATE, 0x137
UNC_C_LLC_VICTIMS.NID, 0x4037
UNC_C_MISC.CVZERO_PREFETCH_MISS, 0x2039
UNC_C_MISC.CVZERO_PREFETCH_VICTIM, 0x1039
UNC_C_MISC.RFO_HIT_S, 0x839
UNC_C_MISC.RSPI_WAS_FSE, 0x139
UNC_C_MISC.STARTED, 0x439
UNC_C_MISC.WC_ALIASING, 0x239
UNC_C_QLRU.AGE0, 0x13c
UNC_C_QLRU.AGE1, 0x23c
UNC_C_QLRU.AGE2, 0x43c
UNC_C_QLRU.AGE3, 0x83c
UNC_C_QLRU.LRU_DECREMENT, 0x103c
UNC_C_QLRU.VICTIM_NON_ZERO, 0x203c
UNC_C_RING_AD_USED.ALL, 0xf1b
UNC_C_RING_AD_USED.CCW, 0xc1b
UNC_C_RING_AD_USED.CW, 0x31b
UNC_C_RING_AD_USED.DOWN_EVEN, 0x41b
UNC_C_RING_AD_USED.DOWN_ODD, 0x81b
UNC_C_RING_AD_USED.UP_EVEN, 0x11b
UNC_C_RING_AD_USED.UP_ODD, 0x21b
UNC_C_RING_AK_USED.ALL, 0xf1c
UNC_C_RING_AK_USED.CCW, 0xc1c
UNC_C_RING_AK_USED.CW, 0x31c
UNC_C_RING_AK_USED.DOWN_EVEN, 0x41c
UNC_C_RING_AK_USED.DOWN_ODD, 0x81c
UNC_C_RING_AK_USED.UP_EVEN, 0x11c
UNC_C_RING_AK_USED.UP_ODD, 0x21c
UNC_C_RING_BL_USED.ALL, 0xf1d
UNC_C_RING_BL_USED.CCW, 0xc1d
UNC_C_RING_BL_USED.CW, 0x31d
UNC_C_RING_BL_USED.DOWN_EVEN, 0x41d
UNC_C_RING_BL_USED.DOWN_ODD, 0x81d
UNC_C_RING_BL_USED.UP_EVEN, 0x11d
UNC_C_RING_BL_USED.UP_ODD, 0x21d
UNC_C_RING_BOUNCES.AD, 0x105
UNC_C_RING_BOUNCES.AK, 0x205
UNC_C_RING_BOUNCES.BL, 0x405
UNC_C_RING_BOUNCES.IV, 0x1005
UNC_C_RING_IV_USED.ANY, 0xf1e
UNC_C_RING_IV_USED.DN, 0xc1e
UNC_C_RING_IV_USED.DOWN, 0xcc1e
UNC_C_RING_IV_USED.UP, 0x31e
UNC_C_RING_SINK_STARVED.AD, 0x106
UNC_C_RING_SINK_STARVED.AK, 0x206
UNC_C_RING_SINK_STARVED.BL, 0x406
UNC_C_RING_SINK_STARVED.IV, 0x806
UNC_C_RING_SRC_THRTL, 0x7
UNC_C_RxR_EXT_STARVED.IPQ, 0x212
UNC_C_RxR_EXT_STARVED.IRQ, 0x112
UNC_C_RxR_EXT_STARVED.ISMQ_BIDS, 0x812
UNC_C_RxR_EXT_STARVED.PRQ, 0x412
UNC_C_RxR_INSERTS.IPQ, 0x413
UNC_C_RxR_INSERTS.IRQ, 0x113
UNC_C_RxR_INSERTS.IRQ_REJ, 0x213
UNC_C_RxR_INSERTS.PRQ, 0x1013
UNC_C_RxR_INSERTS.PRQ_REJ, 0x2013
UNC_C_RxR_INT_STARVED.IPQ, 0x414
UNC_C_RxR_INT_STARVED.IRQ, 0x114
UNC_C_RxR_INT_STARVED.ISMQ, 0x814
UNC_C_RxR_INT_STARVED.PRQ, 0x1014
UNC_C_RxR_IPQ_RETRY.ADDR_CONFLICT, 0x431
UNC_C_RxR_IPQ_RETRY.ANY, 0x131
UNC_C_RxR_IPQ_RETRY.FULL, 0x231
UNC_C_RxR_IPQ_RETRY.QPI_CREDITS, 0x1031
UNC_C_RxR_IPQ_RETRY2.AD_SBO, 0x128
UNC_C_RxR_IPQ_RETRY2.TARGET, 0x4028
UNC_C_RxR_IRQ_RETRY.ADDR_CONFLICT, 0x432
UNC_C_RxR_IRQ_RETRY.ANY, 0x132
UNC_C_RxR_IRQ_RETRY.FULL, 0x232
UNC_C_RxR_IRQ_RETRY.IIO_CREDITS, 0x2032
UNC_C_RxR_IRQ_RETRY.NID, 0x4032
UNC_C_RxR_IRQ_RETRY.QPI_CREDITS, 0x1032
UNC_C_RxR_IRQ_RETRY.RTID, 0x832
UNC_C_RxR_IRQ_RETRY2.AD_SBO, 0x129
UNC_C_RxR_IRQ_RETRY2.BL_SBO, 0x229
UNC_C_RxR_IRQ_RETRY2.TARGET, 0x4029
UNC_C_RxR_ISMQ_RETRY.ANY, 0x133
UNC_C_RxR_ISMQ_RETRY.FULL, 0x233
UNC_C_RxR_ISMQ_RETRY.IIO_CREDITS, 0x2033
UNC_C_RxR_ISMQ_RETRY.NID, 0x4033
UNC_C_RxR_ISMQ_RETRY.QPI_CREDITS, 0x1033
UNC_C_RxR_ISMQ_RETRY.RTID, 0x833
UNC_C_RxR_ISMQ_RETRY.WB_CREDITS, 0x8033
UNC_C_RxR_ISMQ_RETRY2.AD_SBO, 0x12a
UNC_C_RxR_ISMQ_RETRY2.BL_SBO, 0x22a
UNC_C_RxR_ISMQ_RETRY2.TARGET, 0x402a
UNC_C_RxR_OCCUPANCY.IPQ, 0x411
UNC_C_RxR_OCCUPANCY.IRQ, 0x111
UNC_C_RxR_OCCUPANCY.IRQ_REJ, 0x211
UNC_C_RxR_OCCUPANCY.PRQ_REJ, 0x2011
UNC_C_SBO_CREDITS_ACQUIRED.AD, 0x13d
UNC_C_SBO_CREDITS_ACQUIRED.BL, 0x23d
UNC_C_SBO_CREDIT_OCCUPANCY.AD, 0x13e
UNC_C_SBO_CREDIT_OCCUPANCY.BL, 0x23e
UNC_C_TOR_INSERTS.ALL, 0x835
UNC_C_TOR_INSERTS.EVICTION, 0x435
UNC_C_TOR_INSERTS.LOCAL, 0x2835
UNC_C_TOR_INSERTS.LOCAL_OPCODE, 0x2135
UNC_C_TOR_INSERTS.MISS_LOCAL, 0x2a35
UNC_C_TOR_INSERTS.MISS_LOCAL_OPCODE, 0x2335
UNC_C_TOR_INSERTS.MISS_OPCODE, 0x335
UNC_C_TOR_INSERTS.MISS_REMOTE, 0x8a35
UNC_C_TOR_INSERTS.MISS_REMOTE_OPCODE, 0x8335
UNC_C_TOR_INSERTS.NID_ALL, 0x4835
UNC_C_TOR_INSERTS.NID_EVICTION, 0x4435
UNC_C_TOR_INSERTS.NID_MISS_ALL, 0x4a35
UNC_C_TOR_INSERTS.NID_MISS_OPCODE, 0x4335
UNC_C_TOR_INSERTS.NID_OPCODE, 0x4135
UNC_C_TOR_INSERTS.NID_WB, 0x5035
UNC_C_TOR_INSERTS.OPCODE, 0x135
UNC_C_TOR_INSERTS.REMOTE, 0x8835
UNC_C_TOR_INSERTS.REMOTE_OPCODE, 0x8135
UNC_C_TOR_INSERTS.WB, 0x1035
UNC_C_TOR_OCCUPANCY.ALL, 0x836
UNC_C_TOR_OCCUPANCY.EVICTION, 0x436
UNC_C_TOR_OCCUPANCY.LOCAL, 0x2836
UNC_C_TOR_OCCUPANCY.LOCAL_OPCODE, 0x2136
UNC_C_TOR_OCCUPANCY.MISS_ALL, 0xa36
UNC_C_TOR_OCCUPANCY.MISS_LOCAL, 0x2a36
UNC_C_TOR_OCCUPANCY.MISS_LOCAL_OPCODE, 0x2336
UNC_C_TOR_OCCUPANCY.MISS_OPCODE, 0x336
UNC_C_TOR_OCCUPANCY.MISS_REMOTE, 0x8a36
UNC_C_TOR_OCCUPANCY.MISS_REMOTE_OPCODE, 0x8336
UNC_C_TOR_OCCUPANCY.NID_ALL, 0x4836
UNC_C_TOR_OCCUPANCY.NID_EVICTION, 0x4436
UNC_C_TOR_OCCUPANCY.NID_MISS_ALL, 0x4a36
UNC_C_TOR_OCCUPANCY.NID_MISS_OPCODE, 0x4336
UNC_C_TOR_OCCUPANCY.NID_OPCODE, 0x4136
UNC_C_TOR_OCCUPANCY.NID_WB, 0x5036
UNC_C_TOR_OCCUPANCY.OPCODE, 0x136
UNC_C_TOR_OCCUPANCY.REMOTE, 0x8836
UNC_C_TOR_OCCUPANCY.REMOTE_OPCODE, 0x8136
UNC_C_TOR_OCCUPANCY.WB, 0x1036
UNC_C_TxR_ADS_USED.AD, 0x104
UNC_C_TxR_ADS_USED.AK, 0x204
UNC_C_TxR_ADS_USED.BL, 0x404
UNC_C_TxR_INSERTS.AD_CACHE, 0x102
UNC_C_TxR_INSERTS.AD_CORE, 0x1002
UNC_C_TxR_INSERTS.AK_CACHE, 0x202
UNC_C_TxR_INSERTS.AK_CORE, 0x2002
UNC_C_TxR_INSERTS.BL_CACHE, 0x402
UNC_C_TxR_INSERTS.BL_CORE, 0x4002
UNC_C_TxR_INSERTS.IV_CACHE, 0x802
UNC_C_TxR_STARVED.AD_CORE, 0x1003
UNC_C_TxR_STARVED.AK_BOTH, 0x203
UNC_C_TxR_STARVED.BL_BOTH, 0x403
UNC_C_TxR_STARVED.IV, 0x803
UNC_H_BT_CYCLES_NE, 0x42
UNC_H_BT_TO_HT_NOT_ISSUED.INCOMING_BL_HAZARD, 0x451
UNC_H_BT_TO_HT_NOT_ISSUED.INCOMING_SNP_HAZARD, 0x251
UNC_H_BT_TO_HT_NOT_ISSUED.RSPACKCFLT_HAZARD, 0x851
UNC_H_BT_TO_HT_NOT_ISSUED.WBMDATA_HAZARD, 0x1051
UNC_H_BYPASS_IMC.NOT_TAKEN, 0x214
UNC_H_BYPASS_IMC.TAKEN, 0x114
UNC_H_DIRECT2CORE_COUNT, 0x11
UNC_H_DIRECT2CORE_CYCLES_DISABLED, 0x12
UNC_H_DIRECT2CORE_TXN_OVERRIDE, 0x13
UNC_H_DIRECTORY_LAT_OPT, 0x41
UNC_H_DIRECTORY_LOOKUP.NO_SNP, 0x20c
UNC_H_DIRECTORY_LOOKUP.SNP, 0x10c
UNC_H_DIRECTORY_UPDATE.ANY, 0x30d
UNC_H_DIRECTORY_UPDATE.CLEAR, 0x20d
UNC_H_DIRECTORY_UPDATE.SET, 0x10d
UNC_H_HITME_HIT.ACKCNFLTWBI, 0x471
UNC_H_HITME_HIT.ALL, 0xff71
UNC_H_HITME_HIT.ALLOCS, 0x7071
UNC_H_HITME_HIT.EVICTS, 0x4271
UNC_H_HITME_HIT.HOM, 0xf71
UNC_H_HITME_HIT.INVALS, 0x2671
UNC_H_HITME_HIT.READ_OR_INVITOE, 0x171
UNC_H_HITME_HIT.RSP, 0x8071
UNC_H_HITME_HIT.RSPFWDI_LOCAL, 0x2071
UNC_H_HITME_HIT.RSPFWDI_REMOTE, 0x1071
UNC_H_HITME_HIT.RSPFWDS, 0x4071
UNC_H_HITME_HIT.WBMTOE_OR_S, 0x871
UNC_H_HITME_HIT.WBMTOI, 0x271
UNC_H_HITME_HIT_PV_BITS_SET.ACKCNFLTWBI, 0x472
UNC_H_HITME_HIT_PV_BITS_SET.ALL, 0xff72
UNC_H_HITME_HIT_PV_BITS_SET.HOM, 0xf72
UNC_H_HITME_HIT_PV_BITS_SET.READ_OR_INVITOE, 0x172
UNC_H_HITME_HIT_PV_BITS_SET.RSP, 0x8072
UNC_H_HITME_HIT_PV_BITS_SET.RSPFWDI_LOCAL, 0x2072
UNC_H_HITME_HIT_PV_BITS_SET.RSPFWDI_REMOTE, 0x1072
UNC_H_HITME_HIT_PV_BITS_SET.RSPFWDS, 0x4072
UNC_H_HITME_HIT_PV_BITS_SET.WBMTOE_OR_S, 0x872
UNC_H_HITME_HIT_PV_BITS_SET.WBMTOI, 0x272
UNC_H_HITME_LOOKUP.ACKCNFLTWBI, 0x470
UNC_H_HITME_LOOKUP.ALL, 0xff70
UNC_H_HITME_LOOKUP.ALLOCS, 0x7070
UNC_H_HITME_LOOKUP.HOM, 0xf70
UNC_H_HITME_LOOKUP.INVALS, 0x2670
UNC_H_HITME_LOOKUP.READ_OR_INVITOE, 0x170
UNC_H_HITME_LOOKUP.RSP, 0x8070
UNC_H_HITME_LOOKUP.RSPFWDI_LOCAL, 0x2070
UNC_H_HITME_LOOKUP.RSPFWDI_REMOTE, 0x1070
UNC_H_HITME_LOOKUP.RSPFWDS, 0x4070
UNC_H_HITME_LOOKUP.WBMTOE_OR_S, 0x870
UNC_H_HITME_LOOKUP.WBMTOI, 0x270
UNC_H_IGR_NO_CREDIT_CYCLES.AD_QPI0, 0x122
UNC_H_IGR_NO_CREDIT_CYCLES.AD_QPI1, 0x222
UNC_H_IGR_NO_CREDIT_CYCLES.AD_QPI2, 0x1022
UNC_H_IGR_NO_CREDIT_CYCLES.BL_QPI0, 0x422
UNC_H_IGR_NO_CREDIT_CYCLES.BL_QPI1, 0x822
UNC_H_IGR_NO_CREDIT_CYCLES.BL_QPI2, 0x2022
UNC_H_IMC_READS.NORMAL, 0x117
UNC_H_IMC_RETRY, 0x1e
UNC_H_IMC_WRITES.ALL, 0xf1a
UNC_H_IMC_WRITES.FULL, 0x11a
UNC_H_IMC_WRITES.FULL_ISOCH, 0x41a
UNC_H_IMC_WRITES.PARTIAL, 0x21a
UNC_H_IMC_WRITES.PARTIAL_ISOCH, 0x81a
UNC_H_IOT_BACKPRESSURE.HUB, 0x261
UNC_H_IOT_BACKPRESSURE.SAT, 0x161
UNC_H_IOT_CTS_EAST_LO.CTS0, 0x164
UNC_H_IOT_CTS_EAST_LO.CTS1, 0x264
UNC_H_IOT_CTS_HI.CTS2, 0x165
UNC_H_IOT_CTS_HI.CTS3, 0x265
UNC_H_IOT_CTS_WEST_LO.CTS0, 0x162
UNC_H_IOT_CTS_WEST_LO.CTS1, 0x262
UNC_H_OSB.CANCELLED, 0x1053
UNC_H_OSB.INVITOE_LOCAL, 0x453
UNC_H_OSB.READS_LOCAL, 0x253
UNC_H_OSB.READS_LOCAL_USEFUL, 0x2053
UNC_H_OSB.REMOTE, 0x853
UNC_H_OSB.REMOTE_USEFUL, 0x4053
UNC_H_OSB_EDR.ALL, 0x154
UNC_H_OSB_EDR.READS_LOCAL_I, 0x254
UNC_H_OSB_EDR.READS_LOCAL_S, 0x854
UNC_H_OSB_EDR.READS_REMOTE_I, 0x454
UNC_H_OSB_EDR.READS_REMOTE_S, 0x1054
UNC_H_REQUESTS.INVITOE_LOCAL, 0x1001
UNC_H_REQUESTS.INVITOE_REMOTE, 0x2001
UNC_H_REQUESTS.READS, 0x301
UNC_H_REQUESTS.READS_LOCAL, 0x101
UNC_H_REQUESTS.READS_REMOTE, 0x201
UNC_H_REQUESTS.WRITES, 0xc01
UNC_H_REQUESTS.WRITES_LOCAL, 0x401
UNC_H_REQUESTS.WRITES_REMOTE, 0x801
UNC_H_RING_AD_USED.CCW, 0xc3e
UNC_H_RING_AD_USED.CCW_EVEN, 0x43e
UNC_H_RING_AD_USED.CCW_ODD, 0x83e
UNC_H_RING_AD_USED.CW, 0x33e
UNC_H_RING_AD_USED.CW_EVEN, 0x13e
UNC_H_RING_AD_USED.CW_ODD, 0x23e
UNC_H_RING_AK_USED.ALL, 0xf3f
UNC_H_RING_AK_USED.CCW, 0xc3f
UNC_H_RING_AK_USED.CCW_EVEN, 0x43f
UNC_H_RING_AK_USED.CCW_ODD, 0x83f
UNC_H_RING_AK_USED.CW, 0x33f
UNC_H_RING_AK_USED.CW_EVEN, 0x13f
UNC_H_RING_AK_USED.CW_ODD, 0x23f
UNC_H_RING_BL_USED.ALL, 0xf40
UNC_H_RING_BL_USED.CCW, 0xc40
UNC_H_RING_BL_USED.CCW_EVEN, 0x440
UNC_H_RING_BL_USED.CCW_ODD, 0x840
UNC_H_RING_BL_USED.CW, 0x340
UNC_H_RING_BL_USED.CW_EVEN, 0x140
UNC_H_RING_BL_USED.CW_ODD, 0x240
UNC_H_RPQ_CYCLES_NO_REG_CREDITS.CHN0, 0x115
UNC_H_RPQ_CYCLES_NO_REG_CREDITS.CHN1, 0x215
UNC_H_RPQ_CYCLES_NO_REG_CREDITS.CHN2, 0x415
UNC_H_RPQ_CYCLES_NO_REG_CREDITS.CHN3, 0x815
UNC_H_RPQ_CYCLES_NO_SPEC_CREDITS.CHN0, 0x116
UNC_H_RPQ_CYCLES_NO_SPEC_CREDITS.CHN1, 0x216
UNC_H_RPQ_CYCLES_NO_SPEC_CREDITS.CHN2, 0x416
UNC_H_RPQ_CYCLES_NO_SPEC_CREDITS.CHN3, 0x816
UNC_H_SBO0_CREDITS_ACQUIRED.AD, 0x168
UNC_H_SBO0_CREDITS_ACQUIRED.BL, 0x268
UNC_H_SBO0_CREDIT_OCCUPANCY.AD, 0x16a
UNC_H_SBO0_CREDIT_OCCUPANCY.BL, 0x26a
UNC_H_SBO1_CREDITS_ACQUIRED.AD, 0x169
UNC_H_SBO1_CREDITS_ACQUIRED.BL, 0x269
UNC_H_SBO1_CREDIT_OCCUPANCY.AD, 0x16b
UNC_H_SBO1_CREDIT_OCCUPANCY.BL, 0x26b
UNC_H_SNOOPS_RSP_AFTER_DATA.LOCAL, 0x10a
UNC_H_SNOOPS_RSP_AFTER_DATA.REMOTE, 0x20a
UNC_H_SNOOP_CYCLES_NE.ALL, 0x308
UNC_H_SNOOP_CYCLES_NE.LOCAL, 0x108
UNC_H_SNOOP_CYCLES_NE.REMOTE, 0x208
UNC_H_SNOOP_OCCUPANCY.LOCAL, 0x109
UNC_H_SNOOP_OCCUPANCY.REMOTE, 0x209
UNC_H_SNOOP_RESP.RSPCNFLCT, 0x4021
UNC_H_SNOOP_RESP.RSPI, 0x121
UNC_H_SNOOP_RESP.RSPIFWD, 0x421
UNC_H_SNOOP_RESP.RSPS, 0x221
UNC_H_SNOOP_RESP.RSPSFWD, 0x821
UNC_H_SNOOP_RESP.RSP_FWD_WB, 0x2021
UNC_H_SNOOP_RESP.RSP_WB, 0x1021
UNC_H_SNP_RESP_RECV_LOCAL.OTHER, 0x8060
UNC_H_SNP_RESP_RECV_LOCAL.RSPCNFLCT, 0x4060
UNC_H_SNP_RESP_RECV_LOCAL.RSPI, 0x160
UNC_H_SNP_RESP_RECV_LOCAL.RSPIFWD, 0x460
UNC_H_SNP_RESP_RECV_LOCAL.RSPS, 0x260
UNC_H_SNP_RESP_RECV_LOCAL.RSPSFWD, 0x860
UNC_H_SNP_RESP_RECV_LOCAL.RSPxFWDxWB, 0x2060
UNC_H_SNP_RESP_RECV_LOCAL.RSPxWB, 0x1060
UNC_H_STALL_NO_SBO_CREDIT.SBO0_AD, 0x16c
UNC_H_STALL_NO_SBO_CREDIT.SBO0_BL, 0x46c
UNC_H_STALL_NO_SBO_CREDIT.SBO1_AD, 0x26c
UNC_H_STALL_NO_SBO_CREDIT.SBO1_BL, 0x86c
UNC_H_TAD_REQUESTS_G0.REGION0, 0x11b
UNC_H_TAD_REQUESTS_G0.REGION1, 0x21b
UNC_H_TAD_REQUESTS_G0.REGION2, 0x41b
UNC_H_TAD_REQUESTS_G0.REGION3, 0x81b
UNC_H_TAD_REQUESTS_G0.REGION4, 0x101b
UNC_H_TAD_REQUESTS_G0.REGION5, 0x201b
UNC_H_TAD_REQUESTS_G0.REGION6, 0x401b
UNC_H_TAD_REQUESTS_G0.REGION7, 0x801b
UNC_H_TAD_REQUESTS_G1.REGION10, 0x41c
UNC_H_TAD_REQUESTS_G1.REGION11, 0x81c
UNC_H_TAD_REQUESTS_G1.REGION8, 0x11c
UNC_H_TAD_REQUESTS_G1.REGION9, 0x21c
UNC_H_TRACKER_CYCLES_FULL.ALL, 0x202
UNC_H_TRACKER_CYCLES_FULL.GP, 0x102
UNC_H_TRACKER_CYCLES_NE.ALL, 0x303
UNC_H_TRACKER_CYCLES_NE.LOCAL, 0x103
UNC_H_TRACKER_CYCLES_NE.REMOTE, 0x203
UNC_H_TRACKER_OCCUPANCY.INVITOE_LOCAL, 0x4004
UNC_H_TRACKER_OCCUPANCY.INVITOE_REMOTE, 0x8004
UNC_H_TRACKER_OCCUPANCY.READS_LOCAL, 0x404
UNC_H_TRACKER_OCCUPANCY.READS_REMOTE, 0x804
UNC_H_TRACKER_OCCUPANCY.WRITES_LOCAL, 0x1004
UNC_H_TRACKER_OCCUPANCY.WRITES_REMOTE, 0x2004
UNC_H_TRACKER_PENDING_OCCUPANCY.LOCAL, 0x105
UNC_H_TRACKER_PENDING_OCCUPANCY.REMOTE, 0x205
UNC_H_TxR_AD.HOM, 0x40f
UNC_H_TxR_AD_CYCLES_FULL.ALL, 0x32a
UNC_H_TxR_AD_CYCLES_FULL.SCHED0, 0x12a
UNC_H_TxR_AD_CYCLES_FULL.SCHED1, 0x22a
UNC_H_TxR_AD_CYCLES_NE.ALL, 0x329
UNC_H_TxR_AD_CYCLES_NE.SCHED0, 0x129
UNC_H_TxR_AD_CYCLES_NE.SCHED1, 0x229
UNC_H_TxR_AD_INSERTS.ALL, 0x327
UNC_H_TxR_AD_INSERTS.SCHED0, 0x127
UNC_H_TxR_AD_INSERTS.SCHED1, 0x227
UNC_H_TxR_AK_CYCLES_FULL.ALL, 0x332
UNC_H_TxR_AK_CYCLES_FULL.SCHED0, 0x132
UNC_H_TxR_AK_CYCLES_FULL.SCHED1, 0x232
UNC_H_TxR_AK_CYCLES_NE.ALL, 0x331
UNC_H_TxR_AK_CYCLES_NE.SCHED0, 0x131
UNC_H_TxR_AK_CYCLES_NE.SCHED1, 0x231
UNC_H_TxR_AK_INSERTS.ALL, 0x32f
UNC_H_TxR_AK_INSERTS.SCHED0, 0x12f
UNC_H_TxR_AK_INSERTS.SCHED1, 0x22f
UNC_H_TxR_BL.DRS_CACHE, 0x110
UNC_H_TxR_BL.DRS_CORE, 0x210
UNC_H_TxR_BL.DRS_QPI, 0x410
UNC_H_TxR_BL_CYCLES_FULL.ALL, 0x336
UNC_H_TxR_BL_CYCLES_FULL.SCHED0, 0x136
UNC_H_TxR_BL_CYCLES_FULL.SCHED1, 0x236
UNC_H_TxR_BL_CYCLES_NE.ALL, 0x335
UNC_H_TxR_BL_CYCLES_NE.SCHED0, 0x135
UNC_H_TxR_BL_CYCLES_NE.SCHED1, 0x235
UNC_H_TxR_BL_INSERTS.ALL, 0x333
UNC_H_TxR_BL_INSERTS.SCHED0, 0x133
UNC_H_TxR_BL_INSERTS.SCHED1, 0x233
UNC_H_TxR_STARVED.AK, 0x16d
UNC_H_TxR_STARVED.BL, 0x26d
UNC_H_WPQ_CYCLES_NO_REG_CREDITS.CHN0, 0x118
UNC_H_WPQ_CYCLES_NO_REG_CREDITS.CHN1, 0x218
UNC_H_WPQ_CYCLES_NO_REG_CREDITS.CHN2, 0x418
UNC_H_WPQ_CYCLES_NO_REG_CREDITS.CHN3, 0x818
UNC_H_WPQ_CYCLES_NO_SPEC_CREDITS.CHN0, 0x119
UNC_H_WPQ_CYCLES_NO_SPEC_CREDITS.CHN1, 0x219
UNC_H_WPQ_CYCLES_NO_SPEC_CREDITS.CHN2, 0x419
UNC_H_WPQ_CYCLES_NO_SPEC_CREDITS.CHN3, 0x819
CPL_CYCLES.RING0, 0x15c
CPL_CYCLES.RING0_TRANS, 0x15c
CPL_CYCLES.RING123, 0x25c
LOCK_CYCLES.SPLIT_LOCK_UC_LOCK_DURATION, 0x163
BACLEARS.ANY, 0x1fe6
DSB2MITE_SWITCHES.PENALTY_CYCLES, 0x2ab
ICACHE.HIT, 0x180
ICACHE.IFDATA_STALL, 0x480
ICACHE.MISSES, 0x280
IDQ.ALL_DSB_CYCLES_4_UOPS, 0x1879
IDQ.ALL_DSB_CYCLES_ANY_UOPS, 0x1879
IDQ.ALL_MITE_CYCLES_4_UOPS, 0x2479
IDQ.ALL_MITE_CYCLES_ANY_UOPS, 0x2479
IDQ.DSB_CYCLES, 0x879
IDQ.DSB_UOPS, 0x879
IDQ.EMPTY, 0x279
IDQ.MITE_ALL_UOPS, 0x3c79
IDQ.MITE_CYCLES, 0x479
IDQ.MITE_UOPS, 0x479
IDQ.MS_CYCLES, 0x3079
IDQ.MS_DSB_CYCLES, 0x1079
IDQ.MS_DSB_OCCUR, 0x1079
IDQ.MS_DSB_UOPS, 0x1079
IDQ.MS_MITE_UOPS, 0x2079
IDQ.MS_SWITCHES, 0x3079
IDQ.MS_UOPS, 0x3079
IDQ_UOPS_NOT_DELIVERED.CORE, 0x19c
IDQ_UOPS_NOT_DELIVERED.CYCLES_0_UOPS_DELIV.CORE, 0x19c
IDQ_UOPS_NOT_DELIVERED.CYCLES_FE_WAS_OK, 0x19c
IDQ_UOPS_NOT_DELIVERED.CYCLES_LE_1_UOP_DELIV.CORE, 0x19c
IDQ_UOPS_NOT_DELIVERED.CYCLES_LE_2_UOP_DELIV.CORE, 0x19c
IDQ_UOPS_NOT_DELIVERED.CYCLES_LE_3_UOP_DELIV.CORE, 0x19c
UNC_I_CACHE_TOTAL_OCCUPANCY.ANY, 0x112
UNC_I_CACHE_TOTAL_OCCUPANCY.SOURCE, 0x212
UNC_I_COHERENT_OPS.CLFLUSH, 0x8013
UNC_I_COHERENT_OPS.CRD, 0x213
UNC_I_COHERENT_OPS.DRD, 0x413
UNC_I_COHERENT_OPS.PCIDCAHINT, 0x2013
UNC_I_COHERENT_OPS.PCIRDCUR, 0x113
UNC_I_COHERENT_OPS.PCITOM, 0x1013
UNC_I_COHERENT_OPS.RFO, 0x813
UNC_I_COHERENT_OPS.WBMTOI, 0x4013
UNC_I_MISC0.2ND_ATOMIC_INSERT, 0x1014
UNC_I_MISC0.2ND_RD_INSERT, 0x414
UNC_I_MISC0.2ND_WR_INSERT, 0x814
UNC_I_MISC0.FAST_REJ, 0x214
UNC_I_MISC0.FAST_REQ, 0x114
UNC_I_MISC0.FAST_XFER, 0x2014
UNC_I_MISC0.PF_ACK_HINT, 0x4014
UNC_I_MISC0.PF_TIMEOUT, 0x8014
UNC_I_MISC1.DATA_THROTTLE, 0x8015
UNC_I_MISC1.LOST_FWD, 0x1015
UNC_I_MISC1.SEC_RCVD_INVLD, 0x2015
UNC_I_MISC1.SEC_RCVD_VLD, 0x4015
UNC_I_MISC1.SLOW_E, 0x415
UNC_I_MISC1.SLOW_I, 0x115
UNC_I_MISC1.SLOW_M, 0x815
UNC_I_MISC1.SLOW_S, 0x215
UNC_I_RxR_AK_INSERTS, 0xa
UNC_I_RxR_BL_DRS_CYCLES_FULL, 0x4
UNC_I_RxR_BL_DRS_INSERTS, 0x1
UNC_I_RxR_BL_DRS_OCCUPANCY, 0x7
UNC_I_RxR_BL_NCB_CYCLES_FULL, 0x5
UNC_I_RxR_BL_NCB_INSERTS, 0x2
UNC_I_RxR_BL_NCB_OCCUPANCY, 0x8
UNC_I_RxR_BL_NCS_CYCLES_FULL, 0x6
UNC_I_RxR_BL_NCS_INSERTS, 0x3
UNC_I_RxR_BL_NCS_OCCUPANCY, 0x9
UNC_I_SNOOP_RESP.HIT_ES, 0x417
UNC_I_SNOOP_RESP.HIT_I, 0x217
UNC_I_SNOOP_RESP.HIT_M, 0x817
UNC_I_SNOOP_RESP.MISS, 0x117
UNC_I_SNOOP_RESP.SNPCODE, 0x1017
UNC_I_SNOOP_RESP.SNPDATA, 0x2017
UNC_I_SNOOP_RESP.SNPINV, 0x4017
UNC_I_TRANSACTIONS.ATOMIC, 0x1016
UNC_I_TRANSACTIONS.OTHER, 0x2016
UNC_I_TRANSACTIONS.RD_PREF, 0x416
UNC_I_TRANSACTIONS.READS, 0x116
UNC_I_TRANSACTIONS.WRITES, 0x216
UNC_I_TRANSACTIONS.WR_PREF, 0x816
UNC_I_TxR_AD_STALL_CREDIT_CYCLES, 0x18
UNC_I_TxR_BL_STALL_CREDIT_CYCLES, 0x19
UNC_I_TxR_DATA_INSERTS_NCB, 0xe
UNC_I_TxR_DATA_INSERTS_NCS, 0xf
UNC_I_TxR_REQUEST_OCCUPANCY, 0xd
UNC_U_EVENT_MSG.DOORBELL_RCVD, 0x842
UNC_U_FILTER_MATCH.DISABLE, 0x241
UNC_U_FILTER_MATCH.ENABLE, 0x141
UNC_U_FILTER_MATCH.U2C_DISABLE, 0x841
UNC_U_FILTER_MATCH.U2C_ENABLE, 0x441
UNC_U_PHOLD_CYCLES.ASSERT_TO_ACK, 0x145
UNC_U_RACU_REQUESTS, 0x46
UNC_U_U2C_EVENTS.CMC, 0x1043
UNC_U_U2C_EVENTS.LIVELOCK, 0x443
UNC_U_U2C_EVENTS.LTERROR, 0x843
UNC_U_U2C_EVENTS.MONITOR_T0, 0x143
UNC_U_U2C_EVENTS.MONITOR_T1, 0x243
UNC_U_U2C_EVENTS.OTHER, 0x8043
UNC_U_U2C_EVENTS.TRAP, 0x4043
UNC_U_U2C_EVENTS.UMC, 0x2043
ARITH.FPU_DIV_ACTIVE, 0x114
BR_INST_EXEC.ALL_BRANCHES, 0xff88
BR_INST_EXEC.ALL_CONDITIONAL, 0xc188
BR_INST_EXEC.ALL_DIRECT_JMP, 0xc288
BR_INST_EXEC.ALL_DIRECT_NEAR_CALL, 0xd088
BR_INST_EXEC.ALL_INDIRECT_JUMP_NON_CALL_RET, 0xc488
BR_INST_EXEC.ALL_INDIRECT_NEAR_RETURN, 0xc888
BR_INST_EXEC.NONTAKEN_CONDITIONAL, 0x4188
BR_INST_EXEC.TAKEN_CONDITIONAL, 0x8188
BR_INST_EXEC.TAKEN_DIRECT_JUMP, 0x8288
BR_INST_EXEC.TAKEN_DIRECT_NEAR_CALL, 0x9088
BR_INST_EXEC.TAKEN_INDIRECT_JUMP_NON_CALL_RET, 0x8488
BR_INST_EXEC.TAKEN_INDIRECT_NEAR_CALL, 0xa088
BR_INST_EXEC.TAKEN_INDIRECT_NEAR_RETURN, 0x8888
BR_INST_RETIRED.ALL_BRANCHES, 0xc4
BR_INST_RETIRED.ALL_BRANCHES_PEBS, 0x4c4
BR_INST_RETIRED.CONDITIONAL, 0x1c4
BR_INST_RETIRED.FAR_BRANCH, 0x40c4
BR_INST_RETIRED.NEAR_CALL, 0x2c4
BR_INST_RETIRED.NEAR_CALL_R3, 0x2c4
BR_INST_RETIRED.NEAR_RETURN, 0x8c4
BR_INST_RETIRED.NEAR_TAKEN, 0x20c4
BR_INST_RETIRED.NOT_TAKEN, 0x10c4
BR_MISP_EXEC.ALL_BRANCHES, 0xff89
BR_MISP_EXEC.ALL_CONDITIONAL, 0xc189
BR_MISP_EXEC.ALL_INDIRECT_JUMP_NON_CALL_RET, 0xc489
BR_MISP_EXEC.INDIRECT, 0xe489
BR_MISP_EXEC.NONTAKEN_CONDITIONAL, 0x4189
BR_MISP_EXEC.TAKEN_CONDITIONAL, 0x8189
BR_MISP_EXEC.TAKEN_INDIRECT_JUMP_NON_CALL_RET, 0x8489
BR_MISP_EXEC.TAKEN_INDIRECT_NEAR_CALL, 0xa089
BR_MISP_EXEC.TAKEN_RETURN_NEAR, 0x8889
BR_MISP_RETIRED.ALL_BRANCHES, 0xc5
BR_MISP_RETIRED.ALL_BRANCHES_PEBS, 0x4c5
BR_MISP_RETIRED.CONDITIONAL, 0x1c5
BR_MISP_RETIRED.NEAR_TAKEN, 0x20c5
BR_MISP_RETIRED.RET, 0x8c5
CPU_CLK_THREAD_UNHALTED.ONE_THREAD_ACTIVE, 0x23c
CPU_CLK_THREAD_UNHALTED.REF_XCLK, 0x13c
CPU_CLK_THREAD_UNHALTED.REF_XCLK_ANY, 0x13c
CPU_CLK_UNHALTED.ONE_THREAD_ACTIVE, 0x23c
CPU_CLK_UNHALTED.REF_XCLK, 0x13c
CPU_CLK_UNHALTED.REF_XCLK_ANY, 0x13c
CPU_CLK_UNHALTED.THREAD_P, 0x3c
CPU_CLK_UNHALTED.THREAD_P_ANY, 0x3c
CYCLE_ACTIVITY.CYCLES_L1D_MISS, 0x8a3
CYCLE_ACTIVITY.CYCLES_L1D_PENDING, 0x8a3
CYCLE_ACTIVITY.CYCLES_L2_MISS, 0x1a3
CYCLE_ACTIVITY.CYCLES_L2_PENDING, 0x1a3
CYCLE_ACTIVITY.CYCLES_LDM_PENDING, 0x2a3
CYCLE_ACTIVITY.CYCLES_MEM_ANY, 0x2a3
CYCLE_ACTIVITY.CYCLES_NO_EXECUTE, 0x4a3
CYCLE_ACTIVITY.STALLS_L1D_MISS, 0xca3
CYCLE_ACTIVITY.STALLS_L1D_PENDING, 0xca3
CYCLE_ACTIVITY.STALLS_L2_MISS, 0x5a3
CYCLE_ACTIVITY.STALLS_L2_PENDING, 0x5a3
CYCLE_ACTIVITY.STALLS_LDM_PENDING, 0x6a3
CYCLE_ACTIVITY.STALLS_MEM_ANY, 0x6a3
CYCLE_ACTIVITY.STALLS_TOTAL, 0x4a3
ILD_STALL.LCP, 0x187
INST_RETIRED.ANY_P, 0xc0
INST_RETIRED.PREC_DIST, 0x1c0
INST_RETIRED.X87, 0x2c0
INT_MISC.RAT_STALL_CYCLES, 0x80d
INT_MISC.RECOVERY_CYCLES, 0x30d
INT_MISC.RECOVERY_CYCLES_ANY, 0x30d
LD_BLOCKS.NO_SR, 0x803
LD_BLOCKS.STORE_FORWARD, 0x203
LD_BLOCKS_PARTIAL.ADDRESS_ALIAS, 0x107
LOAD_HIT_PRE.HW_PF, 0x24c
LOAD_HIT_PRE.SW_PF, 0x14c
LSD.CYCLES_4_UOPS, 0x1a8
LSD.CYCLES_ACTIVE, 0x1a8
LSD.UOPS, 0x1a8
MACHINE_CLEARS.COUNT, 0x1c3
MACHINE_CLEARS.CYCLES, 0x1c3
MACHINE_CLEARS.MASKMOV, 0x20c3
MACHINE_CLEARS.SMC, 0x4c3
MOVE_ELIMINATION.INT_ELIMINATED, 0x158
MOVE_ELIMINATION.INT_NOT_ELIMINATED, 0x458
OTHER_ASSISTS.ANY_WB_ASSIST, 0x40c1
RESOURCE_STALLS.ANY, 0x1a2
RESOURCE_STALLS.ROB, 0x10a2
RESOURCE_STALLS.RS, 0x4a2
RESOURCE_STALLS.SB, 0x8a2
ROB_MISC_EVENTS.LBR_INSERTS, 0x20cc
RS_EVENTS.EMPTY_CYCLES, 0x15e
RS_EVENTS.EMPTY_END, 0x15e
UOPS_DISPATCHED_PORT.PORT_0, 0x1a1
UOPS_DISPATCHED_PORT.PORT_1, 0x2a1
UOPS_DISPATCHED_PORT.PORT_2, 0x4a1
UOPS_DISPATCHED_PORT.PORT_3, 0x8a1
UOPS_DISPATCHED_PORT.PORT_4, 0x10a1
UOPS_DISPATCHED_PORT.PORT_5, 0x20a1
UOPS_DISPATCHED_PORT.PORT_6, 0x40a1
UOPS_DISPATCHED_PORT.PORT_7, 0x80a1
UOPS_EXECUTED.CORE, 0x2b1
UOPS_EXECUTED.CORE_CYCLES_GE_1, 0x2b1
UOPS_EXECUTED.CORE_CYCLES_GE_2, 0x2b1
UOPS_EXECUTED.CORE_CYCLES_GE_3, 0x2b1
UOPS_EXECUTED.CORE_CYCLES_GE_4, 0x2b1
UOPS_EXECUTED.CORE_CYCLES_NONE, 0x2b1
UOPS_EXECUTED.CYCLES_GE_1_UOP_EXEC, 0x1b1
UOPS_EXECUTED.CYCLES_GE_2_UOPS_EXEC, 0x1b1
UOPS_EXECUTED.CYCLES_GE_3_UOPS_EXEC, 0x1b1
UOPS_EXECUTED.CYCLES_GE_4_UOPS_EXEC, 0x1b1
UOPS_EXECUTED.STALL_CYCLES, 0x1b1
UOPS_EXECUTED.THREAD, 0x1b1
UOPS_EXECUTED_PORT.PORT_0, 0x1a1
UOPS_EXECUTED_PORT.PORT_0_CORE, 0x1a1
UOPS_EXECUTED_PORT.PORT_1, 0x2a1
UOPS_EXECUTED_PORT.PORT_1_CORE, 0x2a1
UOPS_EXECUTED_PORT.PORT_2, 0x4a1
UOPS_EXECUTED_PORT.PORT_2_CORE, 0x4a1
UOPS_EXECUTED_PORT.PORT_3, 0x8a1
UOPS_EXECUTED_PORT.PORT_3_CORE, 0x8a1
UOPS_EXECUTED_PORT.PORT_4, 0x10a1
UOPS_EXECUTED_PORT.PORT_4_CORE, 0x10a1
UOPS_EXECUTED_PORT.PORT_5, 0x20a1
UOPS_EXECUTED_PORT.PORT_5_CORE, 0x20a1
UOPS_EXECUTED_PORT.PORT_6, 0x40a1
UOPS_EXECUTED_PORT.PORT_6_CORE, 0x40a1
UOPS_EXECUTED_PORT.PORT_7, 0x80a1
UOPS_EXECUTED_PORT.PORT_7_CORE, 0x80a1
UOPS_ISSUED.ANY, 0x10e
UOPS_ISSUED.FLAGS_MERGE, 0x100e
UOPS_ISSUED.SINGLE_MUL, 0x400e
UOPS_ISSUED.SLOW_LEA, 0x200e
UOPS_ISSUED.STALL_CYCLES, 0x10e
UOPS_RETIRED.ALL, 0x1c2
UOPS_RETIRED.RETIRE_SLOTS, 0x2c2
UOPS_RETIRED.STALL_CYCLES, 0x1c2
UOPS_RETIRED.TOTAL_CYCLES, 0x1c2
UNC_R2_CLOCKTICKS, 0x1
UNC_R2_IIO_CREDIT.ISOCH_QPI0, 0x42d
UNC_R2_IIO_CREDIT.ISOCH_QPI1, 0x82d
UNC_R2_IIO_CREDIT.PRQ_QPI0, 0x12d
UNC_R2_IIO_CREDIT.PRQ_QPI1, 0x22d
UNC_R2_IIO_CREDITS_ACQUIRED.DRS, 0x833
UNC_R2_IIO_CREDITS_ACQUIRED.NCB, 0x1033
UNC_R2_IIO_CREDITS_ACQUIRED.NCS, 0x2033
UNC_R2_IIO_CREDITS_USED.DRS, 0x832
UNC_R2_IIO_CREDITS_USED.NCB, 0x1032
UNC_R2_IIO_CREDITS_USED.NCS, 0x2032
UNC_R2_RING_AD_USED.ALL, 0xf07
UNC_R2_RING_AD_USED.CCW, 0xc07
UNC_R2_RING_AD_USED.CCW_EVEN, 0x407
UNC_R2_RING_AD_USED.CCW_ODD, 0x807
UNC_R2_RING_AD_USED.CW, 0x307
UNC_R2_RING_AD_USED.CW_EVEN, 0x107
UNC_R2_RING_AD_USED.CW_ODD, 0x207
UNC_R2_RING_AK_BOUNCES.DN, 0x212
UNC_R2_RING_AK_BOUNCES.UP, 0x112
UNC_R2_RING_AK_USED.ALL, 0xf08
UNC_R2_RING_AK_USED.CCW, 0xc08
UNC_R2_RING_AK_USED.CCW_EVEN, 0x408
UNC_R2_RING_AK_USED.CCW_ODD, 0x808
UNC_R2_RING_AK_USED.CW, 0x308
UNC_R2_RING_AK_USED.CW_EVEN, 0x108
UNC_R2_RING_AK_USED.CW_ODD, 0x208
UNC_R2_RING_BL_USED.ALL, 0xf09
UNC_R2_RING_BL_USED.CCW, 0xc09
UNC_R2_RING_BL_USED.CCW_EVEN, 0x409
UNC_R2_RING_BL_USED.CCW_ODD, 0x809
UNC_R2_RING_BL_USED.CW, 0x309
UNC_R2_RING_BL_USED.CW_EVEN, 0x109
UNC_R2_RING_BL_USED.CW_ODD, 0x209
UNC_R2_RING_IV_USED.ANY, 0xf0a
UNC_R2_RING_IV_USED.CCW, 0xc0a
UNC_R2_RING_IV_USED.CW, 0x30a
UNC_R2_RxR_CYCLES_NE.NCB, 0x1010
UNC_R2_RxR_CYCLES_NE.NCS, 0x2010
UNC_R2_RxR_INSERTS.NCB, 0x1011
UNC_R2_RxR_INSERTS.NCS, 0x2011
UNC_R2_RxR_OCCUPANCY.DRS, 0x813
UNC_R2_SBO0_CREDITS_ACQUIRED.AD, 0x128
UNC_R2_SBO0_CREDITS_ACQUIRED.BL, 0x228
UNC_R2_SBO0_CREDIT_OCCUPANCY.AD, 0x12a
UNC_R2_SBO0_CREDIT_OCCUPANCY.BL, 0x22a
UNC_R2_STALL_NO_SBO_CREDIT.SBO0_AD, 0x12c
UNC_R2_STALL_NO_SBO_CREDIT.SBO0_BL, 0x42c
UNC_R2_STALL_NO_SBO_CREDIT.SBO1_AD, 0x22c
UNC_R2_STALL_NO_SBO_CREDIT.SBO1_BL, 0x82c
UNC_R2_TxR_CYCLES_FULL.AD, 0x125
UNC_R2_TxR_CYCLES_FULL.AK, 0x225
UNC_R2_TxR_CYCLES_FULL.BL, 0x425
UNC_R2_TxR_CYCLES_NE.AD, 0x123
UNC_R2_TxR_CYCLES_NE.AK, 0x223
UNC_R2_TxR_CYCLES_NE.BL, 0x423
UNC_R2_TxR_NACK_CW.DN_AD, 0x126
UNC_R2_TxR_NACK_CW.DN_AK, 0x426
UNC_R2_TxR_NACK_CW.DN_BL, 0x226
UNC_R2_TxR_NACK_CW.UP_AD, 0x826
UNC_R2_TxR_NACK_CW.UP_AK, 0x2026
UNC_R2_TxR_NACK_CW.UP_BL, 0x1026
L1D.REPLACEMENT, 0x151
L1D_PEND_MISS.FB_FULL, 0x248
L1D_PEND_MISS.PENDING, 0x148
L1D_PEND_MISS.PENDING_CYCLES, 0x148
L1D_PEND_MISS.PENDING_CYCLES_ANY, 0x148
L2_DEMAND_RQSTS.WB_HIT, 0x5027
L2_LINES_IN.ALL, 0x7f1
L2_LINES_IN.E, 0x4f1
L2_LINES_IN.I, 0x1f1
L2_LINES_IN.S, 0x2f1
L2_LINES_OUT.DEMAND_CLEAN, 0x5f2
L2_RQSTS.ALL_CODE_RD, 0xe424
L2_RQSTS.ALL_DEMAND_DATA_RD, 0xe124
L2_RQSTS.ALL_DEMAND_MISS, 0x2724
L2_RQSTS.ALL_DEMAND_REFERENCES, 0xe724
L2_RQSTS.ALL_PF, 0xf824
L2_RQSTS.ALL_RFO, 0xe224
L2_RQSTS.CODE_RD_HIT, 0xc424
L2_RQSTS.CODE_RD_MISS, 0x2424
L2_RQSTS.DEMAND_DATA_RD_HIT, 0xc124
L2_RQSTS.DEMAND_DATA_RD_MISS, 0x2124
L2_RQSTS.L2_PF_HIT, 0xd024
L2_RQSTS.L2_PF_MISS, 0x3024
L2_RQSTS.MISS, 0x3f24
L2_RQSTS.REFERENCES, 0xff24
L2_RQSTS.RFO_HIT, 0xc224
L2_RQSTS.RFO_MISS, 0x2224
L2_TRANS.ALL_PF, 0x8f0
L2_TRANS.ALL_REQUESTS, 0x80f0
L2_TRANS.CODE_RD, 0x4f0
L2_TRANS.DEMAND_DATA_RD, 0x1f0
L2_TRANS.L1D_WB, 0x10f0
L2_TRANS.L2_FILL, 0x20f0
L2_TRANS.L2_WB, 0x40f0
L2_TRANS.RFO, 0x2f0
LOCK_CYCLES.CACHE_LOCK_DURATION, 0x263
LONGEST_LAT_CACHE.MISS, 0x412e
LONGEST_LAT_CACHE.REFERENCE, 0x4f2e
MEM_LOAD_UOPS_L3_HIT_RETIRED.XSNP_HIT, 0x2d2
MEM_LOAD_UOPS_L3_HIT_RETIRED.XSNP_HITM, 0x4d2
MEM_LOAD_UOPS_L3_HIT_RETIRED.XSNP_MISS, 0x1d2
MEM_LOAD_UOPS_L3_HIT_RETIRED.XSNP_NONE, 0x8d2
MEM_LOAD_UOPS_L3_MISS_RETIRED.LOCAL_DRAM, 0x1d3
MEM_LOAD_UOPS_L3_MISS_RETIRED.REMOTE_DRAM, 0x4d3
MEM_LOAD_UOPS_L3_MISS_RETIRED.REMOTE_FWD, 0x20d3
MEM_LOAD_UOPS_L3_MISS_RETIRED.REMOTE_HITM, 0x10d3
MEM_LOAD_UOPS_RETIRED.HIT_LFB, 0x40d1
MEM_LOAD_UOPS_RETIRED.L1_HIT, 0x1d1
MEM_LOAD_UOPS_RETIRED.L1_MISS, 0x8d1
MEM_LOAD_UOPS_RETIRED.L2_HIT, 0x2d1
MEM_LOAD_UOPS_RETIRED.L2_MISS, 0x10d1
MEM_LOAD_UOPS_RETIRED.L3_HIT, 0x4d1
MEM_LOAD_UOPS_RETIRED.L3_MISS, 0x20d1
MEM_UOPS_RETIRED.ALL_LOADS, 0x81d0
MEM_UOPS_RETIRED.ALL_STORES, 0x82d0
MEM_UOPS_RETIRED.LOCK_LOADS, 0x21d0
MEM_UOPS_RETIRED.SPLIT_LOADS, 0x41d0
MEM_UOPS_RETIRED.SPLIT_STORES, 0x42d0
MEM_UOPS_RETIRED.STLB_MISS_LOADS, 0x11d0
MEM_UOPS_RETIRED.STLB_MISS_STORES, 0x12d0
OFFCORE_REQUESTS.ALL_DATA_RD, 0x8b0
OFFCORE_REQUESTS.ALL_REQUESTS, 0x80b0
OFFCORE_REQUESTS.DEMAND_CODE_RD, 0x2b0
OFFCORE_REQUESTS.DEMAND_DATA_RD, 0x1b0
OFFCORE_REQUESTS.DEMAND_RFO, 0x4b0
OFFCORE_REQUESTS_BUFFER.SQ_FULL, 0x1b2
OFFCORE_REQUESTS_OUTSTANDING.ALL_DATA_RD, 0x860
OFFCORE_REQUESTS_OUTSTANDING.CYCLES_WITH_DATA_RD, 0x860
OFFCORE_REQUESTS_OUTSTANDING.CYCLES_WITH_DEMAND_DATA_RD, 0x160
OFFCORE_REQUESTS_OUTSTANDING.CYCLES_WITH_DEMAND_RFO, 0x460
OFFCORE_REQUESTS_OUTSTANDING.DEMAND_CODE_RD, 0x260
OFFCORE_REQUESTS_OUTSTANDING.DEMAND_DATA_RD, 0x160
OFFCORE_REQUESTS_OUTSTANDING.DEMAND_DATA_RD_GE_6, 0x160
OFFCORE_REQUESTS_OUTSTANDING.DEMAND_RFO, 0x460
SQ_MISC.SPLIT_LOCK, 0x10f4
UNC_M_ACT_COUNT.BYP, 0x801
UNC_M_ACT_COUNT.RD, 0x101
UNC_M_ACT_COUNT.WR, 0x201
UNC_M_BYP_CMDS.ACT, 0x1a1
UNC_M_BYP_CMDS.CAS, 0x2a1
UNC_M_BYP_CMDS.PRE, 0x4a1
UNC_M_CAS_COUNT.ALL, 0xf04
UNC_M_CAS_COUNT.RD, 0x304
UNC_M_CAS_COUNT.RD_REG, 0x104
UNC_M_CAS_COUNT.RD_RMM, 0x2004
UNC_M_CAS_COUNT.RD_UNDERFILL, 0x204
UNC_M_CAS_COUNT.RD_WMM, 0x1004
UNC_M_CAS_COUNT.WR, 0xc04
UNC_M_CAS_COUNT.WR_RMM, 0x804
UNC_M_CAS_COUNT.WR_WMM, 0x404
UNC_M_DRAM_PRE_ALL, 0x6
UNC_M_DRAM_REFRESH.HIGH, 0x405
UNC_M_DRAM_REFRESH.PANIC, 0x205
UNC_M_ECC_CORRECTABLE_ERRORS, 0x9
UNC_M_MAJOR_MODES.ISOCH, 0x807
UNC_M_MAJOR_MODES.PARTIAL, 0x407
UNC_M_MAJOR_MODES.READ, 0x107
UNC_M_MAJOR_MODES.WRITE, 0x207
UNC_M_POWER_CHANNEL_DLLOFF, 0x84
UNC_M_POWER_CHANNEL_PPD, 0x85
UNC_M_POWER_CKE_CYCLES.RANK0, 0x183
UNC_M_POWER_CKE_CYCLES.RANK1, 0x283
UNC_M_POWER_CKE_CYCLES.RANK2, 0x483
UNC_M_POWER_CKE_CYCLES.RANK3, 0x883
UNC_M_POWER_CKE_CYCLES.RANK4, 0x1083
UNC_M_POWER_CKE_CYCLES.RANK5, 0x2083
UNC_M_POWER_CKE_CYCLES.RANK6, 0x4083
UNC_M_POWER_CKE_CYCLES.RANK7, 0x8083
UNC_M_POWER_CRITICAL_THROTTLE_CYCLES, 0x86
UNC_M_POWER_PCU_THROTTLING, 0x42
UNC_M_POWER_SELF_REFRESH, 0x43
UNC_M_POWER_THROTTLE_CYCLES.RANK0, 0x141
UNC_M_POWER_THROTTLE_CYCLES.RANK1, 0x241
UNC_M_POWER_THROTTLE_CYCLES.RANK2, 0x441
UNC_M_POWER_THROTTLE_CYCLES.RANK3, 0x841
UNC_M_POWER_THROTTLE_CYCLES.RANK4, 0x1041
UNC_M_POWER_THROTTLE_CYCLES.RANK5, 0x2041
UNC_M_POWER_THROTTLE_CYCLES.RANK6, 0x4041
UNC_M_POWER_THROTTLE_CYCLES.RANK7, 0x8041
UNC_M_PREEMPTION.RD_PREEMPT_RD, 0x108
UNC_M_PREEMPTION.RD_PREEMPT_WR, 0x208
UNC_M_PRE_COUNT.BYP, 0x1002
UNC_M_PRE_COUNT.PAGE_CLOSE, 0x202
UNC_M_PRE_COUNT.PAGE_MISS, 0x102
UNC_M_PRE_COUNT.RD, 0x402
UNC_M_PRE_COUNT.WR, 0x802
UNC_M_RD_CAS_PRIO.HIGH, 0x4a0
UNC_M_RD_CAS_PRIO.LOW, 0x1a0
UNC_M_RD_CAS_PRIO.MED, 0x2a0
UNC_M_RD_CAS_PRIO.PANIC, 0x8a0
UNC_M_RD_CAS_RANK0.ALLBANKS, 0x10b0
UNC_M_RD_CAS_RANK0.BANK0, 0xb0
UNC_M_RD_CAS_RANK0.BANK1, 0x1b0
UNC_M_RD_CAS_RANK0.BANK10, 0xab0
UNC_M_RD_CAS_RANK0.BANK11, 0xbb0
UNC_M_RD_CAS_RANK0.BANK12, 0xcb0
UNC_M_RD_CAS_RANK0.BANK13, 0xdb0
UNC_M_RD_CAS_RANK0.BANK14, 0xeb0
UNC_M_RD_CAS_RANK0.BANK15, 0xfb0
UNC_M_RD_CAS_RANK0.BANK2, 0x2b0
UNC_M_RD_CAS_RANK0.BANK3, 0x3b0
UNC_M_RD_CAS_RANK0.BANK4, 0x4b0
UNC_M_RD_CAS_RANK0.BANK5, 0x5b0
UNC_M_RD_CAS_RANK0.BANK6, 0x6b0
UNC_M_RD_CAS_RANK0.BANK7, 0x7b0
UNC_M_RD_CAS_RANK0.BANK8, 0x8b0
UNC_M_RD_CAS_RANK0.BANK9, 0x9b0
UNC_M_RD_CAS_RANK0.BANKG0, 0x11b0
UNC_M_RD_CAS_RANK0.BANKG1, 0x12b0
UNC_M_RD_CAS_RANK0.BANKG2, 0x13b0
UNC_M_RD_CAS_RANK0.BANKG3, 0x14b0
UNC_M_RD_CAS_RANK1.ALLBANKS, 0x10b1
UNC_M_RD_CAS_RANK1.BANK0, 0xb1
UNC_M_RD_CAS_RANK1.BANK1, 0x1b1
UNC_M_RD_CAS_RANK1.BANK10, 0xab1
UNC_M_RD_CAS_RANK1.BANK11, 0xbb1
UNC_M_RD_CAS_RANK1.BANK12, 0xcb1
UNC_M_RD_CAS_RANK1.BANK13, 0xdb1
UNC_M_RD_CAS_RANK1.BANK14, 0xeb1
UNC_M_RD_CAS_RANK1.BANK15, 0xfb1
UNC_M_RD_CAS_RANK1.BANK2, 0x2b1
UNC_M_RD_CAS_RANK1.BANK3, 0x3b1
UNC_M_RD_CAS_RANK1.BANK4, 0x4b1
UNC_M_RD_CAS_RANK1.BANK5, 0x5b1
UNC_M_RD_CAS_RANK1.BANK6, 0x6b1
UNC_M_RD_CAS_RANK1.BANK7, 0x7b1
UNC_M_RD_CAS_RANK1.BANK8, 0x8b1
UNC_M_RD_CAS_RANK1.BANK9, 0x9b1
UNC_M_RD_CAS_RANK1.BANKG0, 0x11b1
UNC_M_RD_CAS_RANK1.BANKG1, 0x12b1
UNC_M_RD_CAS_RANK1.BANKG2, 0x13b1
UNC_M_RD_CAS_RANK1.BANKG3, 0x14b1
UNC_M_RD_CAS_RANK2.BANK0, 0xb2
UNC_M_RD_CAS_RANK4.ALLBANKS, 0x10b4
UNC_M_RD_CAS_RANK4.BANK0, 0xb4
UNC_M_RD_CAS_RANK4.BANK1, 0x1b4
UNC_M_RD_CAS_RANK4.BANK10, 0xab4
UNC_M_RD_CAS_RANK4.BANK11, 0xbb4
UNC_M_RD_CAS_RANK4.BANK12, 0xcb4
UNC_M_RD_CAS_RANK4.BANK13, 0xdb4
UNC_M_RD_CAS_RANK4.BANK14, 0xeb4
UNC_M_RD_CAS_RANK4.BANK15, 0xfb4
UNC_M_RD_CAS_RANK4.BANK2, 0x2b4
UNC_M_RD_CAS_RANK4.BANK3, 0x3b4
UNC_M_RD_CAS_RANK4.BANK4, 0x4b4
UNC_M_RD_CAS_RANK4.BANK5, 0x5b4
UNC_M_RD_CAS_RANK4.BANK6, 0x6b4
UNC_M_RD_CAS_RANK4.BANK7, 0x7b4
UNC_M_RD_CAS_RANK4.BANK8, 0x8b4
UNC_M_RD_CAS_RANK4.BANK9, 0x9b4
UNC_M_RD_CAS_RANK4.BANKG0, 0x11b4
UNC_M_RD_CAS_RANK4.BANKG1, 0x12b4
UNC_M_RD_CAS_RANK4.BANKG2, 0x13b4
UNC_M_RD_CAS_RANK4.BANKG3, 0x14b4
UNC_M_RD_CAS_RANK5.ALLBANKS, 0x10b5
UNC_M_RD_CAS_RANK5.BANK0, 0xb5
UNC_M_RD_CAS_RANK5.BANK1, 0x1b5
UNC_M_RD_CAS_RANK5.BANK10, 0xab5
UNC_M_RD_CAS_RANK5.BANK11, 0xbb5
UNC_M_RD_CAS_RANK5.BANK12, 0xcb5
UNC_M_RD_CAS_RANK5.BANK13, 0xdb5
UNC_M_RD_CAS_RANK5.BANK14, 0xeb5
UNC_M_RD_CAS_RANK5.BANK15, 0xfb5
UNC_M_RD_CAS_RANK5.BANK2, 0x2b5
UNC_M_RD_CAS_RANK5.BANK3, 0x3b5
UNC_M_RD_CAS_RANK5.BANK4, 0x4b5
UNC_M_RD_CAS_RANK5.BANK5, 0x5b5
UNC_M_RD_CAS_RANK5.BANK6, 0x6b5
UNC_M_RD_CAS_RANK5.BANK7, 0x7b5
UNC_M_RD_CAS_RANK5.BANK8, 0x8b5
UNC_M_RD_CAS_RANK5.BANK9, 0x9b5
UNC_M_RD_CAS_RANK5.BANKG0, 0x11b5
UNC_M_RD_CAS_RANK5.BANKG1, 0x12b5
UNC_M_RD_CAS_RANK5.BANKG2, 0x13b5
UNC_M_RD_CAS_RANK5.BANKG3, 0x14b5
UNC_M_RD_CAS_RANK6.ALLBANKS, 0x10b6
UNC_M_RD_CAS_RANK6.BANK0, 0xb6
UNC_M_RD_CAS_RANK6.BANK1, 0x1b6
UNC_M_RD_CAS_RANK6.BANK10, 0xab6
UNC_M_RD_CAS_RANK6.BANK11, 0xbb6
UNC_M_RD_CAS_RANK6.BANK12, 0xcb6
UNC_M_RD_CAS_RANK6.BANK13, 0xdb6
UNC_M_RD_CAS_RANK6.BANK14, 0xeb6
UNC_M_RD_CAS_RANK6.BANK15, 0xfb6
UNC_M_RD_CAS_RANK6.BANK2, 0x2b6
UNC_M_RD_CAS_RANK6.BANK3, 0x3b6
UNC_M_RD_CAS_RANK6.BANK4, 0x4b6
UNC_M_RD_CAS_RANK6.BANK5, 0x5b6
UNC_M_RD_CAS_RANK6.BANK6, 0x6b6
UNC_M_RD_CAS_RANK6.BANK7, 0x7b6
UNC_M_RD_CAS_RANK6.BANK8, 0x8b6
UNC_M_RD_CAS_RANK6.BANK9, 0x9b6
UNC_M_RD_CAS_RANK6.BANKG0, 0x11b6
UNC_M_RD_CAS_RANK6.BANKG1, 0x12b6
UNC_M_RD_CAS_RANK6.BANKG2, 0x13b6
UNC_M_RD_CAS_RANK6.BANKG3, 0x14b6
UNC_M_RD_CAS_RANK7.ALLBANKS, 0x10b7
UNC_M_RD_CAS_RANK7.BANK0, 0xb7
UNC_M_RD_CAS_RANK7.BANK1, 0x1b7
UNC_M_RD_CAS_RANK7.BANK10, 0xab7
UNC_M_RD_CAS_RANK7.BANK11, 0xbb7
UNC_M_RD_CAS_RANK7.BANK12, 0xcb7
UNC_M_RD_CAS_RANK7.BANK13, 0xdb7
UNC_M_RD_CAS_RANK7.BANK14, 0xeb7
UNC_M_RD_CAS_RANK7.BANK15, 0xfb7
UNC_M_RD_CAS_RANK7.BANK2, 0x2b7
UNC_M_RD_CAS_RANK7.BANK3, 0x3b7
UNC_M_RD_CAS_RANK7.BANK4, 0x4b7
UNC_M_RD_CAS_RANK7.BANK5, 0x5b7
UNC_M_RD_CAS_RANK7.BANK6, 0x6b7
UNC_M_RD_CAS_RANK7.BANK7, 0x7b7
UNC_M_RD_CAS_RANK7.BANK8, 0x8b7
UNC_M_RD_CAS_RANK7.BANK9, 0x9b7
UNC_M_RD_CAS_RANK7.BANKG0, 0x11b7
UNC_M_RD_CAS_RANK7.BANKG1, 0x12b7
UNC_M_RD_CAS_RANK7.BANKG2, 0x13b7
UNC_M_RD_CAS_RANK7.BANKG3, 0x14b7
UNC_M_RPQ_CYCLES_NE, 0x11
UNC_M_RPQ_INSERTS, 0x10
UNC_M_VMSE_MXB_WR_OCCUPANCY, 0x91
UNC_M_VMSE_WR_PUSH.RMM, 0x290
UNC_M_VMSE_WR_PUSH.WMM, 0x190
UNC_M_WMM_TO_RMM.LOW_THRESH, 0x1c0
UNC_M_WMM_TO_RMM.STARVE, 0x2c0
UNC_M_WMM_TO_RMM.VMSE_RETRY, 0x4c0
UNC_M_WPQ_CYCLES_FULL, 0x22
UNC_M_WPQ_CYCLES_NE, 0x21
UNC_M_WPQ_READ_HIT, 0x23
UNC_M_WPQ_WRITE_HIT, 0x24
UNC_M_WRONG_MM, 0xc1
UNC_M_WR_CAS_RANK0.ALLBANKS, 0x10b8
UNC_M_WR_CAS_RANK0.BANK0, 0xb8
UNC_M_WR_CAS_RANK0.BANK1, 0x1b8
UNC_M_WR_CAS_RANK0.BANK10, 0xab8
UNC_M_WR_CAS_RANK0.BANK11, 0xbb8
UNC_M_WR_CAS_RANK0.BANK12, 0xcb8
UNC_M_WR_CAS_RANK0.BANK13, 0xdb8
UNC_M_WR_CAS_RANK0.BANK14, 0xeb8
UNC_M_WR_CAS_RANK0.BANK15, 0xfb8
UNC_M_WR_CAS_RANK0.BANK2, 0x2b8
UNC_M_WR_CAS_RANK0.BANK3, 0x3b8
UNC_M_WR_CAS_RANK0.BANK4, 0x4b8
UNC_M_WR_CAS_RANK0.BANK5, 0x5b8
UNC_M_WR_CAS_RANK0.BANK6, 0x6b8
UNC_M_WR_CAS_RANK0.BANK7, 0x7b8
UNC_M_WR_CAS_RANK0.BANK8, 0x8b8
UNC_M_WR_CAS_RANK0.BANK9, 0x9b8
UNC_M_WR_CAS_RANK0.BANKG0, 0x11b8
UNC_M_WR_CAS_RANK0.BANKG1, 0x12b8
UNC_M_WR_CAS_RANK0.BANKG2, 0x13b8
UNC_M_WR_CAS_RANK0.BANKG3, 0x14b8
UNC_M_WR_CAS_RANK1.ALLBANKS, 0x10b9
UNC_M_WR_CAS_RANK1.BANK0, 0xb9
UNC_M_WR_CAS_RANK1.BANK1, 0x1b9
UNC_M_WR_CAS_RANK1.BANK10, 0xab9
UNC_M_WR_CAS_RANK1.BANK11, 0xbb9
UNC_M_WR_CAS_RANK1.BANK12, 0xcb9
UNC_M_WR_CAS_RANK1.BANK13, 0xdb9
UNC_M_WR_CAS_RANK1.BANK14, 0xeb9
UNC_M_WR_CAS_RANK1.BANK15, 0xfb9
UNC_M_WR_CAS_RANK1.BANK2, 0x2b9
UNC_M_WR_CAS_RANK1.BANK3, 0x3b9
UNC_M_WR_CAS_RANK1.BANK4, 0x4b9
UNC_M_WR_CAS_RANK1.BANK5, 0x5b9
UNC_M_WR_CAS_RANK1.BANK6, 0x6b9
UNC_M_WR_CAS_RANK1.BANK7, 0x7b9
UNC_M_WR_CAS_RANK1.BANK8, 0x8b9
UNC_M_WR_CAS_RANK1.BANK9, 0x9b9
UNC_M_WR_CAS_RANK1.BANKG0, 0x11b9
UNC_M_WR_CAS_RANK1.BANKG1, 0x12b9
UNC_M_WR_CAS_RANK1.BANKG2, 0x13b9
UNC_M_WR_CAS_RANK1.BANKG3, 0x14b9
UNC_M_WR_CAS_RANK4.ALLBANKS, 0x10bc
UNC_M_WR_CAS_RANK4.BANK0, 0xbc
UNC_M_WR_CAS_RANK4.BANK1, 0x1bc
UNC_M_WR_CAS_RANK4.BANK10, 0xabc
UNC_M_WR_CAS_RANK4.BANK11, 0xbbc
UNC_M_WR_CAS_RANK4.BANK12, 0xcbc
UNC_M_WR_CAS_RANK4.BANK13, 0xdbc
UNC_M_WR_CAS_RANK4.BANK14, 0xebc
UNC_M_WR_CAS_RANK4.BANK15, 0xfbc
UNC_M_WR_CAS_RANK4.BANK2, 0x2bc
UNC_M_WR_CAS_RANK4.BANK3, 0x3bc
UNC_M_WR_CAS_RANK4.BANK4, 0x4bc
UNC_M_WR_CAS_RANK4.BANK5, 0x5bc
UNC_M_WR_CAS_RANK4.BANK6, 0x6bc
UNC_M_WR_CAS_RANK4.BANK7, 0x7bc
UNC_M_WR_CAS_RANK4.BANK8, 0x8bc
UNC_M_WR_CAS_RANK4.BANK9, 0x9bc
UNC_M_WR_CAS_RANK4.BANKG0, 0x11bc
UNC_M_WR_CAS_RANK4.BANKG1, 0x12bc
UNC_M_WR_CAS_RANK4.BANKG2, 0x13bc
UNC_M_WR_CAS_RANK4.BANKG3, 0x14bc
UNC_M_WR_CAS_RANK5.ALLBANKS, 0x10bd
UNC_M_WR_CAS_RANK5.BANK0, 0xbd
UNC_M_WR_CAS_RANK5.BANK1, 0x1bd
UNC_M_WR_CAS_RANK5.BANK10, 0xabd
UNC_M_WR_CAS_RANK5.BANK11, 0xbbd
UNC_M_WR_CAS_RANK5.BANK12, 0xcbd
UNC_M_WR_CAS_RANK5.BANK13, 0xdbd
UNC_M_WR_CAS_RANK5.BANK14, 0xebd
UNC_M_WR_CAS_RANK5.BANK15, 0xfbd
UNC_M_WR_CAS_RANK5.BANK2, 0x2bd
UNC_M_WR_CAS_RANK5.BANK3, 0x3bd
UNC_M_WR_CAS_RANK5.BANK4, 0x4bd
UNC_M_WR_CAS_RANK5.BANK5, 0x5bd
UNC_M_WR_CAS_RANK5.BANK6, 0x6bd
UNC_M_WR_CAS_RANK5.BANK7, 0x7bd
UNC_M_WR_CAS_RANK5.BANK8, 0x8bd
UNC_M_WR_CAS_RANK5.BANK9, 0x9bd
UNC_M_WR_CAS_RANK5.BANKG0, 0x11bd
UNC_M_WR_CAS_RANK5.BANKG1, 0x12bd
UNC_M_WR_CAS_RANK5.BANKG2, 0x13bd
UNC_M_WR_CAS_RANK5.BANKG3, 0x14bd
UNC_M_WR_CAS_RANK6.ALLBANKS, 0x10be
UNC_M_WR_CAS_RANK6.BANK0, 0xbe
UNC_M_WR_CAS_RANK6.BANK1, 0x1be
UNC_M_WR_CAS_RANK6.BANK10, 0xabe
UNC_M_WR_CAS_RANK6.BANK11, 0xbbe
UNC_M_WR_CAS_RANK6.BANK12, 0xcbe
UNC_M_WR_CAS_RANK6.BANK13, 0xdbe
UNC_M_WR_CAS_RANK6.BANK14, 0xebe
UNC_M_WR_CAS_RANK6.BANK15, 0xfbe
UNC_M_WR_CAS_RANK6.BANK2, 0x2be
UNC_M_WR_CAS_RANK6.BANK3, 0x3be
UNC_M_WR_CAS_RANK6.BANK4, 0x4be
UNC_M_WR_CAS_RANK6.BANK5, 0x5be
UNC_M_WR_CAS_RANK6.BANK6, 0x6be
UNC_M_WR_CAS_RANK6.BANK7, 0x7be
UNC_M_WR_CAS_RANK6.BANK8, 0x8be
UNC_M_WR_CAS_RANK6.BANK9, 0x9be
UNC_M_WR_CAS_RANK6.BANKG0, 0x11be
UNC_M_WR_CAS_RANK6.BANKG1, 0x12be
UNC_M_WR_CAS_RANK6.BANKG2, 0x13be
UNC_M_WR_CAS_RANK6.BANKG3, 0x14be
UNC_M_WR_CAS_RANK7.ALLBANKS, 0x10bf
UNC_M_WR_CAS_RANK7.BANK0, 0xbf
UNC_M_WR_CAS_RANK7.BANK1, 0x1bf
UNC_M_WR_CAS_RANK7.BANK10, 0xabf
UNC_M_WR_CAS_RANK7.BANK11, 0xbbf
UNC_M_WR_CAS_RANK7.BANK12, 0xcbf
UNC_M_WR_CAS_RANK7.BANK13, 0xdbf
UNC_M_WR_CAS_RANK7.BANK14, 0xebf
UNC_M_WR_CAS_RANK7.BANK15, 0xfbf
UNC_M_WR_CAS_RANK7.BANK2, 0x2bf
UNC_M_WR_CAS_RANK7.BANK3, 0x3bf
UNC_M_WR_CAS_RANK7.BANK4, 0x4bf
UNC_M_WR_CAS_RANK7.BANK5, 0x5bf
UNC_M_WR_CAS_RANK7.BANK6, 0x6bf
UNC_M_WR_CAS_RANK7.BANK7, 0x7bf
UNC_M_WR_CAS_RANK7.BANK8, 0x8bf
UNC_M_WR_CAS_RANK7.BANK9, 0x9bf
UNC_M_WR_CAS_RANK7.BANKG0, 0x11bf
UNC_M_WR_CAS_RANK7.BANKG1, 0x12bf
UNC_M_WR_CAS_RANK7.BANKG2, 0x13bf
UNC_M_WR_CAS_RANK7.BANKG3, 0x14bf
