MACHINE_CLEARS.MEMORY_ORDERING, 0x2c3
MEM_TRANS_RETIRED.LOAD_LATENCY_GT_128, 0x1cd
MEM_TRANS_RETIRED.LOAD_LATENCY_GT_16, 0x1cd
MEM_TRANS_RETIRED.LOAD_LATENCY_GT_256, 0x1cd
MEM_TRANS_RETIRED.LOAD_LATENCY_GT_32, 0x1cd
MEM_TRANS_RETIRED.LOAD_LATENCY_GT_4, 0x1cd
MEM_TRANS_RETIRED.LOAD_LATENCY_GT_512, 0x1cd
MEM_TRANS_RETIRED.LOAD_LATENCY_GT_64, 0x1cd
MEM_TRANS_RETIRED.LOAD_LATENCY_GT_8, 0x1cd
MEM_TRANS_RETIRED.PRECISE_STORE, 0x2cd
MISALIGN_MEM_REF.LOADS, 0x105
MISALIGN_MEM_REF.STORES, 0x205
DTLB_LOAD_MISSES.DEMAND_LD_WALK_COMPLETED, 0x8208
DTLB_LOAD_MISSES.DEMAND_LD_WALK_DURATION, 0x8408
DTLB_LOAD_MISSES.LARGE_PAGE_WALK_COMPLETED, 0x8808
DTLB_LOAD_MISSES.MISS_CAUSES_A_WALK, 0x8108
DTLB_LOAD_MISSES.STLB_HIT, 0x45f
DTLB_LOAD_MISSES.WALK_COMPLETED, 0x8208
DTLB_LOAD_MISSES.WALK_DURATION, 0x8408
DTLB_STORE_MISSES.MISS_CAUSES_A_WALK, 0x149
DTLB_STORE_MISSES.STLB_HIT, 0x1049
DTLB_STORE_MISSES.WALK_COMPLETED, 0x249
DTLB_STORE_MISSES.WALK_DURATION, 0x449
EPT.WALK_CYCLES, 0x104f
ITLB.ITLB_FLUSH, 0x1ae
ITLB_MISSES.LARGE_PAGE_WALK_COMPLETED, 0x8085
ITLB_MISSES.MISS_CAUSES_A_WALK, 0x185
ITLB_MISSES.STLB_HIT, 0x1085
ITLB_MISSES.WALK_COMPLETED, 0x285
ITLB_MISSES.WALK_DURATION, 0x485
TLB_FLUSH.DTLB_THREAD, 0x1bd
TLB_FLUSH.STLB_ANY, 0x20bd
FP_ASSIST.ANY, 0x1eca
FP_ASSIST.SIMD_INPUT, 0x10ca
FP_ASSIST.SIMD_OUTPUT, 0x8ca
FP_ASSIST.X87_INPUT, 0x4ca
FP_ASSIST.X87_OUTPUT, 0x2ca
FP_COMP_OPS_EXE.SSE_PACKED_DOUBLE, 0x1010
FP_COMP_OPS_EXE.SSE_PACKED_SINGLE, 0x4010
FP_COMP_OPS_EXE.SSE_SCALAR_DOUBLE, 0x8010
FP_COMP_OPS_EXE.SSE_SCALAR_SINGLE, 0x2010
FP_COMP_OPS_EXE.X87, 0x110
MOVE_ELIMINATION.SIMD_ELIMINATED, 0x258
MOVE_ELIMINATION.SIMD_NOT_ELIMINATED, 0x858
OTHER_ASSISTS.AVX_STORE, 0x8c1
OTHER_ASSISTS.AVX_TO_SSE, 0x10c1
OTHER_ASSISTS.SSE_TO_AVX, 0x20c1
SIMD_FP_256.PACKED_DOUBLE, 0x211
SIMD_FP_256.PACKED_SINGLE, 0x111
UNC_P_CORE0_TRANSITION_CYCLES, 0x70
UNC_P_CORE10_TRANSITION_CYCLES, 0x7a
UNC_P_CORE11_TRANSITION_CYCLES, 0x7b
UNC_P_CORE12_TRANSITION_CYCLES, 0x7c
UNC_P_CORE13_TRANSITION_CYCLES, 0x7d
UNC_P_CORE14_TRANSITION_CYCLES, 0x7e
UNC_P_CORE1_TRANSITION_CYCLES, 0x71
UNC_P_CORE2_TRANSITION_CYCLES, 0x72
UNC_P_CORE3_TRANSITION_CYCLES, 0x73
UNC_P_CORE4_TRANSITION_CYCLES, 0x74
UNC_P_CORE5_TRANSITION_CYCLES, 0x75
UNC_P_CORE6_TRANSITION_CYCLES, 0x76
UNC_P_CORE7_TRANSITION_CYCLES, 0x77
UNC_P_CORE8_TRANSITION_CYCLES, 0x78
UNC_P_CORE9_TRANSITION_CYCLES, 0x79
UNC_P_DELAYED_C_STATE_ABORT_CORE0, 0x17
UNC_P_DELAYED_C_STATE_ABORT_CORE1, 0x18
UNC_P_DELAYED_C_STATE_ABORT_CORE10, 0x21
UNC_P_DELAYED_C_STATE_ABORT_CORE11, 0x22
UNC_P_DELAYED_C_STATE_ABORT_CORE12, 0x23
UNC_P_DELAYED_C_STATE_ABORT_CORE13, 0x24
UNC_P_DELAYED_C_STATE_ABORT_CORE14, 0x25
UNC_P_DELAYED_C_STATE_ABORT_CORE2, 0x19
UNC_P_DELAYED_C_STATE_ABORT_CORE3, 0x1a
UNC_P_DELAYED_C_STATE_ABORT_CORE4, 0x1b
UNC_P_DELAYED_C_STATE_ABORT_CORE5, 0x1c
UNC_P_DELAYED_C_STATE_ABORT_CORE6, 0x1d
UNC_P_DELAYED_C_STATE_ABORT_CORE7, 0x1e
UNC_P_DELAYED_C_STATE_ABORT_CORE8, 0x1f
UNC_P_DELAYED_C_STATE_ABORT_CORE9, 0x20
UNC_P_DEMOTIONS_CORE0, 0x1e
UNC_P_DEMOTIONS_CORE1, 0x1f
UNC_P_DEMOTIONS_CORE10, 0x42
UNC_P_DEMOTIONS_CORE11, 0x43
UNC_P_DEMOTIONS_CORE12, 0x44
UNC_P_DEMOTIONS_CORE13, 0x45
UNC_P_DEMOTIONS_CORE14, 0x46
UNC_P_DEMOTIONS_CORE2, 0x20
UNC_P_DEMOTIONS_CORE3, 0x21
UNC_P_DEMOTIONS_CORE4, 0x22
UNC_P_DEMOTIONS_CORE5, 0x23
UNC_P_DEMOTIONS_CORE6, 0x24
UNC_P_DEMOTIONS_CORE7, 0x25
UNC_P_DEMOTIONS_CORE8, 0x40
UNC_P_DEMOTIONS_CORE9, 0x41
UNC_P_FREQ_BAND0_CYCLES, 0xb
UNC_P_FREQ_BAND1_CYCLES, 0xc
UNC_P_FREQ_BAND2_CYCLES, 0xd
UNC_P_FREQ_BAND3_CYCLES, 0xe
UNC_P_FREQ_MAX_CURRENT_CYCLES, 0x7
UNC_P_FREQ_MAX_LIMIT_THERMAL_CYCLES, 0x4
UNC_P_FREQ_MAX_OS_CYCLES, 0x6
UNC_P_FREQ_MAX_POWER_CYCLES, 0x5
UNC_P_FREQ_MIN_IO_P_CYCLES, 0x61
UNC_P_FREQ_MIN_PERF_P_CYCLES, 0x62
UNC_P_FREQ_TRANS_CYCLES, 0x60
UNC_P_MEMORY_PHASE_SHEDDING_CYCLES, 0x2f
UNC_P_PKG_C_EXIT_LATENCY, 0x26
UNC_P_PKG_C_EXIT_LATENCY_SEL, 0x26
UNC_P_PKG_C_STATE_RESIDENCY_C0_CYCLES, 0x2a
UNC_P_PKG_C_STATE_RESIDENCY_C2_CYCLES, 0x2b
UNC_P_PKG_C_STATE_RESIDENCY_C3_CYCLES, 0x2c
UNC_P_PKG_C_STATE_RESIDENCY_C6_CYCLES, 0x2d
UNC_P_POWER_STATE_OCCUPANCY.CORES_C0, 0x80
UNC_P_POWER_STATE_OCCUPANCY.CORES_C3, 0x80
UNC_P_POWER_STATE_OCCUPANCY.CORES_C6, 0x80
UNC_P_PROCHOT_EXTERNAL_CYCLES, 0xa
UNC_P_PROCHOT_INTERNAL_CYCLES, 0x9
UNC_P_TOTAL_TRANSITION_CYCLES, 0x63
UNC_P_VOLT_TRANS_CYCLES_CHANGE, 0x3
UNC_P_VOLT_TRANS_CYCLES_DECREASE, 0x2
UNC_P_VOLT_TRANS_CYCLES_INCREASE, 0x1
UNC_P_VR_HOT_CYCLES, 0x32
UNC_C_COUNTER0_OCCUPANCY, 0x1f
UNC_C_LLC_LOOKUP.ANY, 0x1134
UNC_C_LLC_LOOKUP.DATA_READ, 0x334
UNC_C_LLC_LOOKUP.NID, 0x4134
UNC_C_LLC_LOOKUP.REMOTE_SNOOP, 0x934
UNC_C_LLC_LOOKUP.WRITE, 0x534
UNC_C_LLC_VICTIMS.E_STATE, 0x237
UNC_C_LLC_VICTIMS.MISS, 0x837
UNC_C_LLC_VICTIMS.M_STATE, 0x137
UNC_C_LLC_VICTIMS.NID, 0x4037
UNC_C_LLC_VICTIMS.S_STATE, 0x437
UNC_C_MISC.RFO_HIT_S, 0x839
UNC_C_MISC.RSPI_WAS_FSE, 0x139
UNC_C_MISC.STARTED, 0x439
UNC_C_MISC.WC_ALIASING, 0x239
UNC_C_QLRU.AGE0, 0x13c
UNC_C_QLRU.AGE1, 0x23c
UNC_C_QLRU.AGE2, 0x43c
UNC_C_QLRU.AGE3, 0x83c
UNC_C_QLRU.LRU_DECREMENT, 0x103c
UNC_C_QLRU.VICTIM_NON_ZERO, 0x203c
UNC_C_RING_AD_USED.CCW, 0xc1b
UNC_C_RING_AD_USED.CW, 0x31b
UNC_C_RING_AD_USED.DOWN, 0xcc1b
UNC_C_RING_AD_USED.DOWN_VR0_EVEN, 0x41b
UNC_C_RING_AD_USED.DOWN_VR0_ODD, 0x81b
UNC_C_RING_AD_USED.DOWN_VR1_EVEN, 0x401b
UNC_C_RING_AD_USED.DOWN_VR1_ODD, 0x801b
UNC_C_RING_AD_USED.UP, 0x331b
UNC_C_RING_AD_USED.UP_VR0_EVEN, 0x11b
UNC_C_RING_AD_USED.UP_VR0_ODD, 0x21b
UNC_C_RING_AD_USED.UP_VR1_EVEN, 0x101b
UNC_C_RING_AD_USED.UP_VR1_ODD, 0x201b
UNC_C_RING_AK_USED.CCW, 0xc1c
UNC_C_RING_AK_USED.CW, 0x31c
UNC_C_RING_AK_USED.DOWN, 0xcc1c
UNC_C_RING_AK_USED.DOWN_VR0_EVEN, 0x41c
UNC_C_RING_AK_USED.DOWN_VR0_ODD, 0x81c
UNC_C_RING_AK_USED.DOWN_VR1_EVEN, 0x401c
UNC_C_RING_AK_USED.DOWN_VR1_ODD, 0x801c
UNC_C_RING_AK_USED.UP, 0x331c
UNC_C_RING_AK_USED.UP_VR0_EVEN, 0x11c
UNC_C_RING_AK_USED.UP_VR0_ODD, 0x21c
UNC_C_RING_AK_USED.UP_VR1_EVEN, 0x101c
UNC_C_RING_AK_USED.UP_VR1_ODD, 0x201c
UNC_C_RING_BL_USED.CCW, 0xc1d
UNC_C_RING_BL_USED.CW, 0x31d
UNC_C_RING_BL_USED.DOWN, 0xcc1d
UNC_C_RING_BL_USED.DOWN_VR0_EVEN, 0x41d
UNC_C_RING_BL_USED.DOWN_VR0_ODD, 0x81d
UNC_C_RING_BL_USED.DOWN_VR1_EVEN, 0x401d
UNC_C_RING_BL_USED.DOWN_VR1_ODD, 0x801d
UNC_C_RING_BL_USED.UP, 0x331d
UNC_C_RING_BL_USED.UP_VR0_EVEN, 0x11d
UNC_C_RING_BL_USED.UP_VR0_ODD, 0x21d
UNC_C_RING_BL_USED.UP_VR1_EVEN, 0x101d
UNC_C_RING_BL_USED.UP_VR1_ODD, 0x201d
UNC_C_RING_BOUNCES.AD_IRQ, 0x205
UNC_C_RING_BOUNCES.AK, 0x405
UNC_C_RING_BOUNCES.AK_CORE, 0x205
UNC_C_RING_BOUNCES.BL, 0x805
UNC_C_RING_BOUNCES.BL_CORE, 0x405
UNC_C_RING_BOUNCES.IV, 0x1005
UNC_C_RING_BOUNCES.IV_CORE, 0x805
UNC_C_RING_IV_USED.ANY, 0xf1e
UNC_C_RING_IV_USED.DOWN, 0xcc1e
UNC_C_RING_IV_USED.UP, 0x331e
UNC_C_RING_SINK_STARVED.AD_IPQ, 0x206
UNC_C_RING_SINK_STARVED.AD_IRQ, 0x106
UNC_C_RING_SINK_STARVED.IV, 0x1006
UNC_C_RING_SRC_THRTL, 0x7
UNC_C_RxR_EXT_STARVED.IPQ, 0x212
UNC_C_RxR_EXT_STARVED.IRQ, 0x112
UNC_C_RxR_EXT_STARVED.ISMQ_BIDS, 0x812
UNC_C_RxR_EXT_STARVED.PRQ, 0x412
UNC_C_RxR_INSERTS.IPQ, 0x413
UNC_C_RxR_INSERTS.IRQ, 0x113
UNC_C_RxR_INSERTS.IRQ_REJ, 0x213
UNC_C_RxR_INSERTS.IRQ_REJECTED, 0x213
UNC_C_RxR_INSERTS.VFIFO, 0x1013
UNC_C_RxR_INT_STARVED.IPQ, 0x414
UNC_C_RxR_INT_STARVED.IRQ, 0x114
UNC_C_RxR_INT_STARVED.ISMQ, 0x814
UNC_C_RxR_IPQ_RETRY.ADDR_CONFLICT, 0x431
UNC_C_RxR_IPQ_RETRY.ANY, 0x131
UNC_C_RxR_IPQ_RETRY.FULL, 0x231
UNC_C_RxR_IPQ_RETRY.QPI_CREDITS, 0x1031
UNC_C_RxR_IRQ_RETRY.ADDR_CONFLICT, 0x432
UNC_C_RxR_IRQ_RETRY.ANY, 0x132
UNC_C_RxR_IRQ_RETRY.FULL, 0x232
UNC_C_RxR_IRQ_RETRY.IIO_CREDITS, 0x2032
UNC_C_RxR_IRQ_RETRY.QPI_CREDITS, 0x1032
UNC_C_RxR_IRQ_RETRY.RTID, 0x832
UNC_C_RxR_ISMQ_RETRY.ANY, 0x133
UNC_C_RxR_ISMQ_RETRY.FULL, 0x233
UNC_C_RxR_ISMQ_RETRY.IIO_CREDITS, 0x2033
UNC_C_RxR_ISMQ_RETRY.QPI_CREDITS, 0x1033
UNC_C_RxR_ISMQ_RETRY.RTID, 0x833
UNC_C_RxR_ISMQ_RETRY.WB_CREDITS, 0x8033
UNC_C_RxR_OCCUPANCY.IPQ, 0x411
UNC_C_RxR_OCCUPANCY.IRQ, 0x111
UNC_C_RxR_OCCUPANCY.IRQ_REJ, 0x211
UNC_C_RxR_OCCUPANCY.IRQ_REJECTED, 0x211
UNC_C_RxR_OCCUPANCY.VFIFO, 0x1011
UNC_C_TOR_INSERTS.ALL, 0x835
UNC_C_TOR_INSERTS.EVICTION, 0x435
UNC_C_TOR_INSERTS.LOCAL, 0x2835
UNC_C_TOR_INSERTS.LOCAL_OPCODE, 0x2135
UNC_C_TOR_INSERTS.MISS_LOCAL, 0x2a35
UNC_C_TOR_INSERTS.MISS_LOCAL_OPCODE, 0x2335
UNC_C_TOR_INSERTS.MISS_OPCODE, 0x335
UNC_C_TOR_INSERTS.MISS_REMOTE, 0x8a35
UNC_C_TOR_INSERTS.MISS_REMOTE_OPCODE, 0x8335
UNC_C_TOR_INSERTS.NID_ALL, 0x4835
UNC_C_TOR_INSERTS.NID_EVICTION, 0x4435
UNC_C_TOR_INSERTS.NID_MISS_ALL, 0x4a35
UNC_C_TOR_INSERTS.NID_MISS_OPCODE, 0x4335
UNC_C_TOR_INSERTS.NID_OPCODE, 0x4135
UNC_C_TOR_INSERTS.NID_WB, 0x5035
UNC_C_TOR_INSERTS.OPCODE, 0x135
UNC_C_TOR_INSERTS.REMOTE, 0x8835
UNC_C_TOR_INSERTS.REMOTE_OPCODE, 0x8135
UNC_C_TOR_INSERTS.WB, 0x1035
UNC_C_TOR_OCCUPANCY.ALL, 0x836
UNC_C_TOR_OCCUPANCY.EVICTION, 0x436
UNC_C_TOR_OCCUPANCY.LOCAL, 0x2836
UNC_C_TOR_OCCUPANCY.LOCAL_OPCODE, 0x2136
UNC_C_TOR_OCCUPANCY.MISS_ALL, 0xa36
UNC_C_TOR_OCCUPANCY.MISS_LOCAL, 0x2a36
UNC_C_TOR_OCCUPANCY.MISS_LOCAL_OPCODE, 0x2336
UNC_C_TOR_OCCUPANCY.MISS_OPCODE, 0x336
UNC_C_TOR_OCCUPANCY.MISS_REMOTE, 0x8a36
UNC_C_TOR_OCCUPANCY.MISS_REMOTE_OPCODE, 0x8336
UNC_C_TOR_OCCUPANCY.NID_ALL, 0x4836
UNC_C_TOR_OCCUPANCY.NID_EVICTION, 0x4436
UNC_C_TOR_OCCUPANCY.NID_MISS_ALL, 0x4a36
UNC_C_TOR_OCCUPANCY.NID_MISS_OPCODE, 0x4336
UNC_C_TOR_OCCUPANCY.NID_OPCODE, 0x4136
UNC_C_TOR_OCCUPANCY.NID_WB, 0x5036
UNC_C_TOR_OCCUPANCY.OPCODE, 0x136
UNC_C_TOR_OCCUPANCY.REMOTE, 0x8836
UNC_C_TOR_OCCUPANCY.REMOTE_OPCODE, 0x8136
UNC_C_TOR_OCCUPANCY.WB, 0x1036
UNC_C_TxR_ADS_USED.AD, 0x104
UNC_C_TxR_ADS_USED.AK, 0x204
UNC_C_TxR_ADS_USED.BL, 0x404
UNC_C_TxR_INSERTS.AD_CACHE, 0x102
UNC_C_TxR_INSERTS.AD_CORE, 0x1002
UNC_C_TxR_INSERTS.AK_CACHE, 0x202
UNC_C_TxR_INSERTS.AK_CORE, 0x2002
UNC_C_TxR_INSERTS.BL_CACHE, 0x402
UNC_C_TxR_INSERTS.BL_CORE, 0x4002
UNC_C_TxR_INSERTS.IV_CACHE, 0x802
UNC_C_TxR_STARVED.AD_CORE, 0x1003
UNC_C_TxR_STARVED.AK_BOTH, 0x203
UNC_C_TxR_STARVED.IV, 0x803
UNC_H_BT_BYPASS, 0x52
UNC_H_BT_CYCLES_NE, 0x42
UNC_H_BT_CYCLES_NE.LOCAL, 0x142
UNC_H_BT_CYCLES_NE.REMOTE, 0x242
UNC_H_BT_OCCUPANCY.LOCAL, 0x143
UNC_H_BT_OCCUPANCY.READS_LOCAL, 0x443
UNC_H_BT_OCCUPANCY.READS_REMOTE, 0x843
UNC_H_BT_OCCUPANCY.REMOTE, 0x243
UNC_H_BT_OCCUPANCY.WRITES_LOCAL, 0x1043
UNC_H_BT_OCCUPANCY.WRITES_REMOTE, 0x2043
UNC_H_BT_TO_HT_NOT_ISSUED.INCOMING_BL_HAZARD, 0x451
UNC_H_BT_TO_HT_NOT_ISSUED.INCOMING_SNP_HAZARD, 0x251
UNC_H_BT_TO_HT_NOT_ISSUED.RSPACKCFLT_HAZARD, 0x851
UNC_H_BT_TO_HT_NOT_ISSUED.WBMDATA_HAZARD, 0x1051
UNC_H_BYPASS_IMC.NOT_TAKEN, 0x214
UNC_H_BYPASS_IMC.TAKEN, 0x114
UNC_H_CONFLICT_CYCLES.ACKCNFLTS, 0x80b
UNC_H_CONFLICT_CYCLES.CMP_FWDS, 0x100b
UNC_H_CONFLICT_CYCLES.CONFLICT, 0x20b
UNC_H_CONFLICT_CYCLES.LAST, 0x40b
UNC_H_DIRECT2CORE_COUNT, 0x11
UNC_H_DIRECT2CORE_CYCLES_DISABLED, 0x12
UNC_H_DIRECT2CORE_TXN_OVERRIDE, 0x13
UNC_H_DIRECTORY_LAT_OPT, 0x41
UNC_H_DIRECTORY_LOOKUP.ANY, 0x100c
UNC_H_DIRECTORY_LOOKUP.NO_SNP, 0x20c
UNC_H_DIRECTORY_LOOKUP.SNOOP_A, 0x80c
UNC_H_DIRECTORY_LOOKUP.SNOOP_S, 0x20c
UNC_H_DIRECTORY_LOOKUP.SNP, 0x10c
UNC_H_DIRECTORY_LOOKUP.STATE_A, 0x800c
UNC_H_DIRECTORY_LOOKUP.STATE_I, 0x200c
UNC_H_DIRECTORY_LOOKUP.STATE_S, 0x400c
UNC_H_DIRECTORY_UPDATE.A2I, 0x200d
UNC_H_DIRECTORY_UPDATE.A2S, 0x400d
UNC_H_DIRECTORY_UPDATE.ANY, 0x30d
UNC_H_DIRECTORY_UPDATE.CLEAR, 0x20d
UNC_H_DIRECTORY_UPDATE.I2A, 0x40d
UNC_H_DIRECTORY_UPDATE.I2S, 0x20d
UNC_H_DIRECTORY_UPDATE.S2A, 0x100d
UNC_H_DIRECTORY_UPDATE.S2I, 0x80d
UNC_H_DIRECTORY_UPDATE.SET, 0x10d
UNC_H_IGR_AD_QPI2_ACCUMULATOR, 0x59
UNC_H_IGR_BL_QPI2_ACCUMULATOR, 0x5a
UNC_H_IGR_CREDITS_AD_QPI2, 0x59
UNC_H_IGR_CREDITS_BL_QPI2, 0x5a
UNC_H_IGR_NO_CREDIT_CYCLES.AD_QPI0, 0x122
UNC_H_IGR_NO_CREDIT_CYCLES.AD_QPI1, 0x222
UNC_H_IGR_NO_CREDIT_CYCLES.BL_QPI0, 0x422
UNC_H_IGR_NO_CREDIT_CYCLES.BL_QPI1, 0x822
UNC_H_IMC_READS.NORMAL, 0x117
UNC_H_IMC_RETRY, 0x1e
UNC_H_IMC_WRITES.ALL, 0xf1a
UNC_H_IMC_WRITES.FULL, 0x11a
UNC_H_IMC_WRITES.FULL_ISOCH, 0x41a
UNC_H_IMC_WRITES.PARTIAL, 0x21a
UNC_H_IMC_WRITES.PARTIAL_ISOCH, 0x81a
UNC_H_IODC_CONFLICTS.ANY, 0x157
UNC_H_IODC_CONFLICTS.LAST, 0x457
UNC_H_IODC_CONFLICTS.REMOTE_INVI2E_SAME_RTID, 0x157
UNC_H_IODC_CONFLICTS.REMOTE_OTHER_SAME_ADDR, 0x457
UNC_H_IODC_INSERTS, 0x56
UNC_H_IODC_OLEN_WBMTOI, 0x58
UNC_H_OSB.INVITOE_LOCAL, 0x453
UNC_H_OSB.READS_LOCAL, 0x253
UNC_H_OSB.REMOTE, 0x853
UNC_H_OSB_EDR.ALL, 0x154
UNC_H_OSB_EDR.READS_LOCAL_I, 0x254
UNC_H_OSB_EDR.READS_LOCAL_S, 0x854
UNC_H_OSB_EDR.READS_REMOTE_I, 0x454
UNC_H_OSB_EDR.READS_REMOTE_S, 0x1054
UNC_H_REQUESTS.INVITOE_LOCAL, 0x1001
UNC_H_REQUESTS.INVITOE_REMOTE, 0x2001
UNC_H_REQUESTS.READS, 0x301
UNC_H_REQUESTS.READS_LOCAL, 0x101
UNC_H_REQUESTS.READS_REMOTE, 0x201
UNC_H_REQUESTS.WRITES, 0xc01
UNC_H_REQUESTS.WRITES_LOCAL, 0x401
UNC_H_REQUESTS.WRITES_REMOTE, 0x801
UNC_H_RING_AD_USED.CCW, 0xcc3e
UNC_H_RING_AD_USED.CCW_VR0_EVEN, 0x43e
UNC_H_RING_AD_USED.CCW_VR0_ODD, 0x83e
UNC_H_RING_AD_USED.CCW_VR1_EVEN, 0x403e
UNC_H_RING_AD_USED.CCW_VR1_ODD, 0x803e
UNC_H_RING_AD_USED.CW, 0x333e
UNC_H_RING_AD_USED.CW_VR0_EVEN, 0x13e
UNC_H_RING_AD_USED.CW_VR0_ODD, 0x23e
UNC_H_RING_AD_USED.CW_VR1_EVEN, 0x103e
UNC_H_RING_AD_USED.CW_VR1_ODD, 0x203e
UNC_H_RING_AK_USED.CCW, 0xcc3f
UNC_H_RING_AK_USED.CCW_VR0_EVEN, 0x43f
UNC_H_RING_AK_USED.CCW_VR0_ODD, 0x83f
UNC_H_RING_AK_USED.CCW_VR1_EVEN, 0x403f
UNC_H_RING_AK_USED.CCW_VR1_ODD, 0x803f
UNC_H_RING_AK_USED.CW, 0x333f
UNC_H_RING_AK_USED.CW_VR0_EVEN, 0x13f
UNC_H_RING_AK_USED.CW_VR0_ODD, 0x23f
UNC_H_RING_AK_USED.CW_VR1_EVEN, 0x103f
UNC_H_RING_AK_USED.CW_VR1_ODD, 0x203f
UNC_H_RING_BL_USED.CCW, 0xcc40
UNC_H_RING_BL_USED.CCW_VR0_EVEN, 0x440
UNC_H_RING_BL_USED.CCW_VR0_ODD, 0x840
UNC_H_RING_BL_USED.CCW_VR1_EVEN, 0x4040
UNC_H_RING_BL_USED.CCW_VR1_ODD, 0x8040
UNC_H_RING_BL_USED.CW, 0x3340
UNC_H_RING_BL_USED.CW_VR0_EVEN, 0x140
UNC_H_RING_BL_USED.CW_VR0_ODD, 0x240
UNC_H_RING_BL_USED.CW_VR1_EVEN, 0x1040
UNC_H_RING_BL_USED.CW_VR1_ODD, 0x2040
UNC_H_RPQ_CYCLES_NO_REG_CREDITS.CHN0, 0x115
UNC_H_RPQ_CYCLES_NO_REG_CREDITS.CHN1, 0x215
UNC_H_RPQ_CYCLES_NO_REG_CREDITS.CHN2, 0x415
UNC_H_RPQ_CYCLES_NO_REG_CREDITS.CHN3, 0x815
UNC_H_RPQ_CYCLES_NO_SPEC_CREDITS.CHN0, 0x116
UNC_H_RPQ_CYCLES_NO_SPEC_CREDITS.CHN1, 0x216
UNC_H_RPQ_CYCLES_NO_SPEC_CREDITS.CHN2, 0x416
UNC_H_RPQ_CYCLES_NO_SPEC_CREDITS.CHN3, 0x816
UNC_H_SNOOP_RESP.RSPCNFLCT, 0x4021
UNC_H_SNOOP_RESP.RSPI, 0x121
UNC_H_SNOOP_RESP.RSPIFWD, 0x421
UNC_H_SNOOP_RESP.RSPS, 0x221
UNC_H_SNOOP_RESP.RSPSFWD, 0x821
UNC_H_SNOOP_RESP.RSP_FWD_WB, 0x2021
UNC_H_SNOOP_RESP.RSP_WB, 0x1021
UNC_H_SNP_RESP_RECV_LOCAL.OTHER, 0x8060
UNC_H_SNP_RESP_RECV_LOCAL.RSPCNFLCT, 0x4060
UNC_H_SNP_RESP_RECV_LOCAL.RSPI, 0x160
UNC_H_SNP_RESP_RECV_LOCAL.RSPIFWD, 0x460
UNC_H_SNP_RESP_RECV_LOCAL.RSPS, 0x260
UNC_H_SNP_RESP_RECV_LOCAL.RSPSFWD, 0x860
UNC_H_SNP_RESP_RECV_LOCAL.RSPxFWDxWB, 0x2060
UNC_H_SNP_RESP_RECV_LOCAL.RSPxWB, 0x1060
UNC_H_TAD_REQUESTS_G0.REGION0, 0x11b
UNC_H_TAD_REQUESTS_G0.REGION1, 0x21b
UNC_H_TAD_REQUESTS_G0.REGION2, 0x41b
UNC_H_TAD_REQUESTS_G0.REGION3, 0x81b
UNC_H_TAD_REQUESTS_G0.REGION4, 0x101b
UNC_H_TAD_REQUESTS_G0.REGION5, 0x201b
UNC_H_TAD_REQUESTS_G0.REGION6, 0x401b
UNC_H_TAD_REQUESTS_G0.REGION7, 0x801b
UNC_H_TAD_REQUESTS_G1.REGION10, 0x41c
UNC_H_TAD_REQUESTS_G1.REGION11, 0x81c
UNC_H_TAD_REQUESTS_G1.REGION8, 0x11c
UNC_H_TAD_REQUESTS_G1.REGION9, 0x21c
UNC_H_TRACKER_CYCLES_NE, 0x3
UNC_H_TxR_AD.HOM, 0x40f
UNC_H_TxR_AD_CYCLES_FULL.ALL, 0x32a
UNC_H_TxR_AD_CYCLES_FULL.SCHED0, 0x12a
UNC_H_TxR_AD_CYCLES_FULL.SCHED1, 0x22a
UNC_H_TxR_AD_CYCLES_NE.ALL, 0x329
UNC_H_TxR_AD_CYCLES_NE.SCHED0, 0x129
UNC_H_TxR_AD_CYCLES_NE.SCHED1, 0x229
UNC_H_TxR_AD_INSERTS.ALL, 0x327
UNC_H_TxR_AD_INSERTS.SCHED0, 0x127
UNC_H_TxR_AD_INSERTS.SCHED1, 0x227
UNC_H_TxR_AD_OCCUPANCY.SCHED0, 0x128
UNC_H_TxR_AD_OCCUPANCY.SCHED1, 0x228
UNC_H_TxR_AK.CRD_CBO, 0x20e
UNC_H_TxR_AK_CYCLES_FULL.ALL, 0x332
UNC_H_TxR_AK_CYCLES_FULL.SCHED0, 0x132
UNC_H_TxR_AK_CYCLES_FULL.SCHED1, 0x232
UNC_H_TxR_AK_CYCLES_NE.ALL, 0x331
UNC_H_TxR_AK_CYCLES_NE.SCHED0, 0x131
UNC_H_TxR_AK_CYCLES_NE.SCHED1, 0x231
UNC_H_TxR_AK_INSERTS.ALL, 0x32f
UNC_H_TxR_AK_INSERTS.SCHED0, 0x12f
UNC_H_TxR_AK_INSERTS.SCHED1, 0x22f
UNC_H_TxR_AK_OCCUPANCY.SCHED0, 0x130
UNC_H_TxR_AK_OCCUPANCY.SCHED1, 0x230
UNC_H_TxR_BL.DRS_CACHE, 0x110
UNC_H_TxR_BL.DRS_CORE, 0x210
UNC_H_TxR_BL.DRS_QPI, 0x410
UNC_H_TxR_BL_CYCLES_FULL.ALL, 0x336
UNC_H_TxR_BL_CYCLES_FULL.SCHED0, 0x136
UNC_H_TxR_BL_CYCLES_FULL.SCHED1, 0x236
UNC_H_TxR_BL_CYCLES_NE.ALL, 0x335
UNC_H_TxR_BL_CYCLES_NE.SCHED0, 0x135
UNC_H_TxR_BL_CYCLES_NE.SCHED1, 0x235
UNC_H_TxR_BL_INSERTS.ALL, 0x333
UNC_H_TxR_BL_INSERTS.SCHED0, 0x133
UNC_H_TxR_BL_INSERTS.SCHED1, 0x233
UNC_H_TxR_BL_OCCUPANCY.ALL, 0x334
UNC_H_TxR_BL_OCCUPANCY.SCHED0, 0x134
UNC_H_TxR_BL_OCCUPANCY.SCHED1, 0x234
UNC_H_WPQ_CYCLES_NO_REG_CREDITS.CHN0, 0x118
UNC_H_WPQ_CYCLES_NO_REG_CREDITS.CHN1, 0x218
UNC_H_WPQ_CYCLES_NO_REG_CREDITS.CHN2, 0x418
UNC_H_WPQ_CYCLES_NO_REG_CREDITS.CHN3, 0x818
UNC_H_WPQ_CYCLES_NO_SPEC_CREDITS.CHN0, 0x119
UNC_H_WPQ_CYCLES_NO_SPEC_CREDITS.CHN1, 0x219
UNC_H_WPQ_CYCLES_NO_SPEC_CREDITS.CHN2, 0x419
UNC_H_WPQ_CYCLES_NO_SPEC_CREDITS.CHN3, 0x819
CPL_CYCLES.RING0, 0x15c
CPL_CYCLES.RING0_TRANS, 0x15c
CPL_CYCLES.RING123, 0x25c
LOCK_CYCLES.SPLIT_LOCK_UC_LOCK_DURATION, 0x163
BACLEARS.ANY, 0x1fe6
DSB2MITE_SWITCHES.COUNT, 0x1ab
DSB2MITE_SWITCHES.PENALTY_CYCLES, 0x2ab
DSB_FILL.EXCEED_DSB_LINES, 0x8ac
ICACHE.HIT, 0x180
ICACHE.IFETCH_STALL, 0x480
ICACHE.MISSES, 0x280
IDQ.ALL_DSB_CYCLES_4_UOPS, 0x1879
IDQ.ALL_DSB_CYCLES_ANY_UOPS, 0x1879
IDQ.ALL_MITE_CYCLES_4_UOPS, 0x2479
IDQ.ALL_MITE_CYCLES_ANY_UOPS, 0x2479
IDQ.DSB_CYCLES, 0x879
IDQ.DSB_UOPS, 0x879
IDQ.EMPTY, 0x279
IDQ.MITE_ALL_UOPS, 0x3c79
IDQ.MITE_CYCLES, 0x479
IDQ.MITE_UOPS, 0x479
IDQ.MS_CYCLES, 0x3079
IDQ.MS_DSB_CYCLES, 0x1079
IDQ.MS_DSB_OCCUR, 0x1079
IDQ.MS_DSB_UOPS, 0x1079
IDQ.MS_MITE_UOPS, 0x2079
IDQ.MS_SWITCHES, 0x3079
IDQ.MS_UOPS, 0x3079
IDQ_UOPS_NOT_DELIVERED.CORE, 0x19c
IDQ_UOPS_NOT_DELIVERED.CYCLES_0_UOPS_DELIV.CORE, 0x19c
IDQ_UOPS_NOT_DELIVERED.CYCLES_FE_WAS_OK, 0x19c
IDQ_UOPS_NOT_DELIVERED.CYCLES_LE_1_UOP_DELIV.CORE, 0x19c
IDQ_UOPS_NOT_DELIVERED.CYCLES_LE_2_UOP_DELIV.CORE, 0x19c
IDQ_UOPS_NOT_DELIVERED.CYCLES_LE_3_UOP_DELIV.CORE, 0x19c
UNC_I_ADDRESS_MATCH.MERGE_COUNT, 0x217
UNC_I_ADDRESS_MATCH.STALL_COUNT, 0x117
UNC_I_CACHE_ACK_PENDING_OCCUPANCY.ANY, 0x114
UNC_I_CACHE_ACK_PENDING_OCCUPANCY.SOURCE, 0x214
UNC_I_CACHE_OWN_OCCUPANCY.ANY, 0x113
UNC_I_CACHE_OWN_OCCUPANCY.SOURCE, 0x213
UNC_I_CACHE_READ_OCCUPANCY.ANY, 0x110
UNC_I_CACHE_READ_OCCUPANCY.SOURCE, 0x210
UNC_I_CACHE_TOTAL_OCCUPANCY.ANY, 0x112
UNC_I_CACHE_TOTAL_OCCUPANCY.SOURCE, 0x212
UNC_I_CACHE_WRITE_OCCUPANCY.ANY, 0x111
UNC_I_CACHE_WRITE_OCCUPANCY.SOURCE, 0x211
UNC_I_RxR_AK_CYCLES_FULL, 0xb
UNC_I_RxR_AK_INSERTS, 0xa
UNC_I_RxR_AK_OCCUPANCY, 0xc
UNC_I_RxR_BL_DRS_CYCLES_FULL, 0x4
UNC_I_RxR_BL_DRS_INSERTS, 0x1
UNC_I_RxR_BL_DRS_OCCUPANCY, 0x7
UNC_I_RxR_BL_NCB_CYCLES_FULL, 0x5
UNC_I_RxR_BL_NCB_INSERTS, 0x2
UNC_I_RxR_BL_NCB_OCCUPANCY, 0x8
UNC_I_RxR_BL_NCS_CYCLES_FULL, 0x6
UNC_I_RxR_BL_NCS_INSERTS, 0x3
UNC_I_RxR_BL_NCS_OCCUPANCY, 0x9
UNC_I_TICKLES.LOST_OWNERSHIP, 0x116
UNC_I_TICKLES.TOP_OF_QUEUE, 0x216
UNC_I_TRANSACTIONS.PD_PREFETCHES, 0x415
UNC_I_TRANSACTIONS.RD_PREFETCHES, 0x415
UNC_I_TRANSACTIONS.READS, 0x115
UNC_I_TRANSACTIONS.WRITES, 0x215
UNC_I_TxR_AD_STALL_CREDIT_CYCLES, 0x18
UNC_I_TxR_BL_STALL_CREDIT_CYCLES, 0x19
UNC_I_TxR_DATA_INSERTS_NCB, 0xe
UNC_I_TxR_DATA_INSERTS_NCS, 0xf
UNC_I_TxR_REQUEST_OCCUPANCY, 0xd
UNC_I_WRITE_ORDERING_STALL_CYCLES, 0x1a
UNC_Q_CLOCKTICKS, 0x14
UNC_Q_CTO_COUNT, 0x38
UNC_Q_DIRECT2CORE.FAILURE_CREDITS, 0x213
UNC_Q_DIRECT2CORE.FAILURE_CREDITS_MISS, 0x2013
UNC_Q_DIRECT2CORE.FAILURE_CREDITS_RBT, 0x813
UNC_Q_DIRECT2CORE.FAILURE_CREDITS_RBT_MISS, 0x8013
UNC_Q_DIRECT2CORE.FAILURE_MISS, 0x1013
UNC_Q_DIRECT2CORE.FAILURE_RBT_HIT, 0x413
UNC_Q_DIRECT2CORE.FAILURE_RBT_MISS, 0x4013
UNC_Q_DIRECT2CORE.SUCCESS_RBT_HIT, 0x113
UNC_Q_L1_POWER_CYCLES, 0x12
UNC_Q_MATCH_MASK, 0x38
UNC_Q_MESSAGE.DRS.AnyDataC, 0x38
UNC_Q_MESSAGE.DRS.AnyResp, 0x38
UNC_Q_MESSAGE.DRS.AnyResp11flits, 0x38
UNC_Q_MESSAGE.DRS.AnyResp9flits, 0x38
UNC_Q_MESSAGE.DRS.DataC_E, 0x38
UNC_Q_MESSAGE.DRS.DataC_E_Cmp, 0x38
UNC_Q_MESSAGE.DRS.DataC_E_FrcAckCnflt, 0x38
UNC_Q_MESSAGE.DRS.DataC_F, 0x38
UNC_Q_MESSAGE.DRS.DataC_F_Cmp, 0x38
UNC_Q_MESSAGE.DRS.DataC_F_FrcAckCnflt, 0x38
UNC_Q_MESSAGE.DRS.DataC_M, 0x38
UNC_Q_MESSAGE.DRS.WbEData, 0x38
UNC_Q_MESSAGE.DRS.WbIData, 0x38
UNC_Q_MESSAGE.DRS.WbSData, 0x38
UNC_Q_MESSAGE.HOM.AnyReq, 0x38
UNC_Q_MESSAGE.HOM.AnyResp, 0x38
UNC_Q_MESSAGE.HOM.RespFwd, 0x38
UNC_Q_MESSAGE.HOM.RespFwdI, 0x38
UNC_Q_MESSAGE.HOM.RespFwdIWb, 0x38
UNC_Q_MESSAGE.HOM.RespFwdS, 0x38
UNC_Q_MESSAGE.HOM.RespFwdSWb, 0x38
UNC_Q_MESSAGE.HOM.RespIWb, 0x38
UNC_Q_MESSAGE.HOM.RespSWb, 0x38
UNC_Q_MESSAGE.NCB.AnyInt, 0x38
UNC_Q_MESSAGE.NCB.AnyMsg, 0x38
UNC_Q_MESSAGE.NCB.AnyMsg11flits, 0x38
UNC_Q_MESSAGE.NCB.AnyMsg9flits, 0x38
UNC_Q_MESSAGE.NCS.AnyMsg1or2flits, 0x38
UNC_Q_MESSAGE.NCS.AnyMsg3flits, 0x38
UNC_Q_MESSAGE.NCS.NcRd, 0x38
UNC_Q_MESSAGE.NDR.AnyCmp, 0x38
UNC_Q_MESSAGE.SNP.AnySnp, 0x38
UNC_Q_RxL0P_POWER_CYCLES, 0x10
UNC_Q_RxL0_POWER_CYCLES, 0xf
UNC_Q_RxL_BYPASSED, 0x9
UNC_Q_RxL_CRC_ERRORS.LINK_INIT, 0x103
UNC_Q_RxL_CRC_ERRORS.NORMAL_OP, 0x203
UNC_Q_RxL_CREDITS_CONSUMED_VN0.DRS, 0x11e
UNC_Q_RxL_CREDITS_CONSUMED_VN0.HOM, 0x81e
UNC_Q_RxL_CREDITS_CONSUMED_VN0.NCB, 0x21e
UNC_Q_RxL_CREDITS_CONSUMED_VN0.NCS, 0x41e
UNC_Q_RxL_CREDITS_CONSUMED_VN0.NDR, 0x201e
UNC_Q_RxL_CREDITS_CONSUMED_VN0.SNP, 0x101e
UNC_Q_RxL_CREDITS_CONSUMED_VN1.DRS, 0x139
UNC_Q_RxL_CREDITS_CONSUMED_VN1.HOM, 0x839
UNC_Q_RxL_CREDITS_CONSUMED_VN1.NCB, 0x239
UNC_Q_RxL_CREDITS_CONSUMED_VN1.NCS, 0x439
UNC_Q_RxL_CREDITS_CONSUMED_VN1.NDR, 0x2039
UNC_Q_RxL_CREDITS_CONSUMED_VN1.SNP, 0x1039
UNC_Q_RxL_CREDITS_CONSUMED_VNA, 0x1d
UNC_Q_RxL_CYCLES_NE, 0xa
UNC_Q_RxL_CYCLES_NE_DRS.VN0, 0x10f
UNC_Q_RxL_CYCLES_NE_DRS.VN1, 0x20f
UNC_Q_RxL_CYCLES_NE_HOM.VN0, 0x112
UNC_Q_RxL_CYCLES_NE_HOM.VN1, 0x212
UNC_Q_RxL_CYCLES_NE_NCB.VN0, 0x110
UNC_Q_RxL_CYCLES_NE_NCB.VN1, 0x210
UNC_Q_RxL_CYCLES_NE_NCS.VN0, 0x111
UNC_Q_RxL_CYCLES_NE_NCS.VN1, 0x211
UNC_Q_RxL_CYCLES_NE_NDR.VN0, 0x114
UNC_Q_RxL_CYCLES_NE_NDR.VN1, 0x214
UNC_Q_RxL_CYCLES_NE_SNP.VN0, 0x113
UNC_Q_RxL_CYCLES_NE_SNP.VN1, 0x213
UNC_Q_RxL_FLITS_G0.DATA, 0x201
UNC_Q_RxL_FLITS_G0.IDLE, 0x101
UNC_Q_RxL_FLITS_G0.NON_DATA, 0x401
UNC_Q_RxL_FLITS_G1.DRS, 0x1802
UNC_Q_RxL_FLITS_G1.DRS_DATA, 0x802
UNC_Q_RxL_FLITS_G1.DRS_NONDATA, 0x1002
UNC_Q_RxL_FLITS_G1.HOM, 0x602
UNC_Q_RxL_FLITS_G1.HOM_NONREQ, 0x402
UNC_Q_RxL_FLITS_G1.HOM_REQ, 0x202
UNC_Q_RxL_FLITS_G1.SNP, 0x102
UNC_Q_RxL_FLITS_G2.NCB, 0xc03
UNC_Q_RxL_FLITS_G2.NCB_DATA, 0x403
UNC_Q_RxL_FLITS_G2.NCB_NONDATA, 0x803
UNC_Q_RxL_FLITS_G2.NCS, 0x1003
UNC_Q_RxL_FLITS_G2.NDR_AD, 0x103
UNC_Q_RxL_FLITS_G2.NDR_AK, 0x203
UNC_Q_RxL_INSERTS, 0x8
UNC_Q_RxL_INSERTS_DRS, 0x9
UNC_Q_RxL_INSERTS_DRS.VN0, 0x109
UNC_Q_RxL_INSERTS_DRS.VN1, 0x209
UNC_Q_RxL_INSERTS_HOM, 0xc
UNC_Q_RxL_INSERTS_HOM.VN0, 0x10c
UNC_Q_RxL_INSERTS_HOM.VN1, 0x20c
UNC_Q_RxL_INSERTS_NCB, 0xa
UNC_Q_RxL_INSERTS_NCB.VN0, 0x10a
UNC_Q_RxL_INSERTS_NCB.VN1, 0x20a
UNC_Q_RxL_INSERTS_NCS, 0xb
UNC_Q_RxL_INSERTS_NCS.VN0, 0x10b
UNC_Q_RxL_INSERTS_NCS.VN1, 0x20b
UNC_Q_RxL_INSERTS_NDR, 0xe
UNC_Q_RxL_INSERTS_NDR.VN0, 0x10e
UNC_Q_RxL_INSERTS_NDR.VN1, 0x20e
UNC_Q_RxL_INSERTS_SNP, 0xd
UNC_Q_RxL_INSERTS_SNP.VN0, 0x10d
UNC_Q_RxL_INSERTS_SNP.VN1, 0x20d
UNC_Q_RxL_OCCUPANCY, 0xb
UNC_Q_RxL_OCCUPANCY_DRS, 0x15
UNC_Q_RxL_OCCUPANCY_DRS.VN0, 0x115
UNC_Q_RxL_OCCUPANCY_DRS.VN1, 0x215
UNC_Q_RxL_OCCUPANCY_HOM, 0x18
UNC_Q_RxL_OCCUPANCY_HOM.VN0, 0x118
UNC_Q_RxL_OCCUPANCY_HOM.VN1, 0x218
UNC_Q_RxL_OCCUPANCY_NCB, 0x16
UNC_Q_RxL_OCCUPANCY_NCB.VN0, 0x116
UNC_Q_RxL_OCCUPANCY_NCB.VN1, 0x216
UNC_Q_RxL_OCCUPANCY_NCS, 0x17
UNC_Q_RxL_OCCUPANCY_NCS.VN0, 0x117
UNC_Q_RxL_OCCUPANCY_NCS.VN1, 0x217
UNC_Q_RxL_OCCUPANCY_NDR, 0x1a
UNC_Q_RxL_OCCUPANCY_NDR.VN0, 0x11a
UNC_Q_RxL_OCCUPANCY_NDR.VN1, 0x21a
UNC_Q_RxL_OCCUPANCY_SNP, 0x19
UNC_Q_RxL_OCCUPANCY_SNP.VN0, 0x119
UNC_Q_RxL_OCCUPANCY_SNP.VN1, 0x219
UNC_Q_RxL_STALLS_VN0.BGF_DRS, 0x135
UNC_Q_RxL_STALLS_VN0.BGF_HOM, 0x835
UNC_Q_RxL_STALLS_VN0.BGF_NCB, 0x235
UNC_Q_RxL_STALLS_VN0.BGF_NCS, 0x435
UNC_Q_RxL_STALLS_VN0.BGF_NDR, 0x2035
UNC_Q_RxL_STALLS_VN0.BGF_SNP, 0x1035
UNC_Q_RxL_STALLS_VN0.EGRESS_CREDITS, 0x4035
UNC_Q_RxL_STALLS_VN0.GV, 0x8035
UNC_Q_RxL_STALLS_VN1.BGF_DRS, 0x13a
UNC_Q_RxL_STALLS_VN1.BGF_HOM, 0x83a
UNC_Q_RxL_STALLS_VN1.BGF_NCB, 0x23a
UNC_Q_RxL_STALLS_VN1.BGF_NCS, 0x43a
UNC_Q_RxL_STALLS_VN1.BGF_NDR, 0x203a
UNC_Q_RxL_STALLS_VN1.BGF_SNP, 0x103a
UNC_Q_TxL0P_POWER_CYCLES, 0xd
UNC_Q_TxL0_POWER_CYCLES, 0xc
UNC_Q_TxL_BYPASSED, 0x5
UNC_Q_TxL_CRC_NO_CREDITS.ALMOST_FULL, 0x202
UNC_Q_TxL_CRC_NO_CREDITS.FULL, 0x102
UNC_Q_TxL_CYCLES_NE, 0x6
UNC_Q_TxL_FLITS_G2.NCB, 0xc01
UNC_Q_TxL_FLITS_G2.NCB_DATA, 0x401
UNC_Q_TxL_FLITS_G2.NCB_NONDATA, 0x801
UNC_Q_TxL_FLITS_G2.NCS, 0x1001
UNC_Q_TxL_FLITS_G2.NDR_AD, 0x101
UNC_Q_TxL_FLITS_G2.NDR_AK, 0x201
UNC_Q_TxL_INSERTS, 0x4
UNC_Q_TxL_OCCUPANCY, 0x7
UNC_Q_TxR_AD_HOM_CREDIT_ACQUIRED.VN0, 0x126
UNC_Q_TxR_AD_HOM_CREDIT_ACQUIRED.VN1, 0x226
UNC_Q_TxR_AD_HOM_CREDIT_OCCUPANCY.VN0, 0x122
UNC_Q_TxR_AD_HOM_CREDIT_OCCUPANCY.VN1, 0x222
UNC_Q_TxR_AD_NDR_CREDIT_ACQUIRED.VN0, 0x128
UNC_Q_TxR_AD_NDR_CREDIT_ACQUIRED.VN1, 0x228
UNC_Q_TxR_AD_NDR_CREDIT_OCCUPANCY.VN0, 0x124
UNC_Q_TxR_AD_NDR_CREDIT_OCCUPANCY.VN1, 0x224
UNC_Q_TxR_AD_SNP_CREDIT_ACQUIRED.VN0, 0x127
UNC_Q_TxR_AD_SNP_CREDIT_ACQUIRED.VN1, 0x227
UNC_Q_TxR_AD_SNP_CREDIT_OCCUPANCY.VN0, 0x123
UNC_Q_TxR_AD_SNP_CREDIT_OCCUPANCY.VN1, 0x223
UNC_Q_TxR_AK_NDR_CREDIT_ACQUIRED, 0x29
UNC_Q_TxR_AK_NDR_CREDIT_ACQUIRED.VN0, 0x129
UNC_Q_TxR_AK_NDR_CREDIT_ACQUIRED.VN1, 0x229
UNC_Q_TxR_AK_NDR_CREDIT_OCCUPANCY, 0x25
UNC_Q_TxR_AK_NDR_CREDIT_OCCUPANCY.VN0, 0x125
UNC_Q_TxR_AK_NDR_CREDIT_OCCUPANCY.VN1, 0x225
UNC_Q_TxR_BL_DRS_CREDIT_ACQUIRED.VN0, 0x12a
UNC_Q_TxR_BL_DRS_CREDIT_ACQUIRED.VN1, 0x22a
UNC_Q_TxR_BL_DRS_CREDIT_ACQUIRED.VN_SHR, 0x42a
UNC_Q_TxR_BL_DRS_CREDIT_OCCUPANCY.VN0, 0x11f
UNC_Q_TxR_BL_DRS_CREDIT_OCCUPANCY.VN1, 0x21f
UNC_Q_TxR_BL_DRS_CREDIT_OCCUPANCY.VN_SHR, 0x41f
UNC_Q_TxR_BL_NCB_CREDIT_ACQUIRED.VN0, 0x12b
UNC_Q_TxR_BL_NCB_CREDIT_ACQUIRED.VN1, 0x22b
UNC_Q_TxR_BL_NCB_CREDIT_OCCUPANCY.VN0, 0x120
UNC_Q_TxR_BL_NCB_CREDIT_OCCUPANCY.VN1, 0x220
UNC_Q_TxR_BL_NCS_CREDIT_ACQUIRED.VN0, 0x12c
UNC_Q_TxR_BL_NCS_CREDIT_ACQUIRED.VN1, 0x22c
UNC_Q_TxR_BL_NCS_CREDIT_OCCUPANCY.VN0, 0x121
UNC_Q_TxR_BL_NCS_CREDIT_OCCUPANCY.VN1, 0x221
UNC_Q_VNA_CREDIT_RETURNS, 0x1c
UNC_Q_VNA_CREDIT_RETURN_OCCUPANCY, 0x1b
UNC_R3_CLOCKTICKS, 0x1
UNC_R3_C_HI_AD_CREDITS_EMPTY.CBO10, 0x42c
UNC_R3_C_HI_AD_CREDITS_EMPTY.CBO11, 0x82c
UNC_R3_C_HI_AD_CREDITS_EMPTY.CBO12, 0x102c
UNC_R3_C_HI_AD_CREDITS_EMPTY.CBO13, 0x202c
UNC_R3_C_HI_AD_CREDITS_EMPTY.CBO14, 0x402c
UNC_R3_C_HI_AD_CREDITS_EMPTY.CBO8, 0x12c
UNC_R3_C_HI_AD_CREDITS_EMPTY.CBO9, 0x22c
UNC_R3_C_LO_AD_CREDITS_EMPTY.CBO0, 0x12b
UNC_R3_C_LO_AD_CREDITS_EMPTY.CBO1, 0x22b
UNC_R3_C_LO_AD_CREDITS_EMPTY.CBO2, 0x42b
UNC_R3_C_LO_AD_CREDITS_EMPTY.CBO3, 0x82b
UNC_R3_C_LO_AD_CREDITS_EMPTY.CBO4, 0x102b
UNC_R3_C_LO_AD_CREDITS_EMPTY.CBO5, 0x202b
UNC_R3_C_LO_AD_CREDITS_EMPTY.CBO6, 0x402b
UNC_R3_C_LO_AD_CREDITS_EMPTY.CBO7, 0x802b
UNC_R3_HA_R2_BL_CREDITS_EMPTY.HA0, 0x12f
UNC_R3_HA_R2_BL_CREDITS_EMPTY.HA1, 0x22f
UNC_R3_HA_R2_BL_CREDITS_EMPTY.R2_NCB, 0x42f
UNC_R3_HA_R2_BL_CREDITS_EMPTY.R2_NCS, 0x82f
UNC_R3_QPI0_AD_CREDITS_EMPTY.VN0_HOM, 0x229
UNC_R3_QPI0_AD_CREDITS_EMPTY.VN0_NDR, 0x829
UNC_R3_QPI0_AD_CREDITS_EMPTY.VN0_SNP, 0x429
UNC_R3_QPI0_AD_CREDITS_EMPTY.VN1_HOM, 0x1029
UNC_R3_QPI0_AD_CREDITS_EMPTY.VN1_NDR, 0x4029
UNC_R3_QPI0_AD_CREDITS_EMPTY.VN1_SNP, 0x2029
UNC_R3_QPI0_AD_CREDITS_EMPTY.VNA, 0x129
UNC_R3_QPI0_BL_CREDITS_EMPTY.VN0_HOM, 0x22d
UNC_R3_QPI0_BL_CREDITS_EMPTY.VN0_NDR, 0x82d
UNC_R3_QPI0_BL_CREDITS_EMPTY.VN0_SNP, 0x42d
UNC_R3_QPI0_BL_CREDITS_EMPTY.VN1_HOM, 0x102d
UNC_R3_QPI0_BL_CREDITS_EMPTY.VN1_NDR, 0x402d
UNC_R3_QPI0_BL_CREDITS_EMPTY.VN1_SNP, 0x202d
UNC_R3_QPI0_BL_CREDITS_EMPTY.VNA, 0x12d
UNC_R3_QPI1_AD_CREDITS_EMPTY.VN0_HOM, 0x22a
UNC_R3_QPI1_AD_CREDITS_EMPTY.VN0_NDR, 0x82a
UNC_R3_QPI1_AD_CREDITS_EMPTY.VN0_SNP, 0x42a
UNC_R3_QPI1_AD_CREDITS_EMPTY.VN1_HOM, 0x102a
UNC_R3_QPI1_AD_CREDITS_EMPTY.VN1_NDR, 0x402a
UNC_R3_QPI1_AD_CREDITS_EMPTY.VN1_SNP, 0x202a
UNC_R3_QPI1_AD_CREDITS_EMPTY.VNA, 0x12a
UNC_R3_QPI1_BL_CREDITS_EMPTY.VN0_HOM, 0x22e
UNC_R3_QPI1_BL_CREDITS_EMPTY.VN0_NDR, 0x82e
UNC_R3_QPI1_BL_CREDITS_EMPTY.VN0_SNP, 0x42e
UNC_R3_QPI1_BL_CREDITS_EMPTY.VN1_HOM, 0x102e
UNC_R3_QPI1_BL_CREDITS_EMPTY.VN1_NDR, 0x402e
UNC_R3_QPI1_BL_CREDITS_EMPTY.VN1_SNP, 0x202e
UNC_R3_QPI1_BL_CREDITS_EMPTY.VNA, 0x12e
UNC_R3_RING_AD_USED.CCW, 0xcc07
UNC_R3_RING_AD_USED.CCW_VR0_EVEN, 0x407
UNC_R3_RING_AD_USED.CCW_VR0_ODD, 0x807
UNC_R3_RING_AD_USED.CW, 0x3307
UNC_R3_RING_AD_USED.CW_VR0_EVEN, 0x107
UNC_R3_RING_AD_USED.CW_VR0_ODD, 0x207
UNC_R3_RING_AK_USED.CCW, 0xcc08
UNC_R3_RING_AK_USED.CCW_VR0_EVEN, 0x408
UNC_R3_RING_AK_USED.CCW_VR0_ODD, 0x808
UNC_R3_RING_AK_USED.CW, 0x3308
UNC_R3_RING_AK_USED.CW_VR0_EVEN, 0x108
UNC_R3_RING_AK_USED.CW_VR0_ODD, 0x208
UNC_R3_RING_BL_USED.CCW, 0xcc09
UNC_R3_RING_BL_USED.CCW_VR0_EVEN, 0x409
UNC_R3_RING_BL_USED.CCW_VR0_ODD, 0x809
UNC_R3_RING_BL_USED.CW, 0x3309
UNC_R3_RING_BL_USED.CW_VR0_EVEN, 0x109
UNC_R3_RING_BL_USED.CW_VR0_ODD, 0x209
UNC_R3_RING_IV_USED.ANY, 0xff0a
UNC_R3_RING_IV_USED.CCW, 0xcc0a
UNC_R3_RING_IV_USED.CW, 0x330a
UNC_R3_RxR_AD_BYPASSED, 0x12
UNC_R3_RxR_BYPASSED.AD, 0x112
UNC_R3_RxR_CYCLES_NE.HOM, 0x110
UNC_R3_RxR_CYCLES_NE.NDR, 0x410
UNC_R3_RxR_CYCLES_NE.SNP, 0x210
UNC_R3_RxR_INSERTS.DRS, 0x811
UNC_R3_RxR_INSERTS.HOM, 0x111
UNC_R3_RxR_INSERTS.NCB, 0x1011
UNC_R3_RxR_INSERTS.NCS, 0x2011
UNC_R3_RxR_INSERTS.NDR, 0x411
UNC_R3_RxR_INSERTS.SNP, 0x211
UNC_R3_RxR_OCCUPANCY.DRS, 0x813
UNC_R3_RxR_OCCUPANCY.HOM, 0x113
UNC_R3_RxR_OCCUPANCY.NCB, 0x1013
UNC_R3_RxR_OCCUPANCY.NCS, 0x2013
UNC_R3_RxR_OCCUPANCY.NDR, 0x413
UNC_R3_RxR_OCCUPANCY.SNP, 0x213
UNC_R3_TxR_NACK_CCW.AD, 0x128
UNC_R3_TxR_NACK_CCW.AK, 0x228
UNC_R3_TxR_NACK_CCW.BL, 0x428
UNC_R3_TxR_NACK_CW.AD, 0x126
UNC_R3_TxR_NACK_CW.AK, 0x226
UNC_R3_TxR_NACK_CW.BL, 0x426
UNC_R3_VN0_CREDITS_REJECT.DRS, 0x837
UNC_R3_VN0_CREDITS_REJECT.HOM, 0x137
UNC_R3_VN0_CREDITS_REJECT.NCB, 0x1037
UNC_R3_VN0_CREDITS_REJECT.NCS, 0x2037
UNC_R3_VN0_CREDITS_REJECT.NDR, 0x437
UNC_R3_VN0_CREDITS_REJECT.SNP, 0x237
UNC_R3_VN0_CREDITS_USED.DRS, 0x836
UNC_R3_VN0_CREDITS_USED.HOM, 0x136
UNC_R3_VN0_CREDITS_USED.NCB, 0x1036
UNC_R3_VN0_CREDITS_USED.NCS, 0x2036
UNC_R3_VN0_CREDITS_USED.NDR, 0x436
UNC_R3_VN0_CREDITS_USED.SNP, 0x236
UNC_R3_VN1_CREDITS_REJECT.DRS, 0x839
UNC_R3_VN1_CREDITS_REJECT.HOM, 0x139
UNC_R3_VN1_CREDITS_REJECT.NCB, 0x1039
UNC_R3_VN1_CREDITS_REJECT.NCS, 0x2039
UNC_R3_VN1_CREDITS_REJECT.NDR, 0x439
UNC_R3_VN1_CREDITS_REJECT.SNP, 0x239
UNC_R3_VN1_CREDITS_USED.DRS, 0x838
UNC_R3_VN1_CREDITS_USED.HOM, 0x138
UNC_R3_VN1_CREDITS_USED.NCB, 0x1038
UNC_R3_VN1_CREDITS_USED.NCS, 0x2038
UNC_R3_VN1_CREDITS_USED.NDR, 0x438
UNC_R3_VN1_CREDITS_USED.SNP, 0x238
UNC_R3_VNA_CREDITS_ACQUIRED, 0x33
UNC_R3_VNA_CREDITS_ACQUIRED.AD, 0x133
UNC_R3_VNA_CREDITS_ACQUIRED.BL, 0x433
UNC_R3_VNA_CREDITS_REJECT.DRS, 0x834
UNC_R3_VNA_CREDITS_REJECT.HOM, 0x134
UNC_R3_VNA_CREDITS_REJECT.NCB, 0x1034
UNC_R3_VNA_CREDITS_REJECT.NCS, 0x2034
UNC_R3_VNA_CREDITS_REJECT.NDR, 0x434
UNC_R3_VNA_CREDITS_REJECT.SNP, 0x234
UNC_R3_VNA_CREDIT_CYCLES_OUT, 0x31
UNC_R3_VNA_CREDIT_CYCLES_USED, 0x32
UNC_U_EVENT_MSG.DOORBELL_RCVD, 0x842
UNC_U_EVENT_MSG.INT_PRIO, 0x1042
UNC_U_EVENT_MSG.IPI_RCVD, 0x442
UNC_U_EVENT_MSG.MSI_RCVD, 0x242
UNC_U_EVENT_MSG.VLW_RCVD, 0x142
UNC_U_FILTER_MATCH.DISABLE, 0x241
UNC_U_FILTER_MATCH.ENABLE, 0x141
UNC_U_FILTER_MATCH.U2C_DISABLE, 0x841
UNC_U_FILTER_MATCH.U2C_ENABLE, 0x441
UNC_U_LOCK_CYCLES, 0x44
UNC_U_PHOLD_CYCLES.ASSERT_TO_ACK, 0x145
UNC_U_RACU_REQUESTS, 0x46
UNC_U_U2C_EVENTS.CMC, 0x1043
UNC_U_U2C_EVENTS.LIVELOCK, 0x443
UNC_U_U2C_EVENTS.LTERROR, 0x843
UNC_U_U2C_EVENTS.MONITOR_T0, 0x143
UNC_U_U2C_EVENTS.MONITOR_T1, 0x243
UNC_U_U2C_EVENTS.OTHER, 0x8043
UNC_U_U2C_EVENTS.TRAP, 0x4043
UNC_U_U2C_EVENTS.UMC, 0x2043
ARITH.FPU_DIV, 0x414
ARITH.FPU_DIV_ACTIVE, 0x114
BR_INST_EXEC.ALL_BRANCHES, 0xff88
BR_INST_EXEC.ALL_CONDITIONAL, 0xc188
BR_INST_EXEC.ALL_DIRECT_JMP, 0xc288
BR_INST_EXEC.ALL_DIRECT_NEAR_CALL, 0xd088
BR_INST_EXEC.ALL_INDIRECT_JUMP_NON_CALL_RET, 0xc488
BR_INST_EXEC.ALL_INDIRECT_NEAR_RETURN, 0xc888
BR_INST_EXEC.NONTAKEN_CONDITIONAL, 0x4188
BR_INST_EXEC.TAKEN_CONDITIONAL, 0x8188
BR_INST_EXEC.TAKEN_DIRECT_JUMP, 0x8288
BR_INST_EXEC.TAKEN_DIRECT_NEAR_CALL, 0x9088
BR_INST_EXEC.TAKEN_INDIRECT_JUMP_NON_CALL_RET, 0x8488
BR_INST_EXEC.TAKEN_INDIRECT_NEAR_CALL, 0xa088
BR_INST_EXEC.TAKEN_INDIRECT_NEAR_RETURN, 0x8888
BR_INST_RETIRED.ALL_BRANCHES, 0xc4
BR_INST_RETIRED.ALL_BRANCHES_PEBS, 0x4c4
BR_INST_RETIRED.CONDITIONAL, 0x1c4
BR_INST_RETIRED.FAR_BRANCH, 0x40c4
BR_INST_RETIRED.NEAR_CALL, 0x2c4
BR_INST_RETIRED.NEAR_CALL_R3, 0x2c4
BR_INST_RETIRED.NEAR_RETURN, 0x8c4
BR_INST_RETIRED.NEAR_TAKEN, 0x20c4
BR_INST_RETIRED.NOT_TAKEN, 0x10c4
BR_MISP_EXEC.ALL_BRANCHES, 0xff89
BR_MISP_EXEC.ALL_CONDITIONAL, 0xc189
BR_MISP_EXEC.ALL_INDIRECT_JUMP_NON_CALL_RET, 0xc489
BR_MISP_EXEC.INDIRECT, 0xe489
BR_MISP_EXEC.NONTAKEN_CONDITIONAL, 0x4189
BR_MISP_EXEC.TAKEN_CONDITIONAL, 0x8189
BR_MISP_EXEC.TAKEN_INDIRECT_JUMP_NON_CALL_RET, 0x8489
BR_MISP_EXEC.TAKEN_INDIRECT_NEAR_CALL, 0xa089
BR_MISP_EXEC.TAKEN_RETURN_NEAR, 0x8889
BR_MISP_RETIRED.ALL_BRANCHES, 0xc5
BR_MISP_RETIRED.ALL_BRANCHES_PEBS, 0x4c5
BR_MISP_RETIRED.CONDITIONAL, 0x1c5
BR_MISP_RETIRED.NEAR_TAKEN, 0x20c5
CPU_CLK_THREAD_UNHALTED.ONE_THREAD_ACTIVE, 0x23c
CPU_CLK_THREAD_UNHALTED.REF_XCLK, 0x13c
CPU_CLK_THREAD_UNHALTED.REF_XCLK_ANY, 0x13c
CPU_CLK_UNHALTED.ONE_THREAD_ACTIVE, 0x23c
CPU_CLK_UNHALTED.REF_XCLK, 0x13c
CPU_CLK_UNHALTED.REF_XCLK_ANY, 0x13c
CPU_CLK_UNHALTED.THREAD_P, 0x3c
CPU_CLK_UNHALTED.THREAD_P_ANY, 0x3c
CYCLE_ACTIVITY.CYCLES_L1D_MISS, 0x8a3
CYCLE_ACTIVITY.CYCLES_L1D_PENDING, 0x8a3
CYCLE_ACTIVITY.CYCLES_L2_MISS, 0x1a3
CYCLE_ACTIVITY.CYCLES_L2_PENDING, 0x1a3
CYCLE_ACTIVITY.CYCLES_LDM_PENDING, 0x2a3
CYCLE_ACTIVITY.CYCLES_MEM_ANY, 0x2a3
CYCLE_ACTIVITY.CYCLES_NO_EXECUTE, 0x4a3
CYCLE_ACTIVITY.STALLS_L1D_MISS, 0xca3
CYCLE_ACTIVITY.STALLS_L1D_PENDING, 0xca3
CYCLE_ACTIVITY.STALLS_L2_MISS, 0x5a3
CYCLE_ACTIVITY.STALLS_L2_PENDING, 0x5a3
CYCLE_ACTIVITY.STALLS_LDM_PENDING, 0x6a3
CYCLE_ACTIVITY.STALLS_MEM_ANY, 0x6a3
CYCLE_ACTIVITY.STALLS_TOTAL, 0x4a3
ILD_STALL.IQ_FULL, 0x487
ILD_STALL.LCP, 0x187
INST_RETIRED.ANY_P, 0xc0
INST_RETIRED.PREC_DIST, 0x1c0
INT_MISC.RECOVERY_CYCLES, 0x30d
INT_MISC.RECOVERY_CYCLES_ANY, 0x30d
INT_MISC.RECOVERY_STALLS_COUNT, 0x30d
LD_BLOCKS.NO_SR, 0x803
LD_BLOCKS.STORE_FORWARD, 0x203
LD_BLOCKS_PARTIAL.ADDRESS_ALIAS, 0x107
LOAD_HIT_PRE.HW_PF, 0x24c
LOAD_HIT_PRE.SW_PF, 0x14c
LSD.CYCLES_4_UOPS, 0x1a8
LSD.CYCLES_ACTIVE, 0x1a8
LSD.UOPS, 0x1a8
MACHINE_CLEARS.COUNT, 0x1c3
MACHINE_CLEARS.MASKMOV, 0x20c3
MACHINE_CLEARS.SMC, 0x4c3
MOVE_ELIMINATION.INT_ELIMINATED, 0x158
MOVE_ELIMINATION.INT_NOT_ELIMINATED, 0x458
OTHER_ASSISTS.ANY_WB_ASSIST, 0x80c1
RESOURCE_STALLS.ANY, 0x1a2
RESOURCE_STALLS.ROB, 0x10a2
RESOURCE_STALLS.RS, 0x4a2
RESOURCE_STALLS.SB, 0x8a2
ROB_MISC_EVENTS.LBR_INSERTS, 0x20cc
RS_EVENTS.EMPTY_CYCLES, 0x15e
RS_EVENTS.EMPTY_END, 0x15e
UOPS_DISPATCHED_PORT.PORT_0, 0x1a1
UOPS_DISPATCHED_PORT.PORT_0_CORE, 0x1a1
UOPS_DISPATCHED_PORT.PORT_1, 0x2a1
UOPS_DISPATCHED_PORT.PORT_1_CORE, 0x2a1
UOPS_DISPATCHED_PORT.PORT_2, 0xca1
UOPS_DISPATCHED_PORT.PORT_2_CORE, 0xca1
UOPS_DISPATCHED_PORT.PORT_3, 0x30a1
UOPS_DISPATCHED_PORT.PORT_3_CORE, 0x30a1
UOPS_DISPATCHED_PORT.PORT_4, 0x40a1
UOPS_DISPATCHED_PORT.PORT_4_CORE, 0x40a1
UOPS_DISPATCHED_PORT.PORT_5, 0x80a1
UOPS_DISPATCHED_PORT.PORT_5_CORE, 0x80a1
UOPS_EXECUTED.CORE, 0x2b1
UOPS_EXECUTED.CORE_CYCLES_GE_1, 0x2b1
UOPS_EXECUTED.CORE_CYCLES_GE_2, 0x2b1
UOPS_EXECUTED.CORE_CYCLES_GE_3, 0x2b1
UOPS_EXECUTED.CORE_CYCLES_GE_4, 0x2b1
UOPS_EXECUTED.CORE_CYCLES_NONE, 0x2b1
UOPS_EXECUTED.CYCLES_GE_1_UOP_EXEC, 0x1b1
UOPS_EXECUTED.CYCLES_GE_2_UOPS_EXEC, 0x1b1
UOPS_EXECUTED.CYCLES_GE_3_UOPS_EXEC, 0x1b1
UOPS_EXECUTED.CYCLES_GE_4_UOPS_EXEC, 0x1b1
UOPS_EXECUTED.STALL_CYCLES, 0x1b1
UOPS_EXECUTED.THREAD, 0x1b1
UOPS_ISSUED.ANY, 0x10e
UOPS_ISSUED.CORE_STALL_CYCLES, 0x10e
UOPS_ISSUED.FLAGS_MERGE, 0x100e
UOPS_ISSUED.SINGLE_MUL, 0x400e
UOPS_ISSUED.SLOW_LEA, 0x200e
UOPS_ISSUED.STALL_CYCLES, 0x10e
UOPS_RETIRED.ALL, 0x1c2
UOPS_RETIRED.CORE_STALL_CYCLES, 0x1c2
UOPS_RETIRED.RETIRE_SLOTS, 0x2c2
UOPS_RETIRED.STALL_CYCLES, 0x1c2
UOPS_RETIRED.TOTAL_CYCLES, 0x1c2
UNC_R2_CLOCKTICKS, 0x1
UNC_R2_IIO_CREDITS_ACQUIRED.DRS, 0x833
UNC_R2_IIO_CREDITS_ACQUIRED.NCB, 0x1033
UNC_R2_IIO_CREDITS_ACQUIRED.NCS, 0x2033
UNC_R2_IIO_CREDITS_REJECT.DRS, 0x834
UNC_R2_IIO_CREDITS_USED.DRS, 0x832
UNC_R2_IIO_CREDITS_USED.NCB, 0x1032
UNC_R2_IIO_CREDITS_USED.NCS, 0x2032
UNC_R2_RING_AD_USED.CCW, 0xcc07
UNC_R2_RING_AD_USED.CCW_VR0_EVEN, 0x407
UNC_R2_RING_AD_USED.CCW_VR0_ODD, 0x807
UNC_R2_RING_AD_USED.CCW_VR1_EVEN, 0x4007
UNC_R2_RING_AD_USED.CCW_VR1_ODD, 0x8007
UNC_R2_RING_AD_USED.CW, 0x3307
UNC_R2_RING_AD_USED.CW_VR0_EVEN, 0x107
UNC_R2_RING_AD_USED.CW_VR0_ODD, 0x207
UNC_R2_RING_AD_USED.CW_VR1_EVEN, 0x1007
UNC_R2_RING_AD_USED.CW_VR1_ODD, 0x2007
UNC_R2_RING_AK_USED.CCW, 0xcc08
UNC_R2_RING_AK_USED.CCW_VR0_EVEN, 0x408
UNC_R2_RING_AK_USED.CCW_VR0_ODD, 0x808
UNC_R2_RING_AK_USED.CCW_VR1_EVEN, 0x4008
UNC_R2_RING_AK_USED.CCW_VR1_ODD, 0x8008
UNC_R2_RING_AK_USED.CW, 0x3308
UNC_R2_RING_AK_USED.CW_VR0_EVEN, 0x108
UNC_R2_RING_AK_USED.CW_VR0_ODD, 0x208
UNC_R2_RING_AK_USED.CW_VR1_EVEN, 0x1008
UNC_R2_RING_AK_USED.CW_VR1_ODD, 0x2008
UNC_R2_RING_BL_USED.CCW, 0xcc09
UNC_R2_RING_BL_USED.CCW_VR0_EVEN, 0x409
UNC_R2_RING_BL_USED.CCW_VR0_ODD, 0x809
UNC_R2_RING_BL_USED.CCW_VR1_EVEN, 0x4009
UNC_R2_RING_BL_USED.CCW_VR1_ODD, 0x8009
UNC_R2_RING_BL_USED.CW, 0x3309
UNC_R2_RING_BL_USED.CW_VR0_EVEN, 0x109
UNC_R2_RING_BL_USED.CW_VR0_ODD, 0x209
UNC_R2_RING_BL_USED.CW_VR1_EVEN, 0x1009
UNC_R2_RING_BL_USED.CW_VR1_ODD, 0x2009
UNC_R2_RING_IV_USED.ANY, 0xff0a
UNC_R2_RING_IV_USED.CCW, 0xcc0a
UNC_R2_RING_IV_USED.CW, 0x330a
UNC_R2_RxR_AK_BOUNCES, 0x12
UNC_R2_RxR_AK_BOUNCES.CCW, 0x212
UNC_R2_RxR_AK_BOUNCES.CW, 0x112
UNC_R2_RxR_CYCLES_NE.NCB, 0x1010
UNC_R2_RxR_CYCLES_NE.NCS, 0x2010
UNC_R2_RxR_INSERTS.NCB, 0x1011
UNC_R2_RxR_INSERTS.NCS, 0x2011
UNC_R2_RxR_OCCUPANCY.DRS, 0x813
UNC_R2_TxR_CYCLES_FULL.AD, 0x125
UNC_R2_TxR_CYCLES_FULL.AK, 0x225
UNC_R2_TxR_CYCLES_FULL.BL, 0x425
UNC_R2_TxR_CYCLES_NE.AD, 0x123
UNC_R2_TxR_CYCLES_NE.AK, 0x223
UNC_R2_TxR_CYCLES_NE.BL, 0x423
UNC_R2_TxR_NACK_CCW.AD, 0x128
UNC_R2_TxR_NACK_CCW.AK, 0x228
UNC_R2_TxR_NACK_CCW.BL, 0x428
UNC_R2_TxR_NACK_CW.AD, 0x126
UNC_R2_TxR_NACK_CW.AK, 0x226
UNC_R2_TxR_NACK_CW.BL, 0x426
L1D.REPLACEMENT, 0x151
L1D_PEND_MISS.FB_FULL, 0x248
L1D_PEND_MISS.PENDING, 0x148
L1D_PEND_MISS.PENDING_CYCLES, 0x148
L1D_PEND_MISS.PENDING_CYCLES_ANY, 0x148
L2_L1D_WB_RQSTS.ALL, 0xf28
L2_L1D_WB_RQSTS.HIT_E, 0x428
L2_L1D_WB_RQSTS.HIT_M, 0x828
L2_L1D_WB_RQSTS.MISS, 0x128
L2_LINES_IN.ALL, 0x7f1
L2_LINES_IN.E, 0x4f1
L2_LINES_IN.I, 0x1f1
L2_LINES_IN.S, 0x2f1
L2_LINES_OUT.DEMAND_CLEAN, 0x1f2
L2_LINES_OUT.DEMAND_DIRTY, 0x2f2
L2_LINES_OUT.DIRTY_ALL, 0xaf2
L2_LINES_OUT.PF_CLEAN, 0x4f2
L2_LINES_OUT.PF_DIRTY, 0x8f2
L2_RQSTS.ALL_CODE_RD, 0x3024
L2_RQSTS.ALL_DEMAND_DATA_RD, 0x324
L2_RQSTS.ALL_PF, 0xc024
L2_RQSTS.ALL_RFO, 0xc24
L2_RQSTS.CODE_RD_HIT, 0x1024
L2_RQSTS.CODE_RD_MISS, 0x2024
L2_RQSTS.DEMAND_DATA_RD_HIT, 0x124
L2_RQSTS.PF_HIT, 0x4024
L2_RQSTS.PF_MISS, 0x8024
L2_RQSTS.RFO_HIT, 0x424
L2_RQSTS.RFO_MISS, 0x824
L2_STORE_LOCK_RQSTS.ALL, 0xf27
L2_STORE_LOCK_RQSTS.HIT_M, 0x827
L2_STORE_LOCK_RQSTS.MISS, 0x127
L2_TRANS.ALL_PF, 0x8f0
L2_TRANS.ALL_REQUESTS, 0x80f0
L2_TRANS.CODE_RD, 0x4f0
L2_TRANS.DEMAND_DATA_RD, 0x1f0
L2_TRANS.L1D_WB, 0x10f0
L2_TRANS.L2_FILL, 0x20f0
L2_TRANS.L2_WB, 0x40f0
L2_TRANS.RFO, 0x2f0
LOCK_CYCLES.CACHE_LOCK_DURATION, 0x263
LONGEST_LAT_CACHE.MISS, 0x412e
LONGEST_LAT_CACHE.REFERENCE, 0x4f2e
MEM_LOAD_UOPS_LLC_HIT_RETIRED.XSNP_HIT, 0x2d2
MEM_LOAD_UOPS_LLC_HIT_RETIRED.XSNP_HITM, 0x4d2
MEM_LOAD_UOPS_LLC_HIT_RETIRED.XSNP_MISS, 0x1d2
MEM_LOAD_UOPS_LLC_HIT_RETIRED.XSNP_NONE, 0x8d2
MEM_LOAD_UOPS_LLC_MISS_RETIRED.LOCAL_DRAM, 0x3d3
MEM_LOAD_UOPS_LLC_MISS_RETIRED.REMOTE_DRAM, 0xcd3
MEM_LOAD_UOPS_LLC_MISS_RETIRED.REMOTE_FWD, 0x20d3
MEM_LOAD_UOPS_LLC_MISS_RETIRED.REMOTE_HITM, 0x10d3
MEM_LOAD_UOPS_RETIRED.HIT_LFB, 0x40d1
MEM_LOAD_UOPS_RETIRED.L1_HIT, 0x1d1
MEM_LOAD_UOPS_RETIRED.L1_MISS, 0x8d1
MEM_LOAD_UOPS_RETIRED.L2_HIT, 0x2d1
MEM_LOAD_UOPS_RETIRED.L2_MISS, 0x10d1
MEM_LOAD_UOPS_RETIRED.LLC_HIT, 0x4d1
MEM_LOAD_UOPS_RETIRED.LLC_MISS, 0x20d1
MEM_UOPS_RETIRED.ALL_LOADS, 0x81d0
MEM_UOPS_RETIRED.ALL_STORES, 0x82d0
MEM_UOPS_RETIRED.LOCK_LOADS, 0x21d0
MEM_UOPS_RETIRED.SPLIT_LOADS, 0x41d0
MEM_UOPS_RETIRED.SPLIT_STORES, 0x42d0
MEM_UOPS_RETIRED.STLB_MISS_LOADS, 0x11d0
MEM_UOPS_RETIRED.STLB_MISS_STORES, 0x12d0
OFFCORE_REQUESTS.ALL_DATA_RD, 0x8b0
OFFCORE_REQUESTS.DEMAND_CODE_RD, 0x2b0
OFFCORE_REQUESTS.DEMAND_DATA_RD, 0x1b0
OFFCORE_REQUESTS.DEMAND_RFO, 0x4b0
OFFCORE_REQUESTS_BUFFER.SQ_FULL, 0x1b2
OFFCORE_REQUESTS_OUTSTANDING.ALL_DATA_RD, 0x860
OFFCORE_REQUESTS_OUTSTANDING.CYCLES_WITH_DATA_RD, 0x860
OFFCORE_REQUESTS_OUTSTANDING.CYCLES_WITH_DEMAND_CODE_RD, 0x260
OFFCORE_REQUESTS_OUTSTANDING.CYCLES_WITH_DEMAND_DATA_RD, 0x160
OFFCORE_REQUESTS_OUTSTANDING.CYCLES_WITH_DEMAND_RFO, 0x460
OFFCORE_REQUESTS_OUTSTANDING.DEMAND_CODE_RD, 0x260
OFFCORE_REQUESTS_OUTSTANDING.DEMAND_DATA_RD, 0x160
OFFCORE_REQUESTS_OUTSTANDING.DEMAND_DATA_RD_GE_6, 0x160
OFFCORE_REQUESTS_OUTSTANDING.DEMAND_RFO, 0x460
SQ_MISC.SPLIT_LOCK, 0x10f4
UNC_M_ACT_COUNT.BYP, 0x801
UNC_M_ACT_COUNT.RD, 0x101
UNC_M_ACT_COUNT.WR, 0x201
UNC_M_BYP_CMDS.ACT, 0x1a1
UNC_M_BYP_CMDS.CAS, 0x2a1
UNC_M_BYP_CMDS.PRE, 0x4a1
UNC_M_CAS_COUNT.ALL, 0xf04
UNC_M_CAS_COUNT.RD, 0x304
UNC_M_CAS_COUNT.RD_REG, 0x104
UNC_M_CAS_COUNT.RD_RMM, 0x2004
UNC_M_CAS_COUNT.RD_UNDERFILL, 0x204
UNC_M_CAS_COUNT.RD_WMM, 0x1004
UNC_M_CAS_COUNT.WR, 0xc04
UNC_M_CAS_COUNT.WR_RMM, 0x804
UNC_M_CAS_COUNT.WR_WMM, 0x404
UNC_M_DRAM_PRE_ALL, 0x6
UNC_M_DRAM_REFRESH.HIGH, 0x405
UNC_M_DRAM_REFRESH.PANIC, 0x205
UNC_M_ECC_CORRECTABLE_ERRORS, 0x9
UNC_M_MAJOR_MODES.ISOCH, 0x807
UNC_M_MAJOR_MODES.PARTIAL, 0x407
UNC_M_MAJOR_MODES.READ, 0x107
UNC_M_MAJOR_MODES.WRITE, 0x207
UNC_M_POWER_CHANNEL_DLLOFF, 0x84
UNC_M_POWER_CHANNEL_PPD, 0x85
UNC_M_POWER_CKE_CYCLES.RANK0, 0x183
UNC_M_POWER_CKE_CYCLES.RANK1, 0x283
UNC_M_POWER_CKE_CYCLES.RANK2, 0x483
UNC_M_POWER_CKE_CYCLES.RANK3, 0x883
UNC_M_POWER_CKE_CYCLES.RANK4, 0x1083
UNC_M_POWER_CKE_CYCLES.RANK5, 0x2083
UNC_M_POWER_CKE_CYCLES.RANK6, 0x4083
UNC_M_POWER_CKE_CYCLES.RANK7, 0x8083
UNC_M_POWER_CRITICAL_THROTTLE_CYCLES, 0x86
UNC_M_POWER_PCU_THROTTLING, 0x42
UNC_M_POWER_SELF_REFRESH, 0x43
UNC_M_POWER_THROTTLE_CYCLES.RANK0, 0x141
UNC_M_POWER_THROTTLE_CYCLES.RANK1, 0x241
UNC_M_POWER_THROTTLE_CYCLES.RANK2, 0x441
UNC_M_POWER_THROTTLE_CYCLES.RANK3, 0x841
UNC_M_POWER_THROTTLE_CYCLES.RANK4, 0x1041
UNC_M_POWER_THROTTLE_CYCLES.RANK5, 0x2041
UNC_M_POWER_THROTTLE_CYCLES.RANK6, 0x4041
UNC_M_POWER_THROTTLE_CYCLES.RANK7, 0x8041
UNC_M_PREEMPTION.RD_PREEMPT_RD, 0x108
UNC_M_PREEMPTION.RD_PREEMPT_WR, 0x208
UNC_M_PRE_COUNT.BYP, 0x1002
UNC_M_PRE_COUNT.PAGE_CLOSE, 0x202
UNC_M_PRE_COUNT.PAGE_MISS, 0x102
UNC_M_PRE_COUNT.RD, 0x402
UNC_M_PRE_COUNT.WR, 0x802
UNC_M_RD_CAS_PRIO.HIGH, 0x4a0
UNC_M_RD_CAS_PRIO.LOW, 0x1a0
UNC_M_RD_CAS_PRIO.MED, 0x2a0
UNC_M_RD_CAS_PRIO.PANIC, 0x8a0
UNC_M_RD_CAS_RANK0.BANK0, 0x1b0
UNC_M_RD_CAS_RANK0.BANK1, 0x2b0
UNC_M_RD_CAS_RANK0.BANK2, 0x4b0
UNC_M_RD_CAS_RANK0.BANK3, 0x8b0
UNC_M_RD_CAS_RANK0.BANK4, 0x10b0
UNC_M_RD_CAS_RANK0.BANK5, 0x20b0
UNC_M_RD_CAS_RANK0.BANK6, 0x40b0
UNC_M_RD_CAS_RANK0.BANK7, 0x80b0
UNC_M_RD_CAS_RANK1.BANK0, 0x1b1
UNC_M_RD_CAS_RANK1.BANK1, 0x2b1
UNC_M_RD_CAS_RANK1.BANK2, 0x4b1
UNC_M_RD_CAS_RANK1.BANK3, 0x8b1
UNC_M_RD_CAS_RANK1.BANK4, 0x10b1
UNC_M_RD_CAS_RANK1.BANK5, 0x20b1
UNC_M_RD_CAS_RANK1.BANK6, 0x40b1
UNC_M_RD_CAS_RANK1.BANK7, 0x80b1
UNC_M_RD_CAS_RANK2.BANK0, 0x1b2
UNC_M_RD_CAS_RANK2.BANK1, 0x2b2
UNC_M_RD_CAS_RANK2.BANK2, 0x4b2
UNC_M_RD_CAS_RANK2.BANK3, 0x8b2
UNC_M_RD_CAS_RANK2.BANK4, 0x10b2
UNC_M_RD_CAS_RANK2.BANK5, 0x20b2
UNC_M_RD_CAS_RANK2.BANK6, 0x40b2
UNC_M_RD_CAS_RANK2.BANK7, 0x80b2
UNC_M_RD_CAS_RANK3.BANK0, 0x1b3
UNC_M_RD_CAS_RANK3.BANK1, 0x2b3
UNC_M_RD_CAS_RANK3.BANK2, 0x4b3
UNC_M_RD_CAS_RANK3.BANK3, 0x8b3
UNC_M_RD_CAS_RANK3.BANK4, 0x10b3
UNC_M_RD_CAS_RANK3.BANK5, 0x20b3
UNC_M_RD_CAS_RANK3.BANK6, 0x40b3
UNC_M_RD_CAS_RANK3.BANK7, 0x80b3
UNC_M_RD_CAS_RANK4.BANK0, 0x1b4
UNC_M_RD_CAS_RANK4.BANK1, 0x2b4
UNC_M_RD_CAS_RANK4.BANK2, 0x4b4
UNC_M_RD_CAS_RANK4.BANK3, 0x8b4
UNC_M_RD_CAS_RANK4.BANK4, 0x10b4
UNC_M_RD_CAS_RANK4.BANK5, 0x20b4
UNC_M_RD_CAS_RANK4.BANK6, 0x40b4
UNC_M_RD_CAS_RANK4.BANK7, 0x80b4
UNC_M_RD_CAS_RANK5.BANK0, 0x1b5
UNC_M_RD_CAS_RANK5.BANK1, 0x2b5
UNC_M_RD_CAS_RANK5.BANK2, 0x4b5
UNC_M_RD_CAS_RANK5.BANK3, 0x8b5
UNC_M_RD_CAS_RANK5.BANK4, 0x10b5
UNC_M_RD_CAS_RANK5.BANK5, 0x20b5
UNC_M_RD_CAS_RANK5.BANK6, 0x40b5
UNC_M_RD_CAS_RANK5.BANK7, 0x80b5
UNC_M_RD_CAS_RANK6.BANK0, 0x1b6
UNC_M_RD_CAS_RANK6.BANK1, 0x2b6
UNC_M_RD_CAS_RANK6.BANK2, 0x4b6
UNC_M_RD_CAS_RANK6.BANK3, 0x8b6
UNC_M_RD_CAS_RANK6.BANK4, 0x10b6
UNC_M_RD_CAS_RANK6.BANK5, 0x20b6
UNC_M_RD_CAS_RANK6.BANK6, 0x40b6
UNC_M_RD_CAS_RANK6.BANK7, 0x80b6
UNC_M_RD_CAS_RANK7.BANK0, 0x1b7
UNC_M_RD_CAS_RANK7.BANK1, 0x2b7
UNC_M_RD_CAS_RANK7.BANK2, 0x4b7
UNC_M_RD_CAS_RANK7.BANK3, 0x8b7
UNC_M_RD_CAS_RANK7.BANK4, 0x10b7
UNC_M_RD_CAS_RANK7.BANK5, 0x20b7
UNC_M_RD_CAS_RANK7.BANK6, 0x40b7
UNC_M_RD_CAS_RANK7.BANK7, 0x80b7
UNC_M_RPQ_CYCLES_NE, 0x11
UNC_M_RPQ_INSERTS, 0x10
UNC_M_VMSE_MXB_WR_OCCUPANCY, 0x91
UNC_M_VMSE_WR_PUSH.RMM, 0x290
UNC_M_VMSE_WR_PUSH.WMM, 0x190
UNC_M_WMM_TO_RMM.LOW_THRESH, 0x1c0
UNC_M_WMM_TO_RMM.STARVE, 0x2c0
UNC_M_WMM_TO_RMM.VMSE_RETRY, 0x4c0
UNC_M_WPQ_CYCLES_FULL, 0x22
UNC_M_WPQ_CYCLES_NE, 0x21
UNC_M_WPQ_INSERTS, 0x20
UNC_M_WPQ_READ_HIT, 0x23
UNC_M_WPQ_WRITE_HIT, 0x24
UNC_M_WRONG_MM, 0xc1
UNC_M_WR_CAS_RANK0.BANK0, 0x1b8
UNC_M_WR_CAS_RANK0.BANK1, 0x2b8
UNC_M_WR_CAS_RANK0.BANK2, 0x4b8
UNC_M_WR_CAS_RANK0.BANK3, 0x8b8
UNC_M_WR_CAS_RANK0.BANK4, 0x10b8
UNC_M_WR_CAS_RANK0.BANK5, 0x20b8
UNC_M_WR_CAS_RANK0.BANK6, 0x40b8
UNC_M_WR_CAS_RANK0.BANK7, 0x80b8
UNC_M_WR_CAS_RANK1.BANK0, 0x1b9
UNC_M_WR_CAS_RANK1.BANK1, 0x2b9
UNC_M_WR_CAS_RANK1.BANK2, 0x4b9
UNC_M_WR_CAS_RANK1.BANK3, 0x8b9
UNC_M_WR_CAS_RANK1.BANK4, 0x10b9
UNC_M_WR_CAS_RANK1.BANK5, 0x20b9
UNC_M_WR_CAS_RANK1.BANK6, 0x40b9
UNC_M_WR_CAS_RANK1.BANK7, 0x80b9
UNC_M_WR_CAS_RANK2.BANK0, 0x1ba
UNC_M_WR_CAS_RANK2.BANK1, 0x2ba
UNC_M_WR_CAS_RANK2.BANK2, 0x4ba
UNC_M_WR_CAS_RANK2.BANK3, 0x8ba
UNC_M_WR_CAS_RANK2.BANK4, 0x10ba
UNC_M_WR_CAS_RANK2.BANK5, 0x20ba
UNC_M_WR_CAS_RANK2.BANK6, 0x40ba
UNC_M_WR_CAS_RANK2.BANK7, 0x80ba
UNC_M_WR_CAS_RANK3.BANK0, 0x1bb
UNC_M_WR_CAS_RANK3.BANK1, 0x2bb
UNC_M_WR_CAS_RANK3.BANK2, 0x4bb
UNC_M_WR_CAS_RANK3.BANK3, 0x8bb
UNC_M_WR_CAS_RANK3.BANK4, 0x10bb
UNC_M_WR_CAS_RANK3.BANK5, 0x20bb
UNC_M_WR_CAS_RANK3.BANK6, 0x40bb
UNC_M_WR_CAS_RANK3.BANK7, 0x80bb
UNC_M_WR_CAS_RANK4.BANK0, 0x1bc
UNC_M_WR_CAS_RANK4.BANK1, 0x2bc
UNC_M_WR_CAS_RANK4.BANK2, 0x4bc
UNC_M_WR_CAS_RANK4.BANK3, 0x8bc
UNC_M_WR_CAS_RANK4.BANK4, 0x10bc
UNC_M_WR_CAS_RANK4.BANK5, 0x20bc
UNC_M_WR_CAS_RANK4.BANK6, 0x40bc
UNC_M_WR_CAS_RANK4.BANK7, 0x80bc
UNC_M_WR_CAS_RANK5.BANK0, 0x1bd
UNC_M_WR_CAS_RANK5.BANK1, 0x2bd
UNC_M_WR_CAS_RANK5.BANK2, 0x4bd
UNC_M_WR_CAS_RANK5.BANK3, 0x8bd
UNC_M_WR_CAS_RANK5.BANK4, 0x10bd
UNC_M_WR_CAS_RANK5.BANK5, 0x20bd
UNC_M_WR_CAS_RANK5.BANK6, 0x40bd
UNC_M_WR_CAS_RANK5.BANK7, 0x80bd
UNC_M_WR_CAS_RANK6.BANK0, 0x1be
UNC_M_WR_CAS_RANK6.BANK1, 0x2be
UNC_M_WR_CAS_RANK6.BANK2, 0x4be
UNC_M_WR_CAS_RANK6.BANK3, 0x8be
UNC_M_WR_CAS_RANK6.BANK4, 0x10be
UNC_M_WR_CAS_RANK6.BANK5, 0x20be
UNC_M_WR_CAS_RANK6.BANK6, 0x40be
UNC_M_WR_CAS_RANK6.BANK7, 0x80be
UNC_M_WR_CAS_RANK7.BANK0, 0x1bf
UNC_M_WR_CAS_RANK7.BANK1, 0x2bf
UNC_M_WR_CAS_RANK7.BANK2, 0x4bf
UNC_M_WR_CAS_RANK7.BANK3, 0x8bf
UNC_M_WR_CAS_RANK7.BANK4, 0x10bf
UNC_M_WR_CAS_RANK7.BANK5, 0x20bf
UNC_M_WR_CAS_RANK7.BANK6, 0x40bf
UNC_M_WR_CAS_RANK7.BANK7, 0x80bf
