LD_HEAD.ANY, 0x7f05
LD_HEAD.ANY_AT_RET, 0xff05
LD_HEAD.L1_BOUND_AT_RET, 0xf405
LD_HEAD.L1_MISS, 0x105
LD_HEAD.L1_MISS_AT_RET, 0x8105
LD_HEAD.OTHER, 0x4005
LD_HEAD.OTHER_AT_RET, 0xc005
LD_HEAD.PGWALK, 0x2005
LD_HEAD.PGWALK_AT_RET, 0xa005
LD_HEAD.ST_ADDR, 0x405
LD_HEAD.ST_ADDR_AT_RET, 0x8405
LD_HEAD.ST_DATA, 0x805
LD_HEAD.WCB_FULL, 0x205
LD_HEAD.WCB_FULL_AT_RET, 0x8205
MACHINE_CLEARS.MEMORY_ORDERING, 0x2c3
MACHINE_CLEARS.MEMORY_ORDERING, 0x2c3
MACHINE_CLEARS.MEMORY_ORDERING_FAST, 0x82c3
MEM_TRANS_RETIRED.LOAD_LATENCY_GT_1024, 0x1cd
MEM_TRANS_RETIRED.LOAD_LATENCY_GT_128, 0x1cd
MEM_TRANS_RETIRED.LOAD_LATENCY_GT_16, 0x1cd
MEM_TRANS_RETIRED.LOAD_LATENCY_GT_2048, 0x1cd
MEM_TRANS_RETIRED.LOAD_LATENCY_GT_256, 0x1cd
MEM_TRANS_RETIRED.LOAD_LATENCY_GT_32, 0x1cd
MEM_TRANS_RETIRED.LOAD_LATENCY_GT_4, 0x1cd
MEM_TRANS_RETIRED.LOAD_LATENCY_GT_512, 0x1cd
MEM_TRANS_RETIRED.LOAD_LATENCY_GT_64, 0x1cd
MEM_TRANS_RETIRED.LOAD_LATENCY_GT_8, 0x1cd
MEM_TRANS_RETIRED.STORE_SAMPLE, 0x2cd
MISALIGN_MEM_REF.LOAD_PAGE_SPLIT, 0x213
MISALIGN_MEM_REF.STORE_PAGE_SPLIT, 0x413
OCR.DEMAND_CODE_RD.DRAM, 0x1b7
OCR.DEMAND_CODE_RD.L3_MISS, 0x1b7
OCR.DEMAND_DATA_RD.DRAM, 0x1b7
OCR.DEMAND_DATA_RD.L3_MISS, 0x1b7
OCR.DEMAND_RFO.DRAM, 0x1b7
OCR.DEMAND_RFO.L3_MISS, 0x1b7
OFFCORE_REQUESTS.L3_MISS_DEMAND_DATA_RD, 0x1021
OFFCORE_REQUESTS_OUTSTANDING.CYCLES_WITH_L3_MISS_DEMAND_DATA_RD, 0x1020
OFFCORE_REQUESTS_OUTSTANDING.L3_MISS_DEMAND_DATA_RD, 0x1020
DTLB_LOAD_MISSES.MISS_CAUSED_WALK, 0x108
DTLB_LOAD_MISSES.PDE_CACHE_MISS, 0x8008
DTLB_LOAD_MISSES.STLB_HIT, 0x2008
DTLB_LOAD_MISSES.STLB_HIT, 0x32012
DTLB_LOAD_MISSES.STLB_HIT_4K, 0x2008
DTLB_LOAD_MISSES.STLB_HIT_LGPG, 0x4008
DTLB_LOAD_MISSES.WALK_ACTIVE, 0x1012
DTLB_LOAD_MISSES.WALK_COMPLETED, 0xe08
DTLB_LOAD_MISSES.WALK_COMPLETED, 0xe12
DTLB_LOAD_MISSES.WALK_COMPLETED_1G, 0x812
DTLB_LOAD_MISSES.WALK_COMPLETED_2M_4M, 0x408
DTLB_LOAD_MISSES.WALK_COMPLETED_2M_4M, 0x412
DTLB_LOAD_MISSES.WALK_COMPLETED_4K, 0x208
DTLB_LOAD_MISSES.WALK_COMPLETED_4K, 0x212
DTLB_LOAD_MISSES.WALK_PENDING, 0x1008
DTLB_LOAD_MISSES.WALK_PENDING, 0x1012
DTLB_STORE_MISSES.MISS_CAUSED_WALK, 0x149
DTLB_STORE_MISSES.PDE_CACHE_MISS, 0x8049
DTLB_STORE_MISSES.STLB_HIT, 0x2049
DTLB_STORE_MISSES.STLB_HIT, 0x32013
DTLB_STORE_MISSES.WALK_ACTIVE, 0x1013
DTLB_STORE_MISSES.WALK_COMPLETED, 0xe49
DTLB_STORE_MISSES.WALK_COMPLETED, 0xe13
DTLB_STORE_MISSES.WALK_COMPLETED_1G, 0x813
DTLB_STORE_MISSES.WALK_COMPLETED_2M_4M, 0x449
DTLB_STORE_MISSES.WALK_COMPLETED_2M_4M, 0x413
DTLB_STORE_MISSES.WALK_COMPLETED_4K, 0x249
DTLB_STORE_MISSES.WALK_COMPLETED_4K, 0x213
DTLB_STORE_MISSES.WALK_PENDING, 0x1049
DTLB_STORE_MISSES.WALK_PENDING, 0x1013
ITLB.FILLS, 0x481
ITLB_MISSES.MISS_CAUSED_WALK, 0x185
ITLB_MISSES.PDE_CACHE_MISS, 0x8085
ITLB_MISSES.STLB_HIT, 0x2085
ITLB_MISSES.STLB_HIT, 0x12011
ITLB_MISSES.WALK_ACTIVE, 0x1011
ITLB_MISSES.WALK_COMPLETED, 0xe85
ITLB_MISSES.WALK_COMPLETED, 0xe11
ITLB_MISSES.WALK_COMPLETED_2M_4M, 0x485
ITLB_MISSES.WALK_COMPLETED_2M_4M, 0x411
ITLB_MISSES.WALK_COMPLETED_4K, 0x285
ITLB_MISSES.WALK_COMPLETED_4K, 0x211
ITLB_MISSES.WALK_PENDING, 0x1085
ITLB_MISSES.WALK_PENDING, 0x1011
LD_BLOCKS.DTLB_MISS, 0x803
LD_HEAD.DTLB_MISS, 0x1005
LD_HEAD.DTLB_MISS_AT_RET, 0x9005
PAGE_WALKER_LOADS.DTLB_L1_HIT, 0x1bc
PAGE_WALKER_LOADS.DTLB_L2_HIT, 0x2bc
TLB_FLUSHES.STLB_ANY, 0x20bd
ARITH.FPDIV_ACTIVE, 0x2cd
ARITH.FPDIV_ACTIVE, 0x1b0
ARITH.FPDIV_OCCUPANCY, 0x2cd
ARITH.FPDIV_UOPS, 0x8cd
ASSISTS.FP, 0x2c1
ASSISTS.SSE_AVX_MIX, 0x10c1
FP_ARITH_DISPATCHED.V0, 0x1b3
FP_ARITH_DISPATCHED.V1, 0x2b3
FP_ARITH_DISPATCHED.V2, 0x4b3
FP_ARITH_DISPATCHED.V3, 0x8b3
FP_ARITH_INST_RETIRED.128B_PACKED_DOUBLE, 0x4c7
FP_ARITH_INST_RETIRED.128B_PACKED_SINGLE, 0x8c7
FP_ARITH_INST_RETIRED.256B_PACKED_DOUBLE, 0x10c7
FP_ARITH_INST_RETIRED.256B_PACKED_SINGLE, 0x20c7
FP_ARITH_INST_RETIRED.4_FLOPS, 0x18c7
FP_ARITH_INST_RETIRED.SCALAR, 0x3c7
FP_ARITH_INST_RETIRED.SCALAR_DOUBLE, 0x1c7
FP_ARITH_INST_RETIRED.SCALAR_SINGLE, 0x2c7
FP_ARITH_INST_RETIRED.VECTOR, 0x3cc7
FP_ARITH_INST_RETIRED.VECTOR_128B, 0xcc7
FP_ARITH_INST_RETIRED.VECTOR_256B, 0x30c7
FP_ARITH_OPS_RETIRED.128B_PACKED_DOUBLE, 0x4c7
FP_ARITH_OPS_RETIRED.128B_PACKED_SINGLE, 0x8c7
FP_ARITH_OPS_RETIRED.256B_PACKED_DOUBLE, 0x10c7
FP_ARITH_OPS_RETIRED.256B_PACKED_SINGLE, 0x20c7
FP_ARITH_OPS_RETIRED.4_FLOPS, 0x18c7
FP_ARITH_OPS_RETIRED.SCALAR, 0x3c7
FP_ARITH_OPS_RETIRED.SCALAR_DOUBLE, 0x1c7
FP_ARITH_OPS_RETIRED.SCALAR_SINGLE, 0x2c7
FP_ARITH_OPS_RETIRED.VECTOR, 0x3cc7
FP_ARITH_OPS_RETIRED.VECTOR_128B, 0xcc7
FP_ARITH_OPS_RETIRED.VECTOR_256B, 0x30c7
FP_FLOPS_RETIRED.ALL, 0x3c8
FP_FLOPS_RETIRED.FP32, 0x2c8
FP_FLOPS_RETIRED.FP64, 0x1c8
FP_INST_RETIRED.128B_DP, 0x8c7
FP_INST_RETIRED.128B_SP, 0x4c7
FP_INST_RETIRED.256B_DP, 0x20c7
FP_INST_RETIRED.256B_SP, 0x10c7
FP_INST_RETIRED.32B_SP, 0x1c7
FP_INST_RETIRED.64B_DP, 0x2c7
FP_INST_RETIRED.ALL, 0x3fc7
FP_VINT_UOPS_EXECUTED.ALL, 0x1fb2
FP_VINT_UOPS_EXECUTED.P0, 0x2b2
FP_VINT_UOPS_EXECUTED.P1, 0x4b2
FP_VINT_UOPS_EXECUTED.P2, 0x8b2
FP_VINT_UOPS_EXECUTED.P3, 0x10b2
FP_VINT_UOPS_EXECUTED.PRIMARY, 0x1eb2
FP_VINT_UOPS_EXECUTED.STD, 0x1b2
MACHINE_CLEARS.FP_ASSIST, 0x4c3
UOPS_RETIRED.FPDIV, 0x8c2
ASSISTS.HARDWARE, 0x4c1
ASSISTS.PAGE_FAULT, 0x8c1
BUS_LOCK.BLOCKED_CYCLES, 0x163
BUS_LOCK.LOCK_CYCLES, 0x263
BUS_LOCK.NON_SPLIT_LOCKS, 0x463
BUS_LOCK.SPLIT_LOCKS, 0x863
DYNAMIC_PREFETCH_THROTTLER.LEVEL0_SOC, 0x132
DYNAMIC_PREFETCH_THROTTLER.LEVEL1_SOC, 0x232
DYNAMIC_PREFETCH_THROTTLER.LEVEL2_SOC, 0x432
DYNAMIC_PREFETCH_THROTTLER.LEVEL3_SOC, 0x832
DYNAMIC_PREFETCH_THROTTLER.LEVEL4_SOC, 0x1032
OCR.ALL_REQUESTS.ANY_RESPONSE, 0x1b7
OCR.FULL_STREAMING_WR.ANY_RESPONSE, 0x1b7
OCR.PARTIAL_STREAMING_WR.ANY_RESPONSE, 0x1b7
OCR.STREAMING_WR.ANY_RESPONSE, 0x1b7
XQ.FULL, 0x12d
XQ_PROMOTION.ALL, 0xf4
XQ_PROMOTION.CRDS, 0x4f4
XQ_PROMOTION.DRDS, 0x1f4
XQ_PROMOTION.RFOS, 0x2f4
BACLEARS.ANY, 0x1e6
BACLEARS.ANY, 0x160
BACLEARS.COND, 0x10e6
BACLEARS.INDIRECT, 0x2e6
BACLEARS.RETURN, 0x8e6
BACLEARS.UNCOND, 0x4e6
DECODE.LCP, 0x187
DECODE.MS_BUSY, 0x287
DECODE_RESTRICTION.PREDECODE_WRONG, 0x1e9
DSB2MITE_SWITCHES.PENALTY_CYCLES, 0x261
FRONTEND_RETIRED.ALL, 0xc6
FRONTEND_RETIRED.ANY_ANT, 0x3c6
FRONTEND_RETIRED.ANY_DSB_MISS, 0x3c6
FRONTEND_RETIRED.BRANCH_DETECT, 0x2c6
FRONTEND_RETIRED.BRANCH_RESTEER, 0x40c6
FRONTEND_RETIRED.CISC, 0x1c6
FRONTEND_RETIRED.DECODE, 0x8c6
FRONTEND_RETIRED.DSB_MISS, 0x3c6
FRONTEND_RETIRED.ICACHE, 0x20c6
FRONTEND_RETIRED.ITLB_MISS, 0x10c6
FRONTEND_RETIRED.ITLB_MISS, 0x3c6
FRONTEND_RETIRED.L1I_MISS, 0x3c6
FRONTEND_RETIRED.L2_MISS, 0x3c6
FRONTEND_RETIRED.LATENCY_GE_128, 0x3c6
FRONTEND_RETIRED.LATENCY_GE_16, 0x3c6
FRONTEND_RETIRED.LATENCY_GE_2, 0x3c6
FRONTEND_RETIRED.LATENCY_GE_256, 0x3c6
FRONTEND_RETIRED.LATENCY_GE_2_BUBBLES_GE_1, 0x3c6
FRONTEND_RETIRED.LATENCY_GE_32, 0x3c6
FRONTEND_RETIRED.LATENCY_GE_4, 0x3c6
FRONTEND_RETIRED.LATENCY_GE_512, 0x3c6
FRONTEND_RETIRED.LATENCY_GE_64, 0x3c6
FRONTEND_RETIRED.LATENCY_GE_8, 0x3c6
FRONTEND_RETIRED.MISP_ANT, 0x2c6
FRONTEND_RETIRED.MS_FLOWS, 0x3c6
FRONTEND_RETIRED.OTHER, 0x80c6
FRONTEND_RETIRED.PREDECODE, 0x4c6
FRONTEND_RETIRED.STLB_MISS, 0x3c6
FRONTEND_RETIRED.UNKNOWN_BRANCH, 0x3c6
FRONTEND_RETIRED_SOURCE.ICACHE_L2_HIT, 0x1c9
FRONTEND_RETIRED_SOURCE.ITLB_STLB_HIT, 0x10c9
FRONTEND_RETIRED_SOURCE.ITLB_STLB_MISS, 0x20c9
ICACHE.ACCESSES, 0x380
ICACHE.HIT, 0x180
ICACHE.MISSES, 0x280
ICACHE_DATA.STALLS, 0x480
ICACHE_DATA.STALL_PERIODS, 0x480
ICACHE_TAG.STALLS, 0x483
IDQ.DSB_CYCLES_ANY, 0x879
IDQ.DSB_CYCLES_OK, 0x879
IDQ.DSB_UOPS, 0x879
IDQ.MITE_CYCLES_ANY, 0x479
IDQ.MITE_CYCLES_OK, 0x479
IDQ.MITE_UOPS, 0x479
IDQ.MS_CYCLES_ANY, 0x2079
IDQ.MS_SWITCHES, 0x2079
IDQ.MS_UOPS, 0x2079
IDQ_BUBBLES.CORE, 0x19c
IDQ_BUBBLES.CYCLES_0_UOPS_DELIV.CORE, 0x19c
IDQ_BUBBLES.CYCLES_FE_WAS_OK, 0x19c
IDQ_BUBBLES.FETCH_LATENCY, 0x49c
IDQ_BUBBLES.STARVATION_CYCLES, 0x19c
MS_DECODED.MS_BUSY, 0x4e7
MS_DECODED.MS_ENTRY, 0x1e7
MS_DECODED.NANO_CODE, 0x2e7
ARITH.DIV_ACTIVE, 0x3cd
ARITH.DIV_ACTIVE, 0x9b0
ARITH.DIV_OCCUPANCY, 0x3cd
ARITH.DIV_UOPS, 0xccd
ARITH.IDIV_ACTIVE, 0x1cd
ARITH.IDIV_ACTIVE, 0x8b0
ARITH.IDIV_OCCUPANCY, 0x1cd
ARITH.IDIV_UOPS, 0x4cd
ASSISTS.ANY, 0x1fc1
BE_STALLS.SCOREBOARD, 0x2a2
BR_INST_RETIRED.ALL_BRANCHES, 0xc4
BR_INST_RETIRED.ALL_BRANCHES, 0xc4
BR_INST_RETIRED.COND, 0x7ec4
BR_INST_RETIRED.COND, 0x111c4
BR_INST_RETIRED.COND_NTAKEN, 0x7fc4
BR_INST_RETIRED.COND_NTAKEN, 0x10c4
BR_INST_RETIRED.COND_TAKEN, 0xfec4
BR_INST_RETIRED.COND_TAKEN, 0x101c4
BR_INST_RETIRED.COND_TAKEN_BWD, 0x1c4
BR_INST_RETIRED.COND_TAKEN_FWD, 0x102c4
BR_INST_RETIRED.FAR_BRANCH, 0xbfc4
BR_INST_RETIRED.FAR_BRANCH, 0x40c4
BR_INST_RETIRED.INDIRECT, 0xebc4
BR_INST_RETIRED.INDIRECT, 0x80c4
BR_INST_RETIRED.INDIRECT_CALL, 0xfbc4
BR_INST_RETIRED.INDIRECT_JMP, 0xefc4
BR_INST_RETIRED.NEAR_CALL, 0xf9c4
BR_INST_RETIRED.NEAR_CALL, 0x2c4
BR_INST_RETIRED.NEAR_RETURN, 0xf7c4
BR_INST_RETIRED.NEAR_RETURN, 0x8c4
BR_INST_RETIRED.NEAR_TAKEN, 0xc0c4
BR_INST_RETIRED.NEAR_TAKEN, 0x20c4
BR_INST_RETIRED.REL_CALL, 0xfdc4
BR_MISP_RETIRED.ALL_BRANCHES, 0xc5
BR_MISP_RETIRED.ALL_BRANCHES, 0xc5
BR_MISP_RETIRED.ALL_BRANCHES_COST, 0x44c5
BR_MISP_RETIRED.COND, 0x7ec5
BR_MISP_RETIRED.COND, 0x111c5
BR_MISP_RETIRED.COND_COST, 0x151c5
BR_MISP_RETIRED.COND_NTAKEN, 0x7fc5
BR_MISP_RETIRED.COND_NTAKEN, 0x10c5
BR_MISP_RETIRED.COND_NTAKEN_COST, 0x50c5
BR_MISP_RETIRED.COND_TAKEN, 0xfec5
BR_MISP_RETIRED.COND_TAKEN, 0x101c5
BR_MISP_RETIRED.COND_TAKEN_BWD, 0x1c5
BR_MISP_RETIRED.COND_TAKEN_BWD_COST, 0x8001c5
BR_MISP_RETIRED.COND_TAKEN_COST, 0x141c5
BR_MISP_RETIRED.COND_TAKEN_FWD, 0xc5
BR_MISP_RETIRED.COND_TAKEN_FWD_COST, 0x8002c5
BR_MISP_RETIRED.INDIRECT, 0xebc5
BR_MISP_RETIRED.INDIRECT, 0x80c5
BR_MISP_RETIRED.INDIRECT_CALL, 0xfbc5
BR_MISP_RETIRED.INDIRECT_CALL, 0x2c5
BR_MISP_RETIRED.INDIRECT_CALL_COST, 0x42c5
BR_MISP_RETIRED.INDIRECT_COST, 0xc0c5
BR_MISP_RETIRED.INDIRECT_JMP, 0xefc5
BR_MISP_RETIRED.NEAR_TAKEN, 0x80c5
BR_MISP_RETIRED.NEAR_TAKEN, 0x20c5
BR_MISP_RETIRED.NEAR_TAKEN_COST, 0x60c5
BR_MISP_RETIRED.RET, 0x8c5
BR_MISP_RETIRED.RETURN, 0xf7c5
BR_MISP_RETIRED.RET_COST, 0x48c5
BTCLEAR.ANY, 0xe8
CPU_CLK_UNHALTED.C01, 0x10ec
CPU_CLK_UNHALTED.C02, 0x20ec
CPU_CLK_UNHALTED.C0_WAIT, 0x70ec
CPU_CLK_UNHALTED.CORE_P, 0x3c
CPU_CLK_UNHALTED.CORE_P, 0x3c
CPU_CLK_UNHALTED.PAUSE, 0x40ec
CPU_CLK_UNHALTED.PAUSE_INST, 0x40ec
CPU_CLK_UNHALTED.REF_TSC_P, 0x13c
CPU_CLK_UNHALTED.REF_TSC_P, 0x13c
CPU_CLK_UNHALTED.THREAD_P, 0x3c
CPU_CLK_UNHALTED.THREAD_P, 0x3c
CYCLE_ACTIVITY.CYCLES_MEM_ANY, 0x10a3
CYCLE_ACTIVITY.STALLS_TOTAL, 0x4a3
DEPENDENT_LOADS.ANY, 0x702
EXE_ACTIVITY.1_PORTS_UTIL, 0x2a6
EXE_ACTIVITY.2_3_PORTS_UTIL, 0xca6
EXE_ACTIVITY.2_PORTS_UTIL, 0x4a6
EXE_ACTIVITY.3_PORTS_UTIL, 0x8a6
EXE_ACTIVITY.4_PORTS_UTIL, 0x10a6
EXE_ACTIVITY.BOUND_ON_LOADS, 0x21a6
EXE_ACTIVITY.BOUND_ON_STORES, 0x40a6
EXE_ACTIVITY.EXE_BOUND_0_PORTS, 0x80a6
INST_DECODED.DECODERS, 0x175
INST_RETIRED.ANY_P, 0xc0
INST_RETIRED.ANY_P, 0xc0
INST_RETIRED.BR_FUSED, 0x10c0
INST_RETIRED.MACRO_FUSED, 0x30c0
INST_RETIRED.NOP, 0x2c0
INST_RETIRED.REP_ITERATION, 0x8c0
INT_MISC.BPCLEAR_CYCLES, 0x40ad
INT_MISC.CLEARS_COUNT, 0x1ad
INT_MISC.CLEAR_RESTEER_CYCLES, 0x80ad
INT_MISC.RECOVERY_CYCLES, 0x1ad
INT_MISC.UNKNOWN_BRANCH_CYCLES, 0x40ad
INT_MISC.UOP_DROPPING, 0x10ad
INT_UOPS_EXECUTED.ALL, 0xffb3
INT_UOPS_EXECUTED.LD, 0x1b3
INT_UOPS_EXECUTED.P0, 0x8b3
INT_UOPS_EXECUTED.P1, 0x10b3
INT_UOPS_EXECUTED.P2, 0x20b3
INT_UOPS_EXECUTED.P3, 0x40b3
INT_UOPS_EXECUTED.PRIMARY, 0x78b3
INT_UOPS_EXECUTED.STA, 0x2b3
INT_UOPS_EXECUTED.STD_JMP, 0x4b3
INT_VEC_RETIRED.128BIT, 0x13e7
INT_VEC_RETIRED.256BIT, 0xace7
INT_VEC_RETIRED.ADD_128, 0x3e7
INT_VEC_RETIRED.ADD_256, 0xce7
INT_VEC_RETIRED.MUL_256, 0x80e7
INT_VEC_RETIRED.SHUFFLES, 0x40e7
INT_VEC_RETIRED.VNNI_128, 0x10e7
INT_VEC_RETIRED.VNNI_256, 0x20e7
LD_BLOCKS.ADDRESS_ALIAS, 0x403
LD_BLOCKS.ADDRESS_ALIAS, 0x403
LD_BLOCKS.ALL, 0x1003
LD_BLOCKS.DATA_UNKNOWN, 0x103
LD_BLOCKS.NO_SR, 0x8803
LD_BLOCKS.STORE_FORWARD, 0x203
LD_BLOCKS.STORE_FORWARD, 0x8203
LOAD_HIT_PREFETCH.HW_PF, 0x24c
LSD.CYCLES_ACTIVE, 0x1a8
LSD.CYCLES_OK, 0x1a8
LSD.UOPS, 0x1a8
MACHINE_CLEARS.ANY, 0xc3
MACHINE_CLEARS.ANY_FAST, 0xffc3
MACHINE_CLEARS.COUNT, 0x1c3
MACHINE_CLEARS.DISAMBIGUATION, 0x8c3
MACHINE_CLEARS.DISAMBIGUATION_FAST, 0x88c3
MACHINE_CLEARS.MRN_NUKE, 0x10c3
MACHINE_CLEARS.MRN_NUKE_FAST, 0x90c3
MACHINE_CLEARS.PAGE_FAULT, 0x20c3
MACHINE_CLEARS.SLOW, 0x6ec3
MACHINE_CLEARS.SMC, 0x4c3
MEMORY_STALLS.L1, 0x146
MEMORY_STALLS.L2, 0x246
MEMORY_STALLS.L3, 0x446
MEMORY_STALLS.MEM, 0x846
MISC2_RETIRED.LFENCE, 0x20e0
MISC_RETIRED.LBR_INSERTS, 0x1e4
MISC_RETIRED.LBR_INSERTS, 0x1e4
MISC_RETIRED1.CL_INST, 0xffe0
MISC_RETIRED1.LFENCE, 0x2e0
MISC_RETIRED1.RDPMC_RDTSC_P, 0x1e0
MISC_RETIRED1.WRMSR, 0xe0
MISC_RETIRED2.FAULT_ALL, 0xe1
MISC_RETIRED2.INTEL_PT_CLEARS, 0x2e1
MISC_RETIRED2.KEYLOCKER_ACCESS, 0x10e1
MISC_RETIRED2.KEYLOCKER_MISS, 0x11e1
MISC_RETIRED2.ULI_DELIVERY, 0x8e1
MISC_RETIRED2.ULI_SENDUIPI, 0x9e1
MISC_RETIRED2.VM_EXIT, 0x1e1
RS.EMPTY, 0x7a5
RS.EMPTY_COUNT, 0x7a5
RS.EMPTY_RESOURCE, 0x1a5
SERIALIZATION.C01_MS_SCB, 0x475
SERIALIZATION.COLOR_STALLS, 0x875
SERIALIZATION.NON_C01_MS_SCB, 0x275
TOPDOWN.BACKEND_BOUND_SLOTS, 0x2a4
TOPDOWN.BAD_SPEC_SLOTS, 0x4a4
TOPDOWN.BR_MISPREDICT_SLOTS, 0x8a4
TOPDOWN.MEMORY_BOUND_SLOTS, 0x10a4
TOPDOWN.SLOTS_P, 0x1a4
TOPDOWN_BAD_SPECULATION.ALL_P, 0x73
TOPDOWN_BAD_SPECULATION.FASTNUKE, 0x273
TOPDOWN_BAD_SPECULATION.MACHINE_CLEARS, 0x373
TOPDOWN_BAD_SPECULATION.MISPREDICT, 0x473
TOPDOWN_BAD_SPECULATION.NUKE, 0x173
TOPDOWN_BE_BOUND.ALL, 0x2a4
TOPDOWN_BE_BOUND.ALLOC_RESTRICTIONS, 0x174
TOPDOWN_BE_BOUND.ALL_NON_ARCH, 0x74
TOPDOWN_BE_BOUND.ALL_P, 0x2a4
TOPDOWN_BE_BOUND.MEM_SCHEDULER, 0x274
TOPDOWN_BE_BOUND.NON_MEM_SCHEDULER, 0x874
TOPDOWN_BE_BOUND.REGISTER, 0x2074
TOPDOWN_BE_BOUND.REORDER_BUFFER, 0x4074
TOPDOWN_BE_BOUND.SERIALIZATION, 0x1074
TOPDOWN_FE_BOUND.ALL_NON_ARCH, 0x71
TOPDOWN_FE_BOUND.ALL_P, 0x19c
TOPDOWN_FE_BOUND.BRANCH_DETECT, 0x271
TOPDOWN_FE_BOUND.BRANCH_RESTEER, 0x4071
TOPDOWN_FE_BOUND.CISC, 0x171
TOPDOWN_FE_BOUND.DECODE, 0x871
TOPDOWN_FE_BOUND.FRONTEND_BANDWIDTH, 0x8d71
TOPDOWN_FE_BOUND.FRONTEND_LATENCY, 0x7271
TOPDOWN_FE_BOUND.ITLB_MISS, 0x1071
TOPDOWN_FE_BOUND.OTHER, 0x8071
TOPDOWN_FE_BOUND.PREDECODE, 0x471
TOPDOWN_RETIRING.ALL_NON_ARCH, 0x72
TOPDOWN_RETIRING.ALL_P, 0x2c2
UOPS_DECODED.DEC0_UOPS, 0x176
UOPS_DISPATCHED.ALU, 0x2b2
UOPS_DISPATCHED.INT_EU_ALL, 0x1b2
UOPS_DISPATCHED.JMP, 0x40b2
UOPS_DISPATCHED.LOAD, 0x4b2
UOPS_DISPATCHED.SHIFT, 0x20b2
UOPS_DISPATCHED.SLOW, 0x8b2
UOPS_DISPATCHED.STA, 0x80b2
UOPS_DISPATCHED.STD, 0x10b2
UOPS_EXECUTED.CYCLES_GE_1, 0x1b1
UOPS_EXECUTED.CYCLES_GE_2, 0x1b1
UOPS_EXECUTED.CYCLES_GE_3, 0x1b1
UOPS_EXECUTED.CYCLES_GE_4, 0x1b1
UOPS_EXECUTED.STALLS, 0x1b1
UOPS_EXECUTED.THREAD, 0x1b1
UOPS_EXECUTED.X87, 0x10b1
UOPS_ISSUED.ANY, 0xe
UOPS_ISSUED.ANY, 0x1ae
UOPS_ISSUED.CYCLES, 0x1ae
UOPS_RETIRED.ALL, 0xc2
UOPS_RETIRED.CYCLES, 0x2c2
UOPS_RETIRED.HEAVY, 0x1c2
UOPS_RETIRED.IDIV, 0x10c2
UOPS_RETIRED.LSD, 0x4c2
UOPS_RETIRED.MS, 0x1c2
UOPS_RETIRED.MS, 0x4c2
UOPS_RETIRED.MS_SWITCHES, 0x4c2
UOPS_RETIRED.SLOTS, 0x2c2
UOPS_RETIRED.STALLS, 0x2c2
UOPS_RETIRED.X87, 0x20c2
CORE_REJECT_L2Q.ANY, 0x31
DL1.DIRTY_EVICTION, 0x151
L1D.L0_REPLACEMENT, 0x151
L1D.REPLACEMENT, 0x551
L1D_MISS.FB_FULL, 0x249
L1D_MISS.L2_STALLS, 0x449
L1D_MISS.LOAD, 0x149
L1D_PENDING.LOAD, 0x148
L1D_PENDING.LOAD_CYCLES, 0x148
L2_LINES_IN.ALL, 0x1f25
L2_LINES_IN.E, 0x425
L2_LINES_IN.F, 0x1025
L2_LINES_IN.I, 0x125
L2_LINES_IN.M, 0x825
L2_LINES_IN.S, 0x225
L2_LINES_OUT.NON_SILENT, 0x226
L2_LINES_OUT.NON_SILENT, 0x226
L2_LINES_OUT.SILENT, 0x126
L2_LINES_OUT.SILENT, 0x126
L2_LINES_OUT.USELESS_HWPF, 0x426
L2_LINES_OUT.USELESS_HWPF, 0x426
L2_PREFETCHES_THROTTLED.DPT, 0x128
L2_PREFETCHES_THROTTLED.DTP, 0x228
L2_PREFETCHES_THROTTLED.DTP_OVERRIDE, 0x428
L2_PREFETCHES_THROTTLED.XQ_THRESH, 0x828
L2_REJECT_XQ.ANY, 0x30
L2_REQUEST.ALL, 0x724
L2_REQUEST.ALL, 0xff24
L2_REQUEST.HIT, 0x224
L2_REQUEST.MISS, 0x124
L2_REQUEST.MISS, 0x3f24
L2_REQUEST.REJECTS, 0x424
L2_RQSTS.ALL_CODE_RD, 0xe424
L2_RQSTS.ALL_DEMAND_DATA_RD, 0xe124
L2_RQSTS.ANY, 0xff24
L2_RQSTS.CODE_RD_HIT, 0x4424
L2_RQSTS.CODE_RD_MISS, 0x2424
L2_RQSTS.DEMAND_DATA_RD_HIT, 0x4124
L2_RQSTS.DEMAND_DATA_RD_MISS, 0x2124
L2_RQSTS.MISS, 0x3f24
L2_RQSTS.REFERENCES, 0xff24
L2_RQSTS.RFO_HIT, 0x4224
L2_RQSTS.RFO_MISS, 0x2224
LLC_PREFETCHES_THROTTLED.DPT, 0x129
LLC_PREFETCHES_THROTTLED.DTP, 0x229
LLC_PREFETCHES_THROTTLED.DTP_OVERRIDE, 0x429
LLC_PREFETCHES_THROTTLED.HIT_RATE, 0x1029
LLC_PREFETCHES_THROTTLED.XQ_THRESH, 0x829
LOCK_CYCLES.CACHE_LOCK_DURATION, 0x242
LONGEST_LAT_CACHE.MISS, 0x412e
LONGEST_LAT_CACHE.MISS, 0x412e
LONGEST_LAT_CACHE.REFERENCE, 0x4f2e
LONGEST_LAT_CACHE.REFERENCE, 0x4f2e
MEM_BOUND_STALLS_IFETCH.ALL, 0x7f35
MEM_BOUND_STALLS_IFETCH.L2_HIT, 0x135
MEM_BOUND_STALLS_IFETCH.L2_MISS, 0x7e35
MEM_BOUND_STALLS_LOAD.ALL, 0x7f34
MEM_BOUND_STALLS_LOAD.L2_HIT, 0x134
MEM_BOUND_STALLS_LOAD.L2_MISS, 0x7e34
MEM_BOUND_STALLS_LOAD.LLC_MISS, 0x7834
MEM_BOUND_STALLS_LOAD.SBFULL, 0x8034
MEM_INST_RETIRED.ALL_LOADS, 0x81d0
MEM_INST_RETIRED.ALL_STORES, 0x82d0
MEM_INST_RETIRED.ALL_SWPF, 0x84d0
MEM_INST_RETIRED.ANY, 0x87d0
MEM_INST_RETIRED.LOCK_LOADS, 0x21d0
MEM_INST_RETIRED.SPLIT_LOADS, 0x41d0
MEM_INST_RETIRED.SPLIT_STORES, 0x42d0
MEM_INST_RETIRED.STLB_HIT_LOADS, 0x9d0
MEM_INST_RETIRED.STLB_HIT_STORES, 0xad0
MEM_INST_RETIRED.STLB_MISS_LOADS, 0x11d0
MEM_INST_RETIRED.STLB_MISS_STORES, 0x12d0
MEM_LOAD_L3_HIT_RETIRED.XSNP_FWD, 0x10d2
MEM_LOAD_L3_HIT_RETIRED.XSNP_HITM, 0x4d2
MEM_LOAD_L3_HIT_RETIRED.XSNP_MISS, 0x1d2
MEM_LOAD_L3_HIT_RETIRED.XSNP_NO_FWD, 0x2d2
MEM_LOAD_L3_MISS_RETIRED.MEMSIDE_CACHE, 0xd3
MEM_LOAD_MISC_RETIRED.UC, 0x4d4
MEM_LOAD_RETIRED.FB_HIT, 0x40d1
MEM_LOAD_RETIRED.L1_HIT, 0x1d1
MEM_LOAD_RETIRED.L1_HIT_L1, 0xd1
MEM_LOAD_RETIRED.L1_MISS, 0x8d1
MEM_LOAD_RETIRED.L2_HIT, 0x2d1
MEM_LOAD_RETIRED.L2_MISS, 0x10d1
MEM_LOAD_RETIRED.L3_HIT, 0x4d1
MEM_LOAD_RETIRED.L3_MISS, 0x20d1
MEM_LOAD_UOPS_L3_MISS_RETIRED.LOCAL_DRAM, 0x1d3
MEM_LOAD_UOPS_L3_MISS_RETIRED.MEMSIDE_CACHE, 0x40d3
MEM_LOAD_UOPS_LLC_MISS_RETIRED.LOCAL_DRAM, 0x1d3
MEM_LOAD_UOPS_LLC_MISS_RETIRED.MEMSIDE_CACHE, 0x40d3
MEM_LOAD_UOPS_RETIRED.L1_HIT, 0x1d1
MEM_LOAD_UOPS_RETIRED.L1_MISS, 0x40d1
MEM_LOAD_UOPS_RETIRED.L2_HIT, 0x2d1
MEM_LOAD_UOPS_RETIRED.L2_MISS, 0x80d1
MEM_LOAD_UOPS_RETIRED.WCB_HIT, 0x20d1
MEM_SCHEDULER_BLOCK.ALL, 0x704
MEM_SCHEDULER_BLOCK.LD_BUF, 0x204
MEM_SCHEDULER_BLOCK.RSV, 0x404
MEM_SCHEDULER_BLOCK.ST_BUF, 0x104
MEM_STORE_RETIRED.L2_HIT, 0x144
MEM_STORE_RETIRED.MEMSIDE_CACHE, 0x44
MEM_UOPS_RETIRED.ALL, 0x83d0
MEM_UOPS_RETIRED.ALL_LOADS, 0x81d0
MEM_UOPS_RETIRED.ALL_STORES, 0x82d0
MEM_UOPS_RETIRED.LOAD_LATENCY_GT_128, 0x5d0
MEM_UOPS_RETIRED.LOAD_LATENCY_GT_16, 0x5d0
MEM_UOPS_RETIRED.LOAD_LATENCY_GT_256, 0x5d0
MEM_UOPS_RETIRED.LOAD_LATENCY_GT_32, 0x5d0
MEM_UOPS_RETIRED.LOAD_LATENCY_GT_4, 0x5d0
MEM_UOPS_RETIRED.LOAD_LATENCY_GT_512, 0x5d0
MEM_UOPS_RETIRED.LOAD_LATENCY_GT_64, 0x5d0
MEM_UOPS_RETIRED.LOAD_LATENCY_GT_8, 0x5d0
MEM_UOPS_RETIRED.LOCK_LOADS, 0x21d0
MEM_UOPS_RETIRED.MRN_LOADS, 0x9d0
MEM_UOPS_RETIRED.MRN_STORES, 0xad0
MEM_UOPS_RETIRED.SPLIT, 0x43d0
MEM_UOPS_RETIRED.SPLIT_LOADS, 0x41d0
MEM_UOPS_RETIRED.SPLIT_STORES, 0x42d0
MEM_UOPS_RETIRED.STLB_MISS, 0x13d0
MEM_UOPS_RETIRED.STLB_MISS_LOADS, 0x11d0
MEM_UOPS_RETIRED.STLB_MISS_STORES, 0x12d0
MEM_UOPS_RETIRED.STORE_LATENCY, 0x6d0
MEM_UOP_RETIRED.ANY, 0xfe5
OCR.COREWB_M.ANY_RESPONSE, 0x1b7
OCR.COREWB_NONM.ANY_RESPONSE, 0x1b7
OCR.DEMAND_CODE_RD.ANY_RESPONSE, 0x1b7
OCR.DEMAND_CODE_RD.MEMSIDE_CACHE, 0x1b7
OCR.DEMAND_DATA_RD.ANY_RESPONSE, 0x1b7
OCR.DEMAND_DATA_RD.MEMSIDE_CACHE, 0x1b7
OCR.DEMAND_RFO.ANY_RESPONSE, 0x1b7
OFFCORE_REQUESTS.ALL_REQUESTS, 0x8021
OFFCORE_REQUESTS.DATA_RD, 0x821
OFFCORE_REQUESTS.DEMAND_CODE_RD, 0x221
OFFCORE_REQUESTS.DEMAND_DATA_RD, 0x121
OFFCORE_REQUESTS.DEMAND_RFO, 0x421
OFFCORE_REQUESTS_OUTSTANDING.CYCLES_WITH_DATA_RD, 0x820
OFFCORE_REQUESTS_OUTSTANDING.CYCLES_WITH_DEMAND_CODE_RD, 0x220
OFFCORE_REQUESTS_OUTSTANDING.CYCLES_WITH_DEMAND_DATA_RD, 0x120
OFFCORE_REQUESTS_OUTSTANDING.CYCLES_WITH_DEMAND_RFO, 0x420
OFFCORE_REQUESTS_OUTSTANDING.DATA_RD, 0x820
OFFCORE_REQUESTS_OUTSTANDING.DEMAND_CODE_RD, 0x220
OFFCORE_REQUESTS_OUTSTANDING.DEMAND_DATA_RD, 0x120
OFFCORE_REQUESTS_OUTSTANDING.DEMAND_RFO, 0x420
SQ_MISC.BUS_LOCK, 0x102c
SW_PREFETCH_ACCESS.ANY, 0xf40
SW_PREFETCH_ACCESS.NTA, 0x140
SW_PREFETCH_ACCESS.PREFETCHW, 0x840
SW_PREFETCH_ACCESS.T0, 0x240
SW_PREFETCH_ACCESS.T1_T2, 0x440
TOPDOWN_FE_BOUND.ICACHE, 0x2071
UNC_M_CAS_COUNT_RD, 0x22
UNC_M_CAS_COUNT_WR, 0x23
UNC_M_DRAM_THERMAL_HOT, 0x19
UNC_M_DRAM_THERMAL_WARM, 0x1a
