CYCLE_ACTIVITY.CYCLES_L3_MISS, 0x2a3
CYCLE_ACTIVITY.STALLS_L3_MISS, 0x6a3
HLE_RETIRED.ABORTED, 0x4c8
HLE_RETIRED.ABORTED_EVENTS, 0x80c8
HLE_RETIRED.ABORTED_MEM, 0x8c8
HLE_RETIRED.ABORTED_MEMTYPE, 0x40c8
HLE_RETIRED.ABORTED_TIMER, 0x10c8
HLE_RETIRED.ABORTED_UNFRIENDLY, 0x20c8
HLE_RETIRED.COMMIT, 0x2c8
HLE_RETIRED.START, 0x1c8
MACHINE_CLEARS.MEMORY_ORDERING, 0x2c3
MEM_TRANS_RETIRED.LOAD_LATENCY_GT_128, 0x1cd
MEM_TRANS_RETIRED.LOAD_LATENCY_GT_16, 0x1cd
MEM_TRANS_RETIRED.LOAD_LATENCY_GT_256, 0x1cd
MEM_TRANS_RETIRED.LOAD_LATENCY_GT_32, 0x1cd
MEM_TRANS_RETIRED.LOAD_LATENCY_GT_4, 0x1cd
MEM_TRANS_RETIRED.LOAD_LATENCY_GT_512, 0x1cd
MEM_TRANS_RETIRED.LOAD_LATENCY_GT_64, 0x1cd
MEM_TRANS_RETIRED.LOAD_LATENCY_GT_8, 0x1cd
OFFCORE_REQUESTS.L3_MISS_DEMAND_DATA_RD, 0x10b0
OFFCORE_REQUESTS_OUTSTANDING.CYCLES_WITH_L3_MISS_DEMAND_DATA_RD, 0x1060
OFFCORE_REQUESTS_OUTSTANDING.L3_MISS_DEMAND_DATA_RD, 0x1060
OFFCORE_REQUESTS_OUTSTANDING.L3_MISS_DEMAND_DATA_RD_GE_6, 0x1060
RTM_RETIRED.ABORTED, 0x4c9
RTM_RETIRED.ABORTED_EVENTS, 0x80c9
RTM_RETIRED.ABORTED_MEM, 0x8c9
RTM_RETIRED.ABORTED_MEMTYPE, 0x40c9
RTM_RETIRED.ABORTED_TIMER, 0x10c9
RTM_RETIRED.ABORTED_UNFRIENDLY, 0x20c9
RTM_RETIRED.COMMIT, 0x2c9
RTM_RETIRED.START, 0x1c9
TX_EXEC.MISC1, 0x15d
TX_EXEC.MISC2, 0x25d
TX_EXEC.MISC3, 0x45d
TX_EXEC.MISC4, 0x85d
TX_EXEC.MISC5, 0x105d
TX_MEM.ABORT_CAPACITY, 0x254
TX_MEM.ABORT_CONFLICT, 0x154
TX_MEM.ABORT_HLE_ELISION_BUFFER_MISMATCH, 0x1054
TX_MEM.ABORT_HLE_ELISION_BUFFER_NOT_EMPTY, 0x854
TX_MEM.ABORT_HLE_ELISION_BUFFER_UNSUPPORTED_ALIGNMENT, 0x2054
TX_MEM.ABORT_HLE_STORE_TO_ELIDED_LOCK, 0x454
TX_MEM.HLE_ELISION_BUFFER_FULL, 0x4054
DTLB_LOAD_MISSES.MISS_CAUSES_A_WALK, 0x108
DTLB_LOAD_MISSES.STLB_HIT, 0x2008
DTLB_LOAD_MISSES.WALK_ACTIVE, 0x1008
DTLB_LOAD_MISSES.WALK_COMPLETED, 0xe08
DTLB_LOAD_MISSES.WALK_COMPLETED_1G, 0x808
DTLB_LOAD_MISSES.WALK_COMPLETED_2M_4M, 0x408
DTLB_LOAD_MISSES.WALK_COMPLETED_4K, 0x208
DTLB_LOAD_MISSES.WALK_PENDING, 0x1008
DTLB_STORE_MISSES.MISS_CAUSES_A_WALK, 0x149
DTLB_STORE_MISSES.STLB_HIT, 0x2049
DTLB_STORE_MISSES.WALK_ACTIVE, 0x1049
DTLB_STORE_MISSES.WALK_COMPLETED, 0xe49
DTLB_STORE_MISSES.WALK_COMPLETED_1G, 0x849
DTLB_STORE_MISSES.WALK_COMPLETED_2M_4M, 0x449
DTLB_STORE_MISSES.WALK_COMPLETED_4K, 0x249
DTLB_STORE_MISSES.WALK_PENDING, 0x1049
EPT.WALK_PENDING, 0x104f
ITLB.ITLB_FLUSH, 0x1ae
ITLB_MISSES.MISS_CAUSES_A_WALK, 0x185
ITLB_MISSES.STLB_HIT, 0x2085
ITLB_MISSES.WALK_ACTIVE, 0x1085
ITLB_MISSES.WALK_COMPLETED, 0xe85
ITLB_MISSES.WALK_COMPLETED_1G, 0x885
ITLB_MISSES.WALK_COMPLETED_2M_4M, 0x485
ITLB_MISSES.WALK_COMPLETED_4K, 0x285
ITLB_MISSES.WALK_PENDING, 0x1085
TLB_FLUSH.DTLB_THREAD, 0x1bd
TLB_FLUSH.STLB_ANY, 0x20bd
FP_ARITH_INST_RETIRED.128B_PACKED_DOUBLE, 0x4c7
FP_ARITH_INST_RETIRED.128B_PACKED_SINGLE, 0x8c7
FP_ARITH_INST_RETIRED.256B_PACKED_DOUBLE, 0x10c7
FP_ARITH_INST_RETIRED.256B_PACKED_SINGLE, 0x20c7
FP_ARITH_INST_RETIRED.4_FLOPS, 0x18c7
FP_ARITH_INST_RETIRED.SCALAR, 0x3c7
FP_ARITH_INST_RETIRED.SCALAR_DOUBLE, 0x1c7
FP_ARITH_INST_RETIRED.SCALAR_SINGLE, 0x2c7
FP_ARITH_INST_RETIRED.VECTOR, 0xfcc7
FP_ASSIST.ANY, 0x1eca
UNC_CBO_CACHE_LOOKUP.ANY_ES, 0x8634
UNC_CBO_CACHE_LOOKUP.ANY_I, 0x8834
UNC_CBO_CACHE_LOOKUP.ANY_M, 0x8134
UNC_CBO_CACHE_LOOKUP.ANY_MESI, 0x8f34
UNC_CBO_CACHE_LOOKUP.READ_ES, 0x1634
UNC_CBO_CACHE_LOOKUP.READ_I, 0x1834
UNC_CBO_CACHE_LOOKUP.READ_MESI, 0x1f34
UNC_CBO_CACHE_LOOKUP.WRITE_ES, 0x2634
UNC_CBO_CACHE_LOOKUP.WRITE_M, 0x2134
UNC_CBO_CACHE_LOOKUP.WRITE_MESI, 0x2f34
UNC_CBO_XSNP_RESPONSE.HITM_XCORE, 0x4822
UNC_CBO_XSNP_RESPONSE.HIT_XCORE, 0x4422
UNC_CBO_XSNP_RESPONSE.MISS_EVICTION, 0x8122
UNC_CBO_XSNP_RESPONSE.MISS_XCORE, 0x4122
UNC_CLOCK.SOCKET, 0xff
HW_INTERRUPTS.RECEIVED, 0x1cb
MEMORY_DISAMBIGUATION.HISTORY_RESET, 0x109
BACLEARS.ANY, 0x1e6
DECODE.LCP, 0x187
DSB2MITE_SWITCHES.COUNT, 0x1ab
DSB2MITE_SWITCHES.PENALTY_CYCLES, 0x2ab
FRONTEND_RETIRED.ANY_DSB_MISS, 0x1c6
FRONTEND_RETIRED.DSB_MISS, 0x1c6
FRONTEND_RETIRED.ITLB_MISS, 0x1c6
FRONTEND_RETIRED.L1I_MISS, 0x1c6
FRONTEND_RETIRED.L2_MISS, 0x1c6
FRONTEND_RETIRED.LATENCY_GE_1, 0x1c6
FRONTEND_RETIRED.LATENCY_GE_128, 0x1c6
FRONTEND_RETIRED.LATENCY_GE_16, 0x1c6
FRONTEND_RETIRED.LATENCY_GE_2, 0x1c6
FRONTEND_RETIRED.LATENCY_GE_256, 0x1c6
FRONTEND_RETIRED.LATENCY_GE_2_BUBBLES_GE_1, 0x1c6
FRONTEND_RETIRED.LATENCY_GE_2_BUBBLES_GE_2, 0x1c6
FRONTEND_RETIRED.LATENCY_GE_2_BUBBLES_GE_3, 0x1c6
FRONTEND_RETIRED.LATENCY_GE_32, 0x1c6
FRONTEND_RETIRED.LATENCY_GE_4, 0x1c6
FRONTEND_RETIRED.LATENCY_GE_512, 0x1c6
FRONTEND_RETIRED.LATENCY_GE_64, 0x1c6
FRONTEND_RETIRED.LATENCY_GE_8, 0x1c6
FRONTEND_RETIRED.STLB_MISS, 0x1c6
ICACHE_16B.IFDATA_STALL, 0x480
ICACHE_64B.IFTAG_HIT, 0x183
ICACHE_64B.IFTAG_MISS, 0x283
ICACHE_64B.IFTAG_STALL, 0x483
ICACHE_TAG.STALLS, 0x483
IDQ.ALL_DSB_CYCLES_4_UOPS, 0x1879
IDQ.ALL_DSB_CYCLES_ANY_UOPS, 0x1879
IDQ.ALL_MITE_CYCLES_4_UOPS, 0x2479
IDQ.ALL_MITE_CYCLES_ANY_UOPS, 0x2479
IDQ.DSB_CYCLES, 0x879
IDQ.DSB_CYCLES_ANY, 0x1879
IDQ.DSB_CYCLES_OK, 0x1879
IDQ.DSB_UOPS, 0x879
IDQ.MITE_CYCLES, 0x479
IDQ.MITE_UOPS, 0x479
IDQ.MS_CYCLES, 0x3079
IDQ.MS_DSB_CYCLES, 0x1079
IDQ.MS_MITE_UOPS, 0x2079
IDQ.MS_SWITCHES, 0x3079
IDQ.MS_UOPS, 0x3079
IDQ_UOPS_NOT_DELIVERED.CORE, 0x19c
IDQ_UOPS_NOT_DELIVERED.CYCLES_0_UOPS_DELIV.CORE, 0x19c
IDQ_UOPS_NOT_DELIVERED.CYCLES_FE_WAS_OK, 0x19c
IDQ_UOPS_NOT_DELIVERED.CYCLES_LE_1_UOP_DELIV.CORE, 0x19c
IDQ_UOPS_NOT_DELIVERED.CYCLES_LE_2_UOP_DELIV.CORE, 0x19c
IDQ_UOPS_NOT_DELIVERED.CYCLES_LE_3_UOP_DELIV.CORE, 0x19c
UNC_ARB_COH_TRK_REQUESTS.ALL, 0x184
UNC_ARB_TRK_OCCUPANCY.ALL, 0x180
UNC_ARB_TRK_OCCUPANCY.CYCLES_WITH_ANY_REQUEST, 0x180
UNC_ARB_TRK_OCCUPANCY.DATA_READ, 0x280
UNC_ARB_TRK_REQUESTS.ALL, 0x181
UNC_ARB_TRK_REQUESTS.DATA_READ, 0x281
UNC_ARB_TRK_REQUESTS.DRD_DIRECT, 0x281
UNC_ARB_TRK_REQUESTS.WRITES, 0x2081
ARITH.DIVIDER_ACTIVE, 0x114
BR_INST_RETIRED.ALL_BRANCHES, 0xc4
BR_INST_RETIRED.ALL_BRANCHES_PEBS, 0x4c4
BR_INST_RETIRED.COND, 0x1c4
BR_INST_RETIRED.CONDITIONAL, 0x1c4
BR_INST_RETIRED.COND_NTAKEN, 0x10c4
BR_INST_RETIRED.FAR_BRANCH, 0x40c4
BR_INST_RETIRED.NEAR_CALL, 0x2c4
BR_INST_RETIRED.NEAR_RETURN, 0x8c4
BR_INST_RETIRED.NEAR_TAKEN, 0x20c4
BR_INST_RETIRED.NOT_TAKEN, 0x10c4
BR_MISP_EXEC.ALL_BRANCHES, 0xff89
BR_MISP_EXEC.INDIRECT, 0xe489
BR_MISP_RETIRED.ALL_BRANCHES, 0xc5
BR_MISP_RETIRED.ALL_BRANCHES_PEBS, 0x4c5
BR_MISP_RETIRED.CONDITIONAL, 0x1c5
BR_MISP_RETIRED.NEAR_CALL, 0x2c5
BR_MISP_RETIRED.NEAR_TAKEN, 0x20c5
CPU_CLK_THREAD_UNHALTED.ONE_THREAD_ACTIVE, 0x23c
CPU_CLK_THREAD_UNHALTED.REF_XCLK, 0x13c
CPU_CLK_THREAD_UNHALTED.REF_XCLK_ANY, 0x13c
CPU_CLK_UNHALTED.ONE_THREAD_ACTIVE, 0x23c
CPU_CLK_UNHALTED.REF_XCLK, 0x13c
CPU_CLK_UNHALTED.REF_XCLK_ANY, 0x13c
CPU_CLK_UNHALTED.RING0_TRANS, 0x3c
CPU_CLK_UNHALTED.THREAD_P, 0x3c
CPU_CLK_UNHALTED.THREAD_P_ANY, 0x3c
CYCLE_ACTIVITY.CYCLES_L1D_MISS, 0x8a3
CYCLE_ACTIVITY.CYCLES_L2_MISS, 0x1a3
CYCLE_ACTIVITY.CYCLES_MEM_ANY, 0x10a3
CYCLE_ACTIVITY.STALLS_L1D_MISS, 0xca3
CYCLE_ACTIVITY.STALLS_L2_MISS, 0x5a3
CYCLE_ACTIVITY.STALLS_MEM_ANY, 0x14a3
CYCLE_ACTIVITY.STALLS_TOTAL, 0x4a3
EXE_ACTIVITY.1_PORTS_UTIL, 0x2a6
EXE_ACTIVITY.2_PORTS_UTIL, 0x4a6
EXE_ACTIVITY.3_PORTS_UTIL, 0x8a6
EXE_ACTIVITY.4_PORTS_UTIL, 0x10a6
EXE_ACTIVITY.BOUND_ON_STORES, 0x40a6
EXE_ACTIVITY.EXE_BOUND_0_PORTS, 0x1a6
ILD_STALL.LCP, 0x187
INST_DECODED.DECODERS, 0x155
INST_RETIRED.ANY_P, 0xc0
INST_RETIRED.NOP, 0x2c0
INST_RETIRED.PREC_DIST, 0x1c0
INST_RETIRED.TOTAL_CYCLES_PS, 0x1c0
INT_MISC.CLEARS_COUNT, 0x10d
INT_MISC.CLEAR_RESTEER_CYCLES, 0x800d
INT_MISC.RECOVERY_CYCLES, 0x10d
INT_MISC.RECOVERY_CYCLES_ANY, 0x10d
LD_BLOCKS.NO_SR, 0x803
LD_BLOCKS.STORE_FORWARD, 0x203
LD_BLOCKS_PARTIAL.ADDRESS_ALIAS, 0x107
LOAD_HIT_PRE.SW_PF, 0x14c
LSD.CYCLES_4_UOPS, 0x1a8
LSD.CYCLES_ACTIVE, 0x1a8
LSD.CYCLES_OK, 0x1a8
LSD.UOPS, 0x1a8
MACHINE_CLEARS.COUNT, 0x1c3
MACHINE_CLEARS.SMC, 0x4c3
OTHER_ASSISTS.ANY, 0x3fc1
PARTIAL_RAT_STALLS.SCOREBOARD, 0x159
RESOURCE_STALLS.ANY, 0x1a2
RESOURCE_STALLS.SB, 0x8a2
ROB_MISC_EVENTS.LBR_INSERTS, 0x20cc
ROB_MISC_EVENTS.PAUSE_INST, 0x40cc
RS_EVENTS.EMPTY_CYCLES, 0x15e
RS_EVENTS.EMPTY_END, 0x15e
UOPS_DISPATCHED_PORT.PORT_0, 0x1a1
UOPS_DISPATCHED_PORT.PORT_1, 0x2a1
UOPS_DISPATCHED_PORT.PORT_2, 0x4a1
UOPS_DISPATCHED_PORT.PORT_3, 0x8a1
UOPS_DISPATCHED_PORT.PORT_4, 0x10a1
UOPS_DISPATCHED_PORT.PORT_5, 0x20a1
UOPS_DISPATCHED_PORT.PORT_6, 0x40a1
UOPS_DISPATCHED_PORT.PORT_7, 0x80a1
UOPS_EXECUTED.CORE, 0x2b1
UOPS_EXECUTED.CORE_CYCLES_GE_1, 0x2b1
UOPS_EXECUTED.CORE_CYCLES_GE_2, 0x2b1
UOPS_EXECUTED.CORE_CYCLES_GE_3, 0x2b1
UOPS_EXECUTED.CORE_CYCLES_GE_4, 0x2b1
UOPS_EXECUTED.CORE_CYCLES_NONE, 0x2b1
UOPS_EXECUTED.CYCLES_GE_1_UOP_EXEC, 0x1b1
UOPS_EXECUTED.CYCLES_GE_2_UOPS_EXEC, 0x1b1
UOPS_EXECUTED.CYCLES_GE_3_UOPS_EXEC, 0x1b1
UOPS_EXECUTED.CYCLES_GE_4_UOPS_EXEC, 0x1b1
UOPS_EXECUTED.STALL_CYCLES, 0x1b1
UOPS_EXECUTED.THREAD, 0x1b1
UOPS_EXECUTED.X87, 0x10b1
UOPS_ISSUED.ANY, 0x10e
UOPS_ISSUED.SLOW_LEA, 0x200e
UOPS_ISSUED.STALL_CYCLES, 0x10e
UOPS_ISSUED.VECTOR_WIDTH_MISMATCH, 0x20e
UOPS_RETIRED.MACRO_FUSED, 0x4c2
UOPS_RETIRED.RETIRE_SLOTS, 0x2c2
UOPS_RETIRED.STALL_CYCLES, 0x2c2
UOPS_RETIRED.TOTAL_CYCLES, 0x2c2
L1D.REPLACEMENT, 0x151
L1D_PEND_MISS.FB_FULL, 0x248
L1D_PEND_MISS.PENDING, 0x148
L1D_PEND_MISS.PENDING_CYCLES, 0x148
L1D_PEND_MISS.PENDING_CYCLES_ANY, 0x148
L2_LINES_IN.ALL, 0x1ff1
L2_LINES_OUT.NON_SILENT, 0x2f2
L2_LINES_OUT.SILENT, 0x1f2
L2_LINES_OUT.USELESS_HWPF, 0x4f2
L2_LINES_OUT.USELESS_PREF, 0x4f2
L2_RQSTS.ALL_CODE_RD, 0xe424
L2_RQSTS.ALL_DEMAND_DATA_RD, 0xe124
L2_RQSTS.ALL_DEMAND_MISS, 0x2724
L2_RQSTS.ALL_DEMAND_REFERENCES, 0xe724
L2_RQSTS.ALL_PF, 0xf824
L2_RQSTS.ALL_RFO, 0xe224
L2_RQSTS.CODE_RD_HIT, 0xc424
L2_RQSTS.CODE_RD_MISS, 0x2424
L2_RQSTS.DEMAND_DATA_RD_HIT, 0xc124
L2_RQSTS.DEMAND_DATA_RD_MISS, 0x2124
L2_RQSTS.MISS, 0x3f24
L2_RQSTS.PF_HIT, 0xd824
L2_RQSTS.PF_MISS, 0x3824
L2_RQSTS.REFERENCES, 0xff24
L2_RQSTS.RFO_HIT, 0xc224
L2_RQSTS.RFO_MISS, 0x2224
L2_TRANS.L2_WB, 0x40f0
LONGEST_LAT_CACHE.MISS, 0x412e
LONGEST_LAT_CACHE.REFERENCE, 0x4f2e
MEM_INST_RETIRED.ALL_LOADS, 0x81d0
MEM_INST_RETIRED.ALL_STORES, 0x82d0
MEM_INST_RETIRED.ANY, 0x83d0
MEM_INST_RETIRED.LOCK_LOADS, 0x21d0
MEM_INST_RETIRED.SPLIT_LOADS, 0x41d0
MEM_INST_RETIRED.SPLIT_STORES, 0x42d0
MEM_INST_RETIRED.STLB_MISS_LOADS, 0x11d0
MEM_INST_RETIRED.STLB_MISS_STORES, 0x12d0
MEM_LOAD_L3_HIT_RETIRED.XSNP_HIT, 0x2d2
MEM_LOAD_L3_HIT_RETIRED.XSNP_HITM, 0x4d2
MEM_LOAD_L3_HIT_RETIRED.XSNP_MISS, 0x1d2
MEM_LOAD_L3_HIT_RETIRED.XSNP_NONE, 0x8d2
MEM_LOAD_MISC_RETIRED.UC, 0x4d4
MEM_LOAD_RETIRED.FB_HIT, 0x40d1
MEM_LOAD_RETIRED.L1_HIT, 0x1d1
MEM_LOAD_RETIRED.L1_MISS, 0x8d1
MEM_LOAD_RETIRED.L2_HIT, 0x2d1
MEM_LOAD_RETIRED.L2_MISS, 0x10d1
MEM_LOAD_RETIRED.L3_HIT, 0x4d1
MEM_LOAD_RETIRED.L3_MISS, 0x20d1
OFFCORE_REQUESTS.ALL_DATA_RD, 0x8b0
OFFCORE_REQUESTS.ALL_REQUESTS, 0x80b0
OFFCORE_REQUESTS.DEMAND_CODE_RD, 0x2b0
OFFCORE_REQUESTS.DEMAND_DATA_RD, 0x1b0
OFFCORE_REQUESTS.DEMAND_RFO, 0x4b0
OFFCORE_REQUESTS_BUFFER.SQ_FULL, 0x1b2
OFFCORE_REQUESTS_OUTSTANDING.ALL_DATA_RD, 0x860
OFFCORE_REQUESTS_OUTSTANDING.CYCLES_WITH_DATA_RD, 0x860
OFFCORE_REQUESTS_OUTSTANDING.CYCLES_WITH_DEMAND_CODE_RD, 0x260
OFFCORE_REQUESTS_OUTSTANDING.CYCLES_WITH_DEMAND_DATA_RD, 0x160
OFFCORE_REQUESTS_OUTSTANDING.CYCLES_WITH_DEMAND_RFO, 0x460
OFFCORE_REQUESTS_OUTSTANDING.DEMAND_CODE_RD, 0x260
OFFCORE_REQUESTS_OUTSTANDING.DEMAND_DATA_RD, 0x160
OFFCORE_REQUESTS_OUTSTANDING.DEMAND_DATA_RD_GE_6, 0x160
OFFCORE_REQUESTS_OUTSTANDING.DEMAND_RFO, 0x460
SQ_MISC.SPLIT_LOCK, 0x10f4
SW_PREFETCH_ACCESS.ANY, 0xf32
SW_PREFETCH_ACCESS.NTA, 0x132
SW_PREFETCH_ACCESS.PREFETCHW, 0x832
SW_PREFETCH_ACCESS.T0, 0x232
SW_PREFETCH_ACCESS.T1_T2, 0x432
