arith.fpu_div, 0x414
arith.fpu_div_active, 0x114
baclears.any, 0x1fe6
br_inst_exec.all_branches, 0xff88
br_inst_exec.all_conditional, 0xc188
br_inst_exec.all_direct_jmp, 0xc288
br_inst_exec.all_direct_near_call, 0xd088
br_inst_exec.all_indirect_jump_non_call_ret, 0xc488
br_inst_exec.all_indirect_near_return, 0xc888
br_inst_exec.nontaken_conditional, 0x4188
br_inst_exec.taken_conditional, 0x8188
br_inst_exec.taken_direct_jump, 0x8288
br_inst_exec.taken_direct_near_call, 0x9088
br_inst_exec.taken_indirect_jump_non_call_ret, 0x8488
br_inst_exec.taken_indirect_near_call, 0xa088
br_inst_exec.taken_indirect_near_return, 0x8888
br_inst_retired.all_branches, 0xc4
br_inst_retired.all_branches_pebs, 0x4c4
br_inst_retired.conditional, 0x1c4
br_inst_retired.far_branch, 0x40c4
br_inst_retired.near_call, 0x2c4
br_inst_retired.near_call_r3, 0x2c4
br_inst_retired.near_return, 0x8c4
br_inst_retired.near_taken, 0x20c4
br_inst_retired.not_taken, 0x10c4
br_misp_exec.all_branches, 0xff89
br_misp_exec.all_conditional, 0xc189
br_misp_exec.all_indirect_jump_non_call_ret, 0xc489
br_misp_exec.indirect, 0xe489
br_misp_exec.nontaken_conditional, 0x4189
br_misp_exec.taken_conditional, 0x8189
br_misp_exec.taken_indirect_jump_non_call_ret, 0x8489
br_misp_exec.taken_indirect_near_call, 0xa089
br_misp_exec.taken_return_near, 0x8889
br_misp_retired.all_branches, 0xc5
br_misp_retired.all_branches_pebs, 0x4c5
br_misp_retired.conditional, 0x1c5
br_misp_retired.near_taken, 0x20c5
cpl_cycles.ring0, 0x15c
cpl_cycles.ring0_trans, 0x15c
cpl_cycles.ring123, 0x25c
cpu_clk_thread_unhalted.one_thread_active, 0x23c
cpu_clk_thread_unhalted.ref_xclk, 0x13c
cpu_clk_thread_unhalted.ref_xclk_any, 0x13c
cpu_clk_unhalted.one_thread_active, 0x23c
cpu_clk_unhalted.ref_xclk, 0x13c
cpu_clk_unhalted.ref_xclk_any, 0x13c
cpu_clk_unhalted.thread_p, 0x3c
cpu_clk_unhalted.thread_p_any, 0x3c
cycle_activity.cycles_l1d_miss, 0x8a3
cycle_activity.cycles_l1d_pending, 0x8a3
cycle_activity.cycles_l2_miss, 0x1a3
cycle_activity.cycles_l2_pending, 0x1a3
cycle_activity.cycles_ldm_pending, 0x2a3
cycle_activity.cycles_mem_any, 0x2a3
cycle_activity.cycles_no_execute, 0x4a3
cycle_activity.stalls_l1d_miss, 0xca3
cycle_activity.stalls_l1d_pending, 0xca3
cycle_activity.stalls_l2_miss, 0x5a3
cycle_activity.stalls_l2_pending, 0x5a3
cycle_activity.stalls_ldm_pending, 0x6a3
cycle_activity.stalls_mem_any, 0x6a3
cycle_activity.stalls_total, 0x4a3
dsb2mite_switches.count, 0x1ab
dsb2mite_switches.penalty_cycles, 0x2ab
dsb_fill.exceed_dsb_lines, 0x8ac
dtlb_load_misses.demand_ld_walk_completed, 0x8208
dtlb_load_misses.demand_ld_walk_duration, 0x8408
dtlb_load_misses.large_page_walk_completed, 0x8808
dtlb_load_misses.miss_causes_a_walk, 0x8108
dtlb_load_misses.stlb_hit, 0x45f
dtlb_load_misses.walk_completed, 0x8208
dtlb_load_misses.walk_duration, 0x8408
dtlb_store_misses.miss_causes_a_walk, 0x149
dtlb_store_misses.stlb_hit, 0x1049
dtlb_store_misses.walk_completed, 0x249
dtlb_store_misses.walk_duration, 0x449
ept.walk_cycles, 0x104f
fp_assist.any, 0x1eca
fp_assist.simd_input, 0x10ca
fp_assist.simd_output, 0x8ca
fp_assist.x87_input, 0x4ca
fp_assist.x87_output, 0x2ca
fp_comp_ops_exe.sse_packed_double, 0x1010
fp_comp_ops_exe.sse_packed_single, 0x4010
fp_comp_ops_exe.sse_scalar_double, 0x8010
fp_comp_ops_exe.sse_scalar_single, 0x2010
fp_comp_ops_exe.x87, 0x110
icache.hit, 0x180
icache.ifetch_stall, 0x480
icache.misses, 0x280
idq.all_dsb_cycles_4_uops, 0x1879
idq.all_dsb_cycles_any_uops, 0x1879
idq.all_mite_cycles_4_uops, 0x2479
idq.all_mite_cycles_any_uops, 0x2479
idq.dsb_cycles, 0x879
idq.dsb_uops, 0x879
idq.empty, 0x279
idq.mite_all_uops, 0x3c79
idq.mite_cycles, 0x479
idq.mite_uops, 0x479
idq.ms_cycles, 0x3079
idq.ms_dsb_cycles, 0x1079
idq.ms_dsb_occur, 0x1079
idq.ms_dsb_uops, 0x1079
idq.ms_mite_uops, 0x2079
idq.ms_switches, 0x3079
idq.ms_uops, 0x3079
idq_uops_not_delivered.core, 0x19c
idq_uops_not_delivered.cycles_0_uops_deliv.core, 0x19c
idq_uops_not_delivered.cycles_fe_was_ok, 0x19c
idq_uops_not_delivered.cycles_le_1_uop_deliv.core, 0x19c
idq_uops_not_delivered.cycles_le_2_uop_deliv.core, 0x19c
idq_uops_not_delivered.cycles_le_3_uop_deliv.core, 0x19c
ild_stall.iq_full, 0x487
ild_stall.lcp, 0x187
inst_retired.any_p, 0xc0
inst_retired.prec_dist, 0x1c0
int_misc.recovery_cycles, 0x30d
int_misc.recovery_cycles_any, 0x30d
int_misc.recovery_stalls_count, 0x30d
itlb.itlb_flush, 0x1ae
itlb_misses.large_page_walk_completed, 0x8085
itlb_misses.miss_causes_a_walk, 0x185
itlb_misses.stlb_hit, 0x1085
itlb_misses.walk_completed, 0x285
itlb_misses.walk_duration, 0x485
l1d.replacement, 0x151
l1d_pend_miss.fb_full, 0x248
l1d_pend_miss.pending, 0x148
l1d_pend_miss.pending_cycles, 0x148
l1d_pend_miss.pending_cycles_any, 0x148
l2_l1d_wb_rqsts.all, 0xf28
l2_l1d_wb_rqsts.hit_e, 0x428
l2_l1d_wb_rqsts.hit_m, 0x828
l2_l1d_wb_rqsts.miss, 0x128
l2_lines_in.all, 0x7f1
l2_lines_in.e, 0x4f1
l2_lines_in.i, 0x1f1
l2_lines_in.s, 0x2f1
l2_lines_out.demand_clean, 0x1f2
l2_lines_out.demand_dirty, 0x2f2
l2_lines_out.dirty_all, 0xaf2
l2_lines_out.pf_clean, 0x4f2
l2_lines_out.pf_dirty, 0x8f2
l2_rqsts.all_code_rd, 0x3024
l2_rqsts.all_demand_data_rd, 0x324
l2_rqsts.all_pf, 0xc024
l2_rqsts.all_rfo, 0xc24
l2_rqsts.code_rd_hit, 0x1024
l2_rqsts.code_rd_miss, 0x2024
l2_rqsts.demand_data_rd_hit, 0x124
l2_rqsts.pf_hit, 0x4024
l2_rqsts.pf_miss, 0x8024
l2_rqsts.rfo_hit, 0x424
l2_rqsts.rfo_miss, 0x824
l2_store_lock_rqsts.all, 0xf27
l2_store_lock_rqsts.hit_m, 0x827
l2_store_lock_rqsts.miss, 0x127
l2_trans.all_pf, 0x8f0
l2_trans.all_requests, 0x80f0
l2_trans.code_rd, 0x4f0
l2_trans.demand_data_rd, 0x1f0
l2_trans.l1d_wb, 0x10f0
l2_trans.l2_fill, 0x20f0
l2_trans.l2_wb, 0x40f0
l2_trans.rfo, 0x2f0
ld_blocks.no_sr, 0x803
ld_blocks.store_forward, 0x203
ld_blocks_partial.address_alias, 0x107
load_hit_pre.hw_pf, 0x24c
load_hit_pre.sw_pf, 0x14c
lock_cycles.cache_lock_duration, 0x263
lock_cycles.split_lock_uc_lock_duration, 0x163
longest_lat_cache.miss, 0x412e
longest_lat_cache.reference, 0x4f2e
lsd.cycles_4_uops, 0x1a8
lsd.cycles_active, 0x1a8
lsd.uops, 0x1a8
machine_clears.count, 0x1c3
machine_clears.maskmov, 0x20c3
machine_clears.memory_ordering, 0x2c3
machine_clears.smc, 0x4c3
mem_load_uops_llc_hit_retired.xsnp_hit, 0x2d2
mem_load_uops_llc_hit_retired.xsnp_hitm, 0x4d2
mem_load_uops_llc_hit_retired.xsnp_miss, 0x1d2
mem_load_uops_llc_hit_retired.xsnp_none, 0x8d2
mem_load_uops_llc_miss_retired.local_dram, 0x3d3
mem_load_uops_llc_miss_retired.remote_dram, 0xcd3
mem_load_uops_llc_miss_retired.remote_fwd, 0x20d3
mem_load_uops_llc_miss_retired.remote_hitm, 0x10d3
mem_load_uops_retired.hit_lfb, 0x40d1
mem_load_uops_retired.l1_hit, 0x1d1
mem_load_uops_retired.l1_miss, 0x8d1
mem_load_uops_retired.l2_hit, 0x2d1
mem_load_uops_retired.l2_miss, 0x10d1
mem_load_uops_retired.llc_hit, 0x4d1
mem_load_uops_retired.llc_miss, 0x20d1
mem_trans_retired.load_latency_gt_128, 0x1cd, 0x80
mem_trans_retired.load_latency_gt_16, 0x1cd, 0x10
mem_trans_retired.load_latency_gt_256, 0x1cd, 0x100
mem_trans_retired.load_latency_gt_32, 0x1cd, 0x20
mem_trans_retired.load_latency_gt_4, 0x1cd, 0x4
mem_trans_retired.load_latency_gt_512, 0x1cd, 0x200
mem_trans_retired.load_latency_gt_64, 0x1cd, 0x40
mem_trans_retired.load_latency_gt_8, 0x1cd, 0x8
mem_trans_retired.precise_store, 0x2cd
mem_uops_retired.all_loads, 0x81d0
mem_uops_retired.all_stores, 0x82d0
mem_uops_retired.lock_loads, 0x21d0
mem_uops_retired.split_loads, 0x41d0
mem_uops_retired.split_stores, 0x42d0
mem_uops_retired.stlb_miss_loads, 0x11d0
mem_uops_retired.stlb_miss_stores, 0x12d0
misalign_mem_ref.loads, 0x105
misalign_mem_ref.stores, 0x205
move_elimination.int_eliminated, 0x158
move_elimination.int_not_eliminated, 0x458
move_elimination.simd_eliminated, 0x258
move_elimination.simd_not_eliminated, 0x858
offcore_requests.all_data_rd, 0x8b0
offcore_requests.demand_code_rd, 0x2b0
offcore_requests.demand_data_rd, 0x1b0
offcore_requests.demand_rfo, 0x4b0
offcore_requests_buffer.sq_full, 0x1b2
offcore_requests_outstanding.all_data_rd, 0x860
offcore_requests_outstanding.cycles_with_data_rd, 0x860
offcore_requests_outstanding.cycles_with_demand_code_rd, 0x260
offcore_requests_outstanding.cycles_with_demand_data_rd, 0x160
offcore_requests_outstanding.cycles_with_demand_rfo, 0x460
offcore_requests_outstanding.demand_code_rd, 0x260
offcore_requests_outstanding.demand_data_rd, 0x160
offcore_requests_outstanding.demand_data_rd_ge_6, 0x160
offcore_requests_outstanding.demand_rfo, 0x460
offcore_response.all_code_rd.llc_miss.any_response_0, 0x1b7, 0x3fffc00244
offcore_response.all_code_rd.llc_miss.any_response_1, 0x1bb, 0x3fffc00244
offcore_response.all_code_rd.llc_miss.remote_dram_0, 0x1b7, 0x67f800244
offcore_response.all_code_rd.llc_miss.remote_dram_1, 0x1bb, 0x67f800244
offcore_response.all_code_rd.llc_miss.remote_hit_forward_0, 0x1b7, 0x87f800244
offcore_response.all_code_rd.llc_miss.remote_hit_forward_1, 0x1bb, 0x87f800244
offcore_response.all_data_rd.llc_hit.hit_other_core_no_fwd_0, 0x1b7, 0x4003c0091
offcore_response.all_data_rd.llc_hit.hit_other_core_no_fwd_1, 0x1bb, 0x4003c0091
offcore_response.all_data_rd.llc_hit.hitm_other_core_0, 0x1b7, 0x10003c0091
offcore_response.all_data_rd.llc_hit.hitm_other_core_1, 0x1bb, 0x10003c0091
offcore_response.all_data_rd.llc_hit.no_snoop_needed_0, 0x1b7, 0x1003c0091
offcore_response.all_data_rd.llc_hit.no_snoop_needed_1, 0x1bb, 0x1003c0091
offcore_response.all_data_rd.llc_hit.snoop_miss_0, 0x1b7, 0x2003c0091
offcore_response.all_data_rd.llc_hit.snoop_miss_1, 0x1bb, 0x2003c0091
offcore_response.all_data_rd.llc_miss.any_response_0, 0x1b7, 0x3fffc20091
offcore_response.all_data_rd.llc_miss.any_response_1, 0x1bb, 0x3fffc20091
offcore_response.all_pf_data_rd.llc_hit.any_response_0, 0x1b7, 0x3f803c0090
offcore_response.all_pf_data_rd.llc_hit.any_response_1, 0x1bb, 0x3f803c0090
offcore_response.all_pf_data_rd.llc_hit.hit_other_core_no_fwd_0, 0x1b7, 0x4003c0090
offcore_response.all_pf_data_rd.llc_hit.hit_other_core_no_fwd_1, 0x1bb, 0x4003c0090
offcore_response.all_pf_data_rd.llc_hit.hitm_other_core_0, 0x1b7, 0x10003c0090
offcore_response.all_pf_data_rd.llc_hit.hitm_other_core_1, 0x1bb, 0x10003c0090
offcore_response.all_pf_data_rd.llc_hit.no_snoop_needed_0, 0x1b7, 0x1003c0090
offcore_response.all_pf_data_rd.llc_hit.no_snoop_needed_1, 0x1bb, 0x1003c0090
offcore_response.all_pf_data_rd.llc_hit.snoop_miss_0, 0x1b7, 0x2003c0090
offcore_response.all_pf_data_rd.llc_hit.snoop_miss_1, 0x1bb, 0x2003c0090
offcore_response.all_reads.llc_hit.any_response_0, 0x1b7, 0x3f803c03f7
offcore_response.all_reads.llc_hit.any_response_1, 0x1bb, 0x3f803c03f7
offcore_response.all_reads.llc_hit.hit_other_core_no_fwd_0, 0x1b7, 0x4003c03f7
offcore_response.all_reads.llc_hit.hit_other_core_no_fwd_1, 0x1bb, 0x4003c03f7
offcore_response.all_reads.llc_hit.hitm_other_core_0, 0x1b7, 0x10003c03f7
offcore_response.all_reads.llc_hit.hitm_other_core_1, 0x1bb, 0x10003c03f7
offcore_response.all_reads.llc_hit.no_snoop_needed_0, 0x1b7, 0x1003c03f7
offcore_response.all_reads.llc_hit.no_snoop_needed_1, 0x1bb, 0x1003c03f7
offcore_response.all_reads.llc_hit.snoop_miss_0, 0x1b7, 0x2003c03f7
offcore_response.all_reads.llc_hit.snoop_miss_1, 0x1bb, 0x2003c03f7
offcore_response.all_reads.llc_miss.any_response_0, 0x1b7, 0x3fffc203f7
offcore_response.all_reads.llc_miss.any_response_1, 0x1bb, 0x3fffc203f7
offcore_response.all_reads.llc_miss.local_dram_0, 0x1b7, 0x6004003f7
offcore_response.all_reads.llc_miss.local_dram_1, 0x1bb, 0x6004003f7
offcore_response.all_reads.llc_miss.remote_hit_forward_0, 0x1b7, 0x87f8203f7
offcore_response.all_reads.llc_miss.remote_hit_forward_1, 0x1bb, 0x87f8203f7
offcore_response.all_reads.llc_miss.remote_hitm_0, 0x1b7, 0x107fc003f7
offcore_response.all_reads.llc_miss.remote_hitm_1, 0x1bb, 0x107fc003f7
offcore_response.corewb.any_response_0, 0x1b7, 0x10008
offcore_response.corewb.any_response_1, 0x1bb, 0x10008
offcore_response.demand_code_rd.llc_hit.any_response_0, 0x1b7, 0x3f803c0004
offcore_response.demand_code_rd.llc_hit.any_response_1, 0x1bb, 0x3f803c0004
offcore_response.demand_code_rd.llc_miss.any_response_0, 0x1b7, 0x3fffc20004
offcore_response.demand_code_rd.llc_miss.any_response_1, 0x1bb, 0x3fffc20004
offcore_response.demand_code_rd.llc_miss.local_dram_0, 0x1b7, 0x600400004
offcore_response.demand_code_rd.llc_miss.local_dram_1, 0x1bb, 0x600400004
offcore_response.demand_code_rd.llc_miss.remote_dram_0, 0x1b7, 0x67f800004
offcore_response.demand_code_rd.llc_miss.remote_dram_1, 0x1bb, 0x67f800004
offcore_response.demand_code_rd.llc_miss.remote_hit_forward_0, 0x1b7, 0x87f820004
offcore_response.demand_code_rd.llc_miss.remote_hit_forward_1, 0x1bb, 0x87f820004
offcore_response.demand_code_rd.llc_miss.remote_hitm_0, 0x1b7, 0x107fc00004
offcore_response.demand_code_rd.llc_miss.remote_hitm_1, 0x1bb, 0x107fc00004
offcore_response.demand_data_rd.llc_hit.any_response_0, 0x1b7, 0x3f803c0001
offcore_response.demand_data_rd.llc_hit.any_response_1, 0x1bb, 0x3f803c0001
offcore_response.demand_data_rd.llc_hit.hit_other_core_no_fwd_0, 0x1b7, 0x4003c0001
offcore_response.demand_data_rd.llc_hit.hit_other_core_no_fwd_1, 0x1bb, 0x4003c0001
offcore_response.demand_data_rd.llc_hit.hitm_other_core_0, 0x1b7, 0x10003c0001
offcore_response.demand_data_rd.llc_hit.hitm_other_core_1, 0x1bb, 0x10003c0001
offcore_response.demand_data_rd.llc_hit.no_snoop_needed_0, 0x1b7, 0x1003c0001
offcore_response.demand_data_rd.llc_hit.no_snoop_needed_1, 0x1bb, 0x1003c0001
offcore_response.demand_data_rd.llc_hit.snoop_miss_0, 0x1b7, 0x2003c0001
offcore_response.demand_data_rd.llc_hit.snoop_miss_1, 0x1bb, 0x2003c0001
offcore_response.demand_data_rd.llc_miss.any_dram_0, 0x1b7, 0x67fc00001
offcore_response.demand_data_rd.llc_miss.any_dram_1, 0x1bb, 0x67fc00001
offcore_response.demand_data_rd.llc_miss.any_response_0, 0x1b7, 0x3fffc20001
offcore_response.demand_data_rd.llc_miss.any_response_1, 0x1bb, 0x3fffc20001
offcore_response.demand_data_rd.llc_miss.local_dram_0, 0x1b7, 0x600400001
offcore_response.demand_data_rd.llc_miss.local_dram_1, 0x1bb, 0x600400001
offcore_response.demand_data_rd.llc_miss.remote_dram_0, 0x1b7, 0x67f800001
offcore_response.demand_data_rd.llc_miss.remote_dram_1, 0x1bb, 0x67f800001
offcore_response.demand_data_rd.llc_miss.remote_hit_forward_0, 0x1b7, 0x87f820001
offcore_response.demand_data_rd.llc_miss.remote_hit_forward_1, 0x1bb, 0x87f820001
offcore_response.demand_data_rd.llc_miss.remote_hitm_0, 0x1b7, 0x107fc00001
offcore_response.demand_data_rd.llc_miss.remote_hitm_1, 0x1bb, 0x107fc00001
offcore_response.demand_rfo.llc_hit.hitm_other_core_0, 0x1b7, 0x10003c0002
offcore_response.demand_rfo.llc_hit.hitm_other_core_1, 0x1bb, 0x10003c0002
offcore_response.demand_rfo.llc_miss.remote_hitm_0, 0x1b7, 0x107fc20002
offcore_response.demand_rfo.llc_miss.remote_hitm_1, 0x1bb, 0x107fc20002
offcore_response.other.lru_hints_0, 0x1b7, 0x803c8000
offcore_response.other.lru_hints_1, 0x1bb, 0x803c8000
offcore_response.other.portio_mmio_uc_0, 0x1b7, 0x23ffc08000
offcore_response.other.portio_mmio_uc_1, 0x1bb, 0x23ffc08000
offcore_response.pf_l2_code_rd.llc_hit.any_response_0, 0x1b7, 0x3f803c0040
offcore_response.pf_l2_code_rd.llc_hit.any_response_1, 0x1bb, 0x3f803c0040
offcore_response.pf_l2_code_rd.llc_miss.any_response_0, 0x1b7, 0x3fffc20040
offcore_response.pf_l2_code_rd.llc_miss.any_response_1, 0x1bb, 0x3fffc20040
offcore_response.pf_l2_data_rd.llc_hit.any_response_0, 0x1b7, 0x3f803c0010
offcore_response.pf_l2_data_rd.llc_hit.any_response_1, 0x1bb, 0x3f803c0010
offcore_response.pf_l2_data_rd.llc_hit.hit_other_core_no_fwd_0, 0x1b7, 0x4003c0010
offcore_response.pf_l2_data_rd.llc_hit.hit_other_core_no_fwd_1, 0x1bb, 0x4003c0010
offcore_response.pf_l2_data_rd.llc_hit.hitm_other_core_0, 0x1b7, 0x10003c0010
offcore_response.pf_l2_data_rd.llc_hit.hitm_other_core_1, 0x1bb, 0x10003c0010
offcore_response.pf_l2_data_rd.llc_hit.no_snoop_needed_0, 0x1b7, 0x1003c0010
offcore_response.pf_l2_data_rd.llc_hit.no_snoop_needed_1, 0x1bb, 0x1003c0010
offcore_response.pf_l2_data_rd.llc_hit.snoop_miss_0, 0x1b7, 0x2003c0010
offcore_response.pf_l2_data_rd.llc_hit.snoop_miss_1, 0x1bb, 0x2003c0010
offcore_response.pf_l2_data_rd.llc_miss.any_dram_0, 0x1b7, 0x67fc00010
offcore_response.pf_l2_data_rd.llc_miss.any_dram_1, 0x1bb, 0x67fc00010
offcore_response.pf_l2_data_rd.llc_miss.any_response_0, 0x1b7, 0x3fffc20010
offcore_response.pf_l2_data_rd.llc_miss.any_response_1, 0x1bb, 0x3fffc20010
offcore_response.pf_l2_data_rd.llc_miss.local_dram_0, 0x1b7, 0x600400010
offcore_response.pf_l2_data_rd.llc_miss.local_dram_1, 0x1bb, 0x600400010
offcore_response.pf_l2_data_rd.llc_miss.remote_dram_0, 0x1b7, 0x67f800010
offcore_response.pf_l2_data_rd.llc_miss.remote_dram_1, 0x1bb, 0x67f800010
offcore_response.pf_l2_data_rd.llc_miss.remote_hit_forward_0, 0x1b7, 0x87f820010
offcore_response.pf_l2_data_rd.llc_miss.remote_hit_forward_1, 0x1bb, 0x87f820010
offcore_response.pf_l2_data_rd.llc_miss.remote_hitm_0, 0x1b7, 0x107fc00010
offcore_response.pf_l2_data_rd.llc_miss.remote_hitm_1, 0x1bb, 0x107fc00010
offcore_response.pf_llc_code_rd.llc_hit.any_response_0, 0x1b7, 0x3f803c0200
offcore_response.pf_llc_code_rd.llc_hit.any_response_1, 0x1bb, 0x3f803c0200
offcore_response.pf_llc_code_rd.llc_miss.any_response_0, 0x1b7, 0x3fffc20200
offcore_response.pf_llc_code_rd.llc_miss.any_response_1, 0x1bb, 0x3fffc20200
offcore_response.pf_llc_data_rd.llc_hit.any_response_0, 0x1b7, 0x3f803c0080
offcore_response.pf_llc_data_rd.llc_hit.any_response_1, 0x1bb, 0x3f803c0080
offcore_response.pf_llc_data_rd.llc_hit.hit_other_core_no_fwd_0, 0x1b7, 0x4003c0080
offcore_response.pf_llc_data_rd.llc_hit.hit_other_core_no_fwd_1, 0x1bb, 0x4003c0080
offcore_response.pf_llc_data_rd.llc_hit.hitm_other_core_0, 0x1b7, 0x10003c0080
offcore_response.pf_llc_data_rd.llc_hit.hitm_other_core_1, 0x1bb, 0x10003c0080
offcore_response.pf_llc_data_rd.llc_hit.no_snoop_needed_0, 0x1b7, 0x1003c0080
offcore_response.pf_llc_data_rd.llc_hit.no_snoop_needed_1, 0x1bb, 0x1003c0080
offcore_response.pf_llc_data_rd.llc_hit.snoop_miss_0, 0x1b7, 0x2003c0080
offcore_response.pf_llc_data_rd.llc_hit.snoop_miss_1, 0x1bb, 0x2003c0080
offcore_response.pf_llc_data_rd.llc_miss.any_response_0, 0x1b7, 0x3fffc20080
offcore_response.pf_llc_data_rd.llc_miss.any_response_1, 0x1bb, 0x3fffc20080
offcore_response.split_lock_uc_lock.any_response_0, 0x1b7, 0x10400
offcore_response.split_lock_uc_lock.any_response_1, 0x1bb, 0x10400
offcore_response.streaming_stores.any_response_0, 0x1b7, 0x10800
offcore_response.streaming_stores.any_response_1, 0x1bb, 0x10800
other_assists.any_wb_assist, 0x80c1
other_assists.avx_store, 0x8c1
other_assists.avx_to_sse, 0x10c1
other_assists.sse_to_avx, 0x20c1
resource_stalls.any, 0x1a2
resource_stalls.rob, 0x10a2
resource_stalls.rs, 0x4a2
resource_stalls.sb, 0x8a2
rob_misc_events.lbr_inserts, 0x20cc
rs_events.empty_cycles, 0x15e
rs_events.empty_end, 0x15e
simd_fp_256.packed_double, 0x211
simd_fp_256.packed_single, 0x111
sq_misc.split_lock, 0x10f4
tlb_flush.dtlb_thread, 0x1bd
tlb_flush.stlb_any, 0x20bd
unc_c_counter0_occupancy, 0x1f
unc_c_llc_lookup.any, 0x1134
unc_c_llc_lookup.data_read, 0x334
unc_c_llc_lookup.nid, 0x4134
unc_c_llc_lookup.remote_snoop, 0x934
unc_c_llc_lookup.write, 0x534
unc_c_llc_victims.e_state, 0x237
unc_c_llc_victims.m_state, 0x137
unc_c_llc_victims.miss, 0x837
unc_c_llc_victims.nid, 0x4037
unc_c_llc_victims.s_state, 0x437
unc_c_misc.rfo_hit_s, 0x839
unc_c_misc.rspi_was_fse, 0x139
unc_c_misc.started, 0x439
unc_c_misc.wc_aliasing, 0x239
unc_c_qlru.age0, 0x13c
unc_c_qlru.age1, 0x23c
unc_c_qlru.age2, 0x43c
unc_c_qlru.age3, 0x83c
unc_c_qlru.lru_decrement, 0x103c
unc_c_qlru.victim_non_zero, 0x203c
unc_c_ring_ad_used.ccw, 0xc1b
unc_c_ring_ad_used.cw, 0x31b
unc_c_ring_ad_used.down, 0xcc1b
unc_c_ring_ad_used.down_vr0_even, 0x41b
unc_c_ring_ad_used.down_vr0_odd, 0x81b
unc_c_ring_ad_used.down_vr1_even, 0x401b
unc_c_ring_ad_used.down_vr1_odd, 0x801b
unc_c_ring_ad_used.up, 0x331b
unc_c_ring_ad_used.up_vr0_even, 0x11b
unc_c_ring_ad_used.up_vr0_odd, 0x21b
unc_c_ring_ad_used.up_vr1_even, 0x101b
unc_c_ring_ad_used.up_vr1_odd, 0x201b
unc_c_ring_ak_used.ccw, 0xc1c
unc_c_ring_ak_used.cw, 0x31c
unc_c_ring_ak_used.down, 0xcc1c
unc_c_ring_ak_used.down_vr0_even, 0x41c
unc_c_ring_ak_used.down_vr0_odd, 0x81c
unc_c_ring_ak_used.down_vr1_even, 0x401c
unc_c_ring_ak_used.down_vr1_odd, 0x801c
unc_c_ring_ak_used.up, 0x331c
unc_c_ring_ak_used.up_vr0_even, 0x11c
unc_c_ring_ak_used.up_vr0_odd, 0x21c
unc_c_ring_ak_used.up_vr1_even, 0x101c
unc_c_ring_ak_used.up_vr1_odd, 0x201c
unc_c_ring_bl_used.ccw, 0xc1d
unc_c_ring_bl_used.cw, 0x31d
unc_c_ring_bl_used.down, 0xcc1d
unc_c_ring_bl_used.down_vr0_even, 0x41d
unc_c_ring_bl_used.down_vr0_odd, 0x81d
unc_c_ring_bl_used.down_vr1_even, 0x401d
unc_c_ring_bl_used.down_vr1_odd, 0x801d
unc_c_ring_bl_used.up, 0x331d
unc_c_ring_bl_used.up_vr0_even, 0x11d
unc_c_ring_bl_used.up_vr0_odd, 0x21d
unc_c_ring_bl_used.up_vr1_even, 0x101d
unc_c_ring_bl_used.up_vr1_odd, 0x201d
unc_c_ring_bounces.ad_irq, 0x205
unc_c_ring_bounces.ak, 0x405
unc_c_ring_bounces.ak_core, 0x205
unc_c_ring_bounces.bl, 0x805
unc_c_ring_bounces.bl_core, 0x405
unc_c_ring_bounces.iv, 0x1005
unc_c_ring_bounces.iv_core, 0x805
unc_c_ring_iv_used.any, 0xf1e
unc_c_ring_iv_used.down, 0xcc1e
unc_c_ring_iv_used.up, 0x331e
unc_c_ring_sink_starved.ad_ipq, 0x206
unc_c_ring_sink_starved.ad_irq, 0x106
unc_c_ring_sink_starved.iv, 0x1006
unc_c_ring_src_thrtl, 0x7
unc_c_rxr_ext_starved.ipq, 0x212
unc_c_rxr_ext_starved.irq, 0x112
unc_c_rxr_ext_starved.ismq_bids, 0x812
unc_c_rxr_ext_starved.prq, 0x412
unc_c_rxr_inserts.ipq, 0x413
unc_c_rxr_inserts.irq, 0x113
unc_c_rxr_inserts.irq_rej, 0x213
unc_c_rxr_inserts.irq_rejected, 0x213
unc_c_rxr_inserts.vfifo, 0x1013
unc_c_rxr_int_starved.ipq, 0x414
unc_c_rxr_int_starved.irq, 0x114
unc_c_rxr_int_starved.ismq, 0x814
unc_c_rxr_ipq_retry.addr_conflict, 0x431
unc_c_rxr_ipq_retry.any, 0x131
unc_c_rxr_ipq_retry.full, 0x231
unc_c_rxr_ipq_retry.qpi_credits, 0x1031
unc_c_rxr_irq_retry.addr_conflict, 0x432
unc_c_rxr_irq_retry.any, 0x132
unc_c_rxr_irq_retry.full, 0x232
unc_c_rxr_irq_retry.iio_credits, 0x2032
unc_c_rxr_irq_retry.qpi_credits, 0x1032
unc_c_rxr_irq_retry.rtid, 0x832
unc_c_rxr_ismq_retry.any, 0x133
unc_c_rxr_ismq_retry.full, 0x233
unc_c_rxr_ismq_retry.iio_credits, 0x2033
unc_c_rxr_ismq_retry.qpi_credits, 0x1033
unc_c_rxr_ismq_retry.rtid, 0x833
unc_c_rxr_ismq_retry.wb_credits, 0x8033
unc_c_rxr_occupancy.ipq, 0x411
unc_c_rxr_occupancy.irq, 0x111
unc_c_rxr_occupancy.irq_rej, 0x211
unc_c_rxr_occupancy.irq_rejected, 0x211
unc_c_rxr_occupancy.vfifo, 0x1011
unc_c_tor_inserts.all, 0x835
unc_c_tor_inserts.eviction, 0x435
unc_c_tor_inserts.local, 0x2835
unc_c_tor_inserts.local_opcode, 0x2135
unc_c_tor_inserts.miss_local, 0x2a35
unc_c_tor_inserts.miss_local_opcode, 0x2335
unc_c_tor_inserts.miss_opcode, 0x335
unc_c_tor_inserts.miss_remote, 0x8a35
unc_c_tor_inserts.miss_remote_opcode, 0x8335
unc_c_tor_inserts.nid_all, 0x4835
unc_c_tor_inserts.nid_eviction, 0x4435
unc_c_tor_inserts.nid_miss_all, 0x4a35
unc_c_tor_inserts.nid_miss_opcode, 0x4335
unc_c_tor_inserts.nid_opcode, 0x4135
unc_c_tor_inserts.nid_wb, 0x5035
unc_c_tor_inserts.opcode, 0x135
unc_c_tor_inserts.remote, 0x8835
unc_c_tor_inserts.remote_opcode, 0x8135
unc_c_tor_inserts.wb, 0x1035
unc_c_tor_occupancy.all, 0x836
unc_c_tor_occupancy.eviction, 0x436
unc_c_tor_occupancy.local, 0x2836
unc_c_tor_occupancy.local_opcode, 0x2136
unc_c_tor_occupancy.miss_all, 0xa36
unc_c_tor_occupancy.miss_local, 0x2a36
unc_c_tor_occupancy.miss_local_opcode, 0x2336
unc_c_tor_occupancy.miss_opcode, 0x336
unc_c_tor_occupancy.miss_remote, 0x8a36
unc_c_tor_occupancy.miss_remote_opcode, 0x8336
unc_c_tor_occupancy.nid_all, 0x4836
unc_c_tor_occupancy.nid_eviction, 0x4436
unc_c_tor_occupancy.nid_miss_all, 0x4a36
unc_c_tor_occupancy.nid_miss_opcode, 0x4336
unc_c_tor_occupancy.nid_opcode, 0x4136
unc_c_tor_occupancy.nid_wb, 0x5036
unc_c_tor_occupancy.opcode, 0x136
unc_c_tor_occupancy.remote, 0x8836
unc_c_tor_occupancy.remote_opcode, 0x8136
unc_c_tor_occupancy.wb, 0x1036
unc_c_txr_ads_used.ad, 0x104
unc_c_txr_ads_used.ak, 0x204
unc_c_txr_ads_used.bl, 0x404
unc_c_txr_inserts.ad_cache, 0x102
unc_c_txr_inserts.ad_core, 0x1002
unc_c_txr_inserts.ak_cache, 0x202
unc_c_txr_inserts.ak_core, 0x2002
unc_c_txr_inserts.bl_cache, 0x402
unc_c_txr_inserts.bl_core, 0x4002
unc_c_txr_inserts.iv_cache, 0x802
unc_c_txr_starved.ad_core, 0x1003
unc_c_txr_starved.ak_both, 0x203
unc_c_txr_starved.iv, 0x803
unc_h_bt_bypass, 0x52
unc_h_bt_cycles_ne, 0x42
unc_h_bt_cycles_ne.local, 0x142
unc_h_bt_cycles_ne.remote, 0x242
unc_h_bt_occupancy.local, 0x143
unc_h_bt_occupancy.reads_local, 0x443
unc_h_bt_occupancy.reads_remote, 0x843
unc_h_bt_occupancy.remote, 0x243
unc_h_bt_occupancy.writes_local, 0x1043
unc_h_bt_occupancy.writes_remote, 0x2043
unc_h_bt_to_ht_not_issued.incoming_bl_hazard, 0x451
unc_h_bt_to_ht_not_issued.incoming_snp_hazard, 0x251
unc_h_bt_to_ht_not_issued.rspackcflt_hazard, 0x851
unc_h_bt_to_ht_not_issued.wbmdata_hazard, 0x1051
unc_h_bypass_imc.not_taken, 0x214
unc_h_bypass_imc.taken, 0x114
unc_h_conflict_cycles.ackcnflts, 0x80b
unc_h_conflict_cycles.cmp_fwds, 0x100b
unc_h_conflict_cycles.conflict, 0x20b
unc_h_conflict_cycles.last, 0x40b
unc_h_direct2core_count, 0x11
unc_h_direct2core_cycles_disabled, 0x12
unc_h_direct2core_txn_override, 0x13
unc_h_directory_lat_opt, 0x41
unc_h_directory_lookup.any, 0x100c
unc_h_directory_lookup.no_snp, 0x20c
unc_h_directory_lookup.snoop_a, 0x80c
unc_h_directory_lookup.snoop_s, 0x20c
unc_h_directory_lookup.snp, 0x10c
unc_h_directory_lookup.state_a, 0x800c
unc_h_directory_lookup.state_i, 0x200c
unc_h_directory_lookup.state_s, 0x400c
unc_h_directory_update.a2i, 0x200d
unc_h_directory_update.a2s, 0x400d
unc_h_directory_update.any, 0x30d
unc_h_directory_update.clear, 0x20d
unc_h_directory_update.i2a, 0x40d
unc_h_directory_update.i2s, 0x20d
unc_h_directory_update.s2a, 0x100d
unc_h_directory_update.s2i, 0x80d
unc_h_directory_update.set, 0x10d
unc_h_igr_ad_qpi2_accumulator, 0x59
unc_h_igr_bl_qpi2_accumulator, 0x5a
unc_h_igr_credits_ad_qpi2, 0x59
unc_h_igr_credits_bl_qpi2, 0x5a
unc_h_igr_no_credit_cycles.ad_qpi0, 0x122
unc_h_igr_no_credit_cycles.ad_qpi1, 0x222
unc_h_igr_no_credit_cycles.bl_qpi0, 0x422
unc_h_igr_no_credit_cycles.bl_qpi1, 0x822
unc_h_imc_reads.normal, 0x117
unc_h_imc_retry, 0x1e
unc_h_imc_writes.all, 0xf1a
unc_h_imc_writes.full, 0x11a
unc_h_imc_writes.full_isoch, 0x41a
unc_h_imc_writes.partial, 0x21a
unc_h_imc_writes.partial_isoch, 0x81a
unc_h_iodc_conflicts.any, 0x157
unc_h_iodc_conflicts.last, 0x457
unc_h_iodc_conflicts.remote_invi2e_same_rtid, 0x157
unc_h_iodc_conflicts.remote_other_same_addr, 0x457
unc_h_iodc_inserts, 0x56
unc_h_iodc_olen_wbmtoi, 0x58
unc_h_osb.invitoe_local, 0x453
unc_h_osb.reads_local, 0x253
unc_h_osb.remote, 0x853
unc_h_osb_edr.all, 0x154
unc_h_osb_edr.reads_local_i, 0x254
unc_h_osb_edr.reads_local_s, 0x854
unc_h_osb_edr.reads_remote_i, 0x454
unc_h_osb_edr.reads_remote_s, 0x1054
unc_h_requests.invitoe_local, 0x1001
unc_h_requests.invitoe_remote, 0x2001
unc_h_requests.reads, 0x301
unc_h_requests.reads_local, 0x101
unc_h_requests.reads_remote, 0x201
unc_h_requests.writes, 0xc01
unc_h_requests.writes_local, 0x401
unc_h_requests.writes_remote, 0x801
unc_h_ring_ad_used.ccw, 0xcc3e
unc_h_ring_ad_used.ccw_vr0_even, 0x43e
unc_h_ring_ad_used.ccw_vr0_odd, 0x83e
unc_h_ring_ad_used.ccw_vr1_even, 0x403e
unc_h_ring_ad_used.ccw_vr1_odd, 0x803e
unc_h_ring_ad_used.cw, 0x333e
unc_h_ring_ad_used.cw_vr0_even, 0x13e
unc_h_ring_ad_used.cw_vr0_odd, 0x23e
unc_h_ring_ad_used.cw_vr1_even, 0x103e
unc_h_ring_ad_used.cw_vr1_odd, 0x203e
unc_h_ring_ak_used.ccw, 0xcc3f
unc_h_ring_ak_used.ccw_vr0_even, 0x43f
unc_h_ring_ak_used.ccw_vr0_odd, 0x83f
unc_h_ring_ak_used.ccw_vr1_even, 0x403f
unc_h_ring_ak_used.ccw_vr1_odd, 0x803f
unc_h_ring_ak_used.cw, 0x333f
unc_h_ring_ak_used.cw_vr0_even, 0x13f
unc_h_ring_ak_used.cw_vr0_odd, 0x23f
unc_h_ring_ak_used.cw_vr1_even, 0x103f
unc_h_ring_ak_used.cw_vr1_odd, 0x203f
unc_h_ring_bl_used.ccw, 0xcc40
unc_h_ring_bl_used.ccw_vr0_even, 0x440
unc_h_ring_bl_used.ccw_vr0_odd, 0x840
unc_h_ring_bl_used.ccw_vr1_even, 0x4040
unc_h_ring_bl_used.ccw_vr1_odd, 0x8040
unc_h_ring_bl_used.cw, 0x3340
unc_h_ring_bl_used.cw_vr0_even, 0x140
unc_h_ring_bl_used.cw_vr0_odd, 0x240
unc_h_ring_bl_used.cw_vr1_even, 0x1040
unc_h_ring_bl_used.cw_vr1_odd, 0x2040
unc_h_rpq_cycles_no_reg_credits.chn0, 0x115
unc_h_rpq_cycles_no_reg_credits.chn1, 0x215
unc_h_rpq_cycles_no_reg_credits.chn2, 0x415
unc_h_rpq_cycles_no_reg_credits.chn3, 0x815
unc_h_rpq_cycles_no_spec_credits.chn0, 0x116
unc_h_rpq_cycles_no_spec_credits.chn1, 0x216
unc_h_rpq_cycles_no_spec_credits.chn2, 0x416
unc_h_rpq_cycles_no_spec_credits.chn3, 0x816
unc_h_snoop_resp.rsp_fwd_wb, 0x2021
unc_h_snoop_resp.rsp_wb, 0x1021
unc_h_snoop_resp.rspcnflct, 0x4021
unc_h_snoop_resp.rspi, 0x121
unc_h_snoop_resp.rspifwd, 0x421
unc_h_snoop_resp.rsps, 0x221
unc_h_snoop_resp.rspsfwd, 0x821
unc_h_snp_resp_recv_local.other, 0x8060
unc_h_snp_resp_recv_local.rspcnflct, 0x4060
unc_h_snp_resp_recv_local.rspi, 0x160
unc_h_snp_resp_recv_local.rspifwd, 0x460
unc_h_snp_resp_recv_local.rsps, 0x260
unc_h_snp_resp_recv_local.rspsfwd, 0x860
unc_h_snp_resp_recv_local.rspxfwdxwb, 0x2060
unc_h_snp_resp_recv_local.rspxwb, 0x1060
unc_h_tad_requests_g0.region0, 0x11b
unc_h_tad_requests_g0.region1, 0x21b
unc_h_tad_requests_g0.region2, 0x41b
unc_h_tad_requests_g0.region3, 0x81b
unc_h_tad_requests_g0.region4, 0x101b
unc_h_tad_requests_g0.region5, 0x201b
unc_h_tad_requests_g0.region6, 0x401b
unc_h_tad_requests_g0.region7, 0x801b
unc_h_tad_requests_g1.region10, 0x41c
unc_h_tad_requests_g1.region11, 0x81c
unc_h_tad_requests_g1.region8, 0x11c
unc_h_tad_requests_g1.region9, 0x21c
unc_h_tracker_cycles_ne, 0x3
unc_h_txr_ad.hom, 0x40f
unc_h_txr_ad_cycles_full.all, 0x32a
unc_h_txr_ad_cycles_full.sched0, 0x12a
unc_h_txr_ad_cycles_full.sched1, 0x22a
unc_h_txr_ad_cycles_ne.all, 0x329
unc_h_txr_ad_cycles_ne.sched0, 0x129
unc_h_txr_ad_cycles_ne.sched1, 0x229
unc_h_txr_ad_inserts.all, 0x327
unc_h_txr_ad_inserts.sched0, 0x127
unc_h_txr_ad_inserts.sched1, 0x227
unc_h_txr_ad_occupancy.sched0, 0x128
unc_h_txr_ad_occupancy.sched1, 0x228
unc_h_txr_ak.crd_cbo, 0x20e
unc_h_txr_ak_cycles_full.all, 0x332
unc_h_txr_ak_cycles_full.sched0, 0x132
unc_h_txr_ak_cycles_full.sched1, 0x232
unc_h_txr_ak_cycles_ne.all, 0x331
unc_h_txr_ak_cycles_ne.sched0, 0x131
unc_h_txr_ak_cycles_ne.sched1, 0x231
unc_h_txr_ak_inserts.all, 0x32f
unc_h_txr_ak_inserts.sched0, 0x12f
unc_h_txr_ak_inserts.sched1, 0x22f
unc_h_txr_ak_occupancy.sched0, 0x130
unc_h_txr_ak_occupancy.sched1, 0x230
unc_h_txr_bl.drs_cache, 0x110
unc_h_txr_bl.drs_core, 0x210
unc_h_txr_bl.drs_qpi, 0x410
unc_h_txr_bl_cycles_full.all, 0x336
unc_h_txr_bl_cycles_full.sched0, 0x136
unc_h_txr_bl_cycles_full.sched1, 0x236
unc_h_txr_bl_cycles_ne.all, 0x335
unc_h_txr_bl_cycles_ne.sched0, 0x135
unc_h_txr_bl_cycles_ne.sched1, 0x235
unc_h_txr_bl_inserts.all, 0x333
unc_h_txr_bl_inserts.sched0, 0x133
unc_h_txr_bl_inserts.sched1, 0x233
unc_h_txr_bl_occupancy.all, 0x334
unc_h_txr_bl_occupancy.sched0, 0x134
unc_h_txr_bl_occupancy.sched1, 0x234
unc_h_wpq_cycles_no_reg_credits.chn0, 0x118
unc_h_wpq_cycles_no_reg_credits.chn1, 0x218
unc_h_wpq_cycles_no_reg_credits.chn2, 0x418
unc_h_wpq_cycles_no_reg_credits.chn3, 0x818
unc_h_wpq_cycles_no_spec_credits.chn0, 0x119
unc_h_wpq_cycles_no_spec_credits.chn1, 0x219
unc_h_wpq_cycles_no_spec_credits.chn2, 0x419
unc_h_wpq_cycles_no_spec_credits.chn3, 0x819
unc_i_address_match.merge_count, 0x217
unc_i_address_match.stall_count, 0x117
unc_i_cache_ack_pending_occupancy.any, 0x114
unc_i_cache_ack_pending_occupancy.source, 0x214
unc_i_cache_own_occupancy.any, 0x113
unc_i_cache_own_occupancy.source, 0x213
unc_i_cache_read_occupancy.any, 0x110
unc_i_cache_read_occupancy.source, 0x210
unc_i_cache_total_occupancy.any, 0x112
unc_i_cache_total_occupancy.source, 0x212
unc_i_cache_write_occupancy.any, 0x111
unc_i_cache_write_occupancy.source, 0x211
unc_i_rxr_ak_cycles_full, 0xb
unc_i_rxr_ak_inserts, 0xa
unc_i_rxr_ak_occupancy, 0xc
unc_i_rxr_bl_drs_cycles_full, 0x4
unc_i_rxr_bl_drs_inserts, 0x1
unc_i_rxr_bl_drs_occupancy, 0x7
unc_i_rxr_bl_ncb_cycles_full, 0x5
unc_i_rxr_bl_ncb_inserts, 0x2
unc_i_rxr_bl_ncb_occupancy, 0x8
unc_i_rxr_bl_ncs_cycles_full, 0x6
unc_i_rxr_bl_ncs_inserts, 0x3
unc_i_rxr_bl_ncs_occupancy, 0x9
unc_i_tickles.lost_ownership, 0x116
unc_i_tickles.top_of_queue, 0x216
unc_i_transactions.pd_prefetches, 0x415
unc_i_transactions.rd_prefetches, 0x415
unc_i_transactions.reads, 0x115
unc_i_transactions.writes, 0x215
unc_i_txr_ad_stall_credit_cycles, 0x18
unc_i_txr_bl_stall_credit_cycles, 0x19
unc_i_txr_data_inserts_ncb, 0xe
unc_i_txr_data_inserts_ncs, 0xf
unc_i_txr_request_occupancy, 0xd
unc_i_write_ordering_stall_cycles, 0x1a
unc_m_act_count.byp, 0x801
unc_m_act_count.rd, 0x101
unc_m_act_count.wr, 0x201
unc_m_byp_cmds.act, 0x1a1
unc_m_byp_cmds.cas, 0x2a1
unc_m_byp_cmds.pre, 0x4a1
unc_m_cas_count.all, 0xf04
unc_m_cas_count.rd, 0x304
unc_m_cas_count.rd_reg, 0x104
unc_m_cas_count.rd_rmm, 0x2004
unc_m_cas_count.rd_underfill, 0x204
unc_m_cas_count.rd_wmm, 0x1004
unc_m_cas_count.wr, 0xc04
unc_m_cas_count.wr_rmm, 0x804
unc_m_cas_count.wr_wmm, 0x404
unc_m_dram_pre_all, 0x6
unc_m_dram_refresh.high, 0x405
unc_m_dram_refresh.panic, 0x205
unc_m_ecc_correctable_errors, 0x9
unc_m_major_modes.isoch, 0x807
unc_m_major_modes.partial, 0x407
unc_m_major_modes.read, 0x107
unc_m_major_modes.write, 0x207
unc_m_power_channel_dlloff, 0x84
unc_m_power_channel_ppd, 0x85
unc_m_power_cke_cycles.rank0, 0x183
unc_m_power_cke_cycles.rank1, 0x283
unc_m_power_cke_cycles.rank2, 0x483
unc_m_power_cke_cycles.rank3, 0x883
unc_m_power_cke_cycles.rank4, 0x1083
unc_m_power_cke_cycles.rank5, 0x2083
unc_m_power_cke_cycles.rank6, 0x4083
unc_m_power_cke_cycles.rank7, 0x8083
unc_m_power_critical_throttle_cycles, 0x86
unc_m_power_pcu_throttling, 0x42
unc_m_power_self_refresh, 0x43
unc_m_power_throttle_cycles.rank0, 0x141
unc_m_power_throttle_cycles.rank1, 0x241
unc_m_power_throttle_cycles.rank2, 0x441
unc_m_power_throttle_cycles.rank3, 0x841
unc_m_power_throttle_cycles.rank4, 0x1041
unc_m_power_throttle_cycles.rank5, 0x2041
unc_m_power_throttle_cycles.rank6, 0x4041
unc_m_power_throttle_cycles.rank7, 0x8041
unc_m_pre_count.byp, 0x1002
unc_m_pre_count.page_close, 0x202
unc_m_pre_count.page_miss, 0x102
unc_m_pre_count.rd, 0x402
unc_m_pre_count.wr, 0x802
unc_m_preemption.rd_preempt_rd, 0x108
unc_m_preemption.rd_preempt_wr, 0x208
unc_m_rd_cas_prio.high, 0x4a0
unc_m_rd_cas_prio.low, 0x1a0
unc_m_rd_cas_prio.med, 0x2a0
unc_m_rd_cas_prio.panic, 0x8a0
unc_m_rd_cas_rank0.bank0, 0x1b0
unc_m_rd_cas_rank0.bank1, 0x2b0
unc_m_rd_cas_rank0.bank2, 0x4b0
unc_m_rd_cas_rank0.bank3, 0x8b0
unc_m_rd_cas_rank0.bank4, 0x10b0
unc_m_rd_cas_rank0.bank5, 0x20b0
unc_m_rd_cas_rank0.bank6, 0x40b0
unc_m_rd_cas_rank0.bank7, 0x80b0
unc_m_rd_cas_rank1.bank0, 0x1b1
unc_m_rd_cas_rank1.bank1, 0x2b1
unc_m_rd_cas_rank1.bank2, 0x4b1
unc_m_rd_cas_rank1.bank3, 0x8b1
unc_m_rd_cas_rank1.bank4, 0x10b1
unc_m_rd_cas_rank1.bank5, 0x20b1
unc_m_rd_cas_rank1.bank6, 0x40b1
unc_m_rd_cas_rank1.bank7, 0x80b1
unc_m_rd_cas_rank2.bank0, 0x1b2
unc_m_rd_cas_rank2.bank1, 0x2b2
unc_m_rd_cas_rank2.bank2, 0x4b2
unc_m_rd_cas_rank2.bank3, 0x8b2
unc_m_rd_cas_rank2.bank4, 0x10b2
unc_m_rd_cas_rank2.bank5, 0x20b2
unc_m_rd_cas_rank2.bank6, 0x40b2
unc_m_rd_cas_rank2.bank7, 0x80b2
unc_m_rd_cas_rank3.bank0, 0x1b3
unc_m_rd_cas_rank3.bank1, 0x2b3
unc_m_rd_cas_rank3.bank2, 0x4b3
unc_m_rd_cas_rank3.bank3, 0x8b3
unc_m_rd_cas_rank3.bank4, 0x10b3
unc_m_rd_cas_rank3.bank5, 0x20b3
unc_m_rd_cas_rank3.bank6, 0x40b3
unc_m_rd_cas_rank3.bank7, 0x80b3
unc_m_rd_cas_rank4.bank0, 0x1b4
unc_m_rd_cas_rank4.bank1, 0x2b4
unc_m_rd_cas_rank4.bank2, 0x4b4
unc_m_rd_cas_rank4.bank3, 0x8b4
unc_m_rd_cas_rank4.bank4, 0x10b4
unc_m_rd_cas_rank4.bank5, 0x20b4
unc_m_rd_cas_rank4.bank6, 0x40b4
unc_m_rd_cas_rank4.bank7, 0x80b4
unc_m_rd_cas_rank5.bank0, 0x1b5
unc_m_rd_cas_rank5.bank1, 0x2b5
unc_m_rd_cas_rank5.bank2, 0x4b5
unc_m_rd_cas_rank5.bank3, 0x8b5
unc_m_rd_cas_rank5.bank4, 0x10b5
unc_m_rd_cas_rank5.bank5, 0x20b5
unc_m_rd_cas_rank5.bank6, 0x40b5
unc_m_rd_cas_rank5.bank7, 0x80b5
unc_m_rd_cas_rank6.bank0, 0x1b6
unc_m_rd_cas_rank6.bank1, 0x2b6
unc_m_rd_cas_rank6.bank2, 0x4b6
unc_m_rd_cas_rank6.bank3, 0x8b6
unc_m_rd_cas_rank6.bank4, 0x10b6
unc_m_rd_cas_rank6.bank5, 0x20b6
unc_m_rd_cas_rank6.bank6, 0x40b6
unc_m_rd_cas_rank6.bank7, 0x80b6
unc_m_rd_cas_rank7.bank0, 0x1b7
unc_m_rd_cas_rank7.bank1, 0x2b7
unc_m_rd_cas_rank7.bank2, 0x4b7
unc_m_rd_cas_rank7.bank3, 0x8b7
unc_m_rd_cas_rank7.bank4, 0x10b7
unc_m_rd_cas_rank7.bank5, 0x20b7
unc_m_rd_cas_rank7.bank6, 0x40b7
unc_m_rd_cas_rank7.bank7, 0x80b7
unc_m_rpq_cycles_ne, 0x11
unc_m_rpq_inserts, 0x10
unc_m_vmse_mxb_wr_occupancy, 0x91
unc_m_vmse_wr_push.rmm, 0x290
unc_m_vmse_wr_push.wmm, 0x190
unc_m_wmm_to_rmm.low_thresh, 0x1c0
unc_m_wmm_to_rmm.starve, 0x2c0
unc_m_wmm_to_rmm.vmse_retry, 0x4c0
unc_m_wpq_cycles_full, 0x22
unc_m_wpq_cycles_ne, 0x21
unc_m_wpq_inserts, 0x20
unc_m_wpq_read_hit, 0x23
unc_m_wpq_write_hit, 0x24
unc_m_wr_cas_rank0.bank0, 0x1b8
unc_m_wr_cas_rank0.bank1, 0x2b8
unc_m_wr_cas_rank0.bank2, 0x4b8
unc_m_wr_cas_rank0.bank3, 0x8b8
unc_m_wr_cas_rank0.bank4, 0x10b8
unc_m_wr_cas_rank0.bank5, 0x20b8
unc_m_wr_cas_rank0.bank6, 0x40b8
unc_m_wr_cas_rank0.bank7, 0x80b8
unc_m_wr_cas_rank1.bank0, 0x1b9
unc_m_wr_cas_rank1.bank1, 0x2b9
unc_m_wr_cas_rank1.bank2, 0x4b9
unc_m_wr_cas_rank1.bank3, 0x8b9
unc_m_wr_cas_rank1.bank4, 0x10b9
unc_m_wr_cas_rank1.bank5, 0x20b9
unc_m_wr_cas_rank1.bank6, 0x40b9
unc_m_wr_cas_rank1.bank7, 0x80b9
unc_m_wr_cas_rank2.bank0, 0x1ba
unc_m_wr_cas_rank2.bank1, 0x2ba
unc_m_wr_cas_rank2.bank2, 0x4ba
unc_m_wr_cas_rank2.bank3, 0x8ba
unc_m_wr_cas_rank2.bank4, 0x10ba
unc_m_wr_cas_rank2.bank5, 0x20ba
unc_m_wr_cas_rank2.bank6, 0x40ba
unc_m_wr_cas_rank2.bank7, 0x80ba
unc_m_wr_cas_rank3.bank0, 0x1bb
unc_m_wr_cas_rank3.bank1, 0x2bb
unc_m_wr_cas_rank3.bank2, 0x4bb
unc_m_wr_cas_rank3.bank3, 0x8bb
unc_m_wr_cas_rank3.bank4, 0x10bb
unc_m_wr_cas_rank3.bank5, 0x20bb
unc_m_wr_cas_rank3.bank6, 0x40bb
unc_m_wr_cas_rank3.bank7, 0x80bb
unc_m_wr_cas_rank4.bank0, 0x1bc
unc_m_wr_cas_rank4.bank1, 0x2bc
unc_m_wr_cas_rank4.bank2, 0x4bc
unc_m_wr_cas_rank4.bank3, 0x8bc
unc_m_wr_cas_rank4.bank4, 0x10bc
unc_m_wr_cas_rank4.bank5, 0x20bc
unc_m_wr_cas_rank4.bank6, 0x40bc
unc_m_wr_cas_rank4.bank7, 0x80bc
unc_m_wr_cas_rank5.bank0, 0x1bd
unc_m_wr_cas_rank5.bank1, 0x2bd
unc_m_wr_cas_rank5.bank2, 0x4bd
unc_m_wr_cas_rank5.bank3, 0x8bd
unc_m_wr_cas_rank5.bank4, 0x10bd
unc_m_wr_cas_rank5.bank5, 0x20bd
unc_m_wr_cas_rank5.bank6, 0x40bd
unc_m_wr_cas_rank5.bank7, 0x80bd
unc_m_wr_cas_rank6.bank0, 0x1be
unc_m_wr_cas_rank6.bank1, 0x2be
unc_m_wr_cas_rank6.bank2, 0x4be
unc_m_wr_cas_rank6.bank3, 0x8be
unc_m_wr_cas_rank6.bank4, 0x10be
unc_m_wr_cas_rank6.bank5, 0x20be
unc_m_wr_cas_rank6.bank6, 0x40be
unc_m_wr_cas_rank6.bank7, 0x80be
unc_m_wr_cas_rank7.bank0, 0x1bf
unc_m_wr_cas_rank7.bank1, 0x2bf
unc_m_wr_cas_rank7.bank2, 0x4bf
unc_m_wr_cas_rank7.bank3, 0x8bf
unc_m_wr_cas_rank7.bank4, 0x10bf
unc_m_wr_cas_rank7.bank5, 0x20bf
unc_m_wr_cas_rank7.bank6, 0x40bf
unc_m_wr_cas_rank7.bank7, 0x80bf
unc_m_wrong_mm, 0xc1
unc_p_core0_transition_cycles, 0x70
unc_p_core10_transition_cycles, 0x7a
unc_p_core11_transition_cycles, 0x7b
unc_p_core12_transition_cycles, 0x7c
unc_p_core13_transition_cycles, 0x7d
unc_p_core14_transition_cycles, 0x7e
unc_p_core1_transition_cycles, 0x71
unc_p_core2_transition_cycles, 0x72
unc_p_core3_transition_cycles, 0x73
unc_p_core4_transition_cycles, 0x74
unc_p_core5_transition_cycles, 0x75
unc_p_core6_transition_cycles, 0x76
unc_p_core7_transition_cycles, 0x77
unc_p_core8_transition_cycles, 0x78
unc_p_core9_transition_cycles, 0x79
unc_p_delayed_c_state_abort_core0, 0x17
unc_p_delayed_c_state_abort_core1, 0x18
unc_p_delayed_c_state_abort_core10, 0x21
unc_p_delayed_c_state_abort_core11, 0x22
unc_p_delayed_c_state_abort_core12, 0x23
unc_p_delayed_c_state_abort_core13, 0x24
unc_p_delayed_c_state_abort_core14, 0x25
unc_p_delayed_c_state_abort_core2, 0x19
unc_p_delayed_c_state_abort_core3, 0x1a
unc_p_delayed_c_state_abort_core4, 0x1b
unc_p_delayed_c_state_abort_core5, 0x1c
unc_p_delayed_c_state_abort_core6, 0x1d
unc_p_delayed_c_state_abort_core7, 0x1e
unc_p_delayed_c_state_abort_core8, 0x1f
unc_p_delayed_c_state_abort_core9, 0x20
unc_p_demotions_core0, 0x1e
unc_p_demotions_core1, 0x1f
unc_p_demotions_core10, 0x42
unc_p_demotions_core11, 0x43
unc_p_demotions_core12, 0x44
unc_p_demotions_core13, 0x45
unc_p_demotions_core14, 0x46
unc_p_demotions_core2, 0x20
unc_p_demotions_core3, 0x21
unc_p_demotions_core4, 0x22
unc_p_demotions_core5, 0x23
unc_p_demotions_core6, 0x24
unc_p_demotions_core7, 0x25
unc_p_demotions_core8, 0x40
unc_p_demotions_core9, 0x41
unc_p_freq_band0_cycles, 0xb
unc_p_freq_band1_cycles, 0xc
unc_p_freq_band2_cycles, 0xd
unc_p_freq_band3_cycles, 0xe
unc_p_freq_max_current_cycles, 0x7
unc_p_freq_max_limit_thermal_cycles, 0x4
unc_p_freq_max_os_cycles, 0x6
unc_p_freq_max_power_cycles, 0x5
unc_p_freq_min_io_p_cycles, 0x61
unc_p_freq_min_perf_p_cycles, 0x62
unc_p_freq_trans_cycles, 0x60
unc_p_memory_phase_shedding_cycles, 0x2f
unc_p_pkg_c_exit_latency, 0x26
unc_p_pkg_c_exit_latency_sel, 0x26
unc_p_pkg_c_state_residency_c0_cycles, 0x2a
unc_p_pkg_c_state_residency_c2_cycles, 0x2b
unc_p_pkg_c_state_residency_c3_cycles, 0x2c
unc_p_pkg_c_state_residency_c6_cycles, 0x2d
unc_p_power_state_occupancy.cores_c0, 0x80
unc_p_power_state_occupancy.cores_c3, 0x80
unc_p_power_state_occupancy.cores_c6, 0x80
unc_p_prochot_external_cycles, 0xa
unc_p_prochot_internal_cycles, 0x9
unc_p_total_transition_cycles, 0x63
unc_p_volt_trans_cycles_change, 0x3
unc_p_volt_trans_cycles_decrease, 0x2
unc_p_volt_trans_cycles_increase, 0x1
unc_p_vr_hot_cycles, 0x32
unc_q_clockticks, 0x14
unc_q_cto_count, 0x38
unc_q_direct2core.failure_credits, 0x213
unc_q_direct2core.failure_credits_miss, 0x2013
unc_q_direct2core.failure_credits_rbt, 0x813
unc_q_direct2core.failure_credits_rbt_miss, 0x8013
unc_q_direct2core.failure_miss, 0x1013
unc_q_direct2core.failure_rbt_hit, 0x413
unc_q_direct2core.failure_rbt_miss, 0x4013
unc_q_direct2core.success_rbt_hit, 0x113
unc_q_l1_power_cycles, 0x12
unc_q_match_mask, 0x38
unc_q_message.drs.anydatac, 0x38
unc_q_message.drs.anyresp, 0x38
unc_q_message.drs.anyresp11flits, 0x38
unc_q_message.drs.anyresp9flits, 0x38
unc_q_message.drs.datac_e, 0x38
unc_q_message.drs.datac_e_cmp, 0x38
unc_q_message.drs.datac_e_frcackcnflt, 0x38
unc_q_message.drs.datac_f, 0x38
unc_q_message.drs.datac_f_cmp, 0x38
unc_q_message.drs.datac_f_frcackcnflt, 0x38
unc_q_message.drs.datac_m, 0x38
unc_q_message.drs.wbedata, 0x38
unc_q_message.drs.wbidata, 0x38
unc_q_message.drs.wbsdata, 0x38
unc_q_message.hom.anyreq, 0x38
unc_q_message.hom.anyresp, 0x38
unc_q_message.hom.respfwd, 0x38
unc_q_message.hom.respfwdi, 0x38
unc_q_message.hom.respfwdiwb, 0x38
unc_q_message.hom.respfwds, 0x38
unc_q_message.hom.respfwdswb, 0x38
unc_q_message.hom.respiwb, 0x38
unc_q_message.hom.respswb, 0x38
unc_q_message.ncb.anyint, 0x38
unc_q_message.ncb.anymsg, 0x38
unc_q_message.ncb.anymsg11flits, 0x38
unc_q_message.ncb.anymsg9flits, 0x38
unc_q_message.ncs.anymsg1or2flits, 0x38
unc_q_message.ncs.anymsg3flits, 0x38
unc_q_message.ncs.ncrd, 0x38
unc_q_message.ndr.anycmp, 0x38
unc_q_message.snp.anysnp, 0x38
unc_q_rxl0_power_cycles, 0xf
unc_q_rxl0p_power_cycles, 0x10
unc_q_rxl_bypassed, 0x9
unc_q_rxl_crc_errors.link_init, 0x103
unc_q_rxl_crc_errors.normal_op, 0x203
unc_q_rxl_credits_consumed_vn0.drs, 0x11e
unc_q_rxl_credits_consumed_vn0.hom, 0x81e
unc_q_rxl_credits_consumed_vn0.ncb, 0x21e
unc_q_rxl_credits_consumed_vn0.ncs, 0x41e
unc_q_rxl_credits_consumed_vn0.ndr, 0x201e
unc_q_rxl_credits_consumed_vn0.snp, 0x101e
unc_q_rxl_credits_consumed_vn1.drs, 0x139
unc_q_rxl_credits_consumed_vn1.hom, 0x839
unc_q_rxl_credits_consumed_vn1.ncb, 0x239
unc_q_rxl_credits_consumed_vn1.ncs, 0x439
unc_q_rxl_credits_consumed_vn1.ndr, 0x2039
unc_q_rxl_credits_consumed_vn1.snp, 0x1039
unc_q_rxl_credits_consumed_vna, 0x1d
unc_q_rxl_cycles_ne, 0xa
unc_q_rxl_cycles_ne_drs.vn0, 0x10f
unc_q_rxl_cycles_ne_drs.vn1, 0x20f
unc_q_rxl_cycles_ne_hom.vn0, 0x112
unc_q_rxl_cycles_ne_hom.vn1, 0x212
unc_q_rxl_cycles_ne_ncb.vn0, 0x110
unc_q_rxl_cycles_ne_ncb.vn1, 0x210
unc_q_rxl_cycles_ne_ncs.vn0, 0x111
unc_q_rxl_cycles_ne_ncs.vn1, 0x211
unc_q_rxl_cycles_ne_ndr.vn0, 0x114
unc_q_rxl_cycles_ne_ndr.vn1, 0x214
unc_q_rxl_cycles_ne_snp.vn0, 0x113
unc_q_rxl_cycles_ne_snp.vn1, 0x213
unc_q_rxl_flits_g0.data, 0x201
unc_q_rxl_flits_g0.idle, 0x101
unc_q_rxl_flits_g0.non_data, 0x401
unc_q_rxl_flits_g1.drs, 0x1802
unc_q_rxl_flits_g1.drs_data, 0x802
unc_q_rxl_flits_g1.drs_nondata, 0x1002
unc_q_rxl_flits_g1.hom, 0x602
unc_q_rxl_flits_g1.hom_nonreq, 0x402
unc_q_rxl_flits_g1.hom_req, 0x202
unc_q_rxl_flits_g1.snp, 0x102
unc_q_rxl_flits_g2.ncb, 0xc03
unc_q_rxl_flits_g2.ncb_data, 0x403
unc_q_rxl_flits_g2.ncb_nondata, 0x803
unc_q_rxl_flits_g2.ncs, 0x1003
unc_q_rxl_flits_g2.ndr_ad, 0x103
unc_q_rxl_flits_g2.ndr_ak, 0x203
unc_q_rxl_inserts, 0x8
unc_q_rxl_inserts_drs, 0x9
unc_q_rxl_inserts_drs.vn0, 0x109
unc_q_rxl_inserts_drs.vn1, 0x209
unc_q_rxl_inserts_hom, 0xc
unc_q_rxl_inserts_hom.vn0, 0x10c
unc_q_rxl_inserts_hom.vn1, 0x20c
unc_q_rxl_inserts_ncb, 0xa
unc_q_rxl_inserts_ncb.vn0, 0x10a
unc_q_rxl_inserts_ncb.vn1, 0x20a
unc_q_rxl_inserts_ncs, 0xb
unc_q_rxl_inserts_ncs.vn0, 0x10b
unc_q_rxl_inserts_ncs.vn1, 0x20b
unc_q_rxl_inserts_ndr, 0xe
unc_q_rxl_inserts_ndr.vn0, 0x10e
unc_q_rxl_inserts_ndr.vn1, 0x20e
unc_q_rxl_inserts_snp, 0xd
unc_q_rxl_inserts_snp.vn0, 0x10d
unc_q_rxl_inserts_snp.vn1, 0x20d
unc_q_rxl_occupancy, 0xb
unc_q_rxl_occupancy_drs, 0x15
unc_q_rxl_occupancy_drs.vn0, 0x115
unc_q_rxl_occupancy_drs.vn1, 0x215
unc_q_rxl_occupancy_hom, 0x18
unc_q_rxl_occupancy_hom.vn0, 0x118
unc_q_rxl_occupancy_hom.vn1, 0x218
unc_q_rxl_occupancy_ncb, 0x16
unc_q_rxl_occupancy_ncb.vn0, 0x116
unc_q_rxl_occupancy_ncb.vn1, 0x216
unc_q_rxl_occupancy_ncs, 0x17
unc_q_rxl_occupancy_ncs.vn0, 0x117
unc_q_rxl_occupancy_ncs.vn1, 0x217
unc_q_rxl_occupancy_ndr, 0x1a
unc_q_rxl_occupancy_ndr.vn0, 0x11a
unc_q_rxl_occupancy_ndr.vn1, 0x21a
unc_q_rxl_occupancy_snp, 0x19
unc_q_rxl_occupancy_snp.vn0, 0x119
unc_q_rxl_occupancy_snp.vn1, 0x219
unc_q_rxl_stalls_vn0.bgf_drs, 0x135
unc_q_rxl_stalls_vn0.bgf_hom, 0x835
unc_q_rxl_stalls_vn0.bgf_ncb, 0x235
unc_q_rxl_stalls_vn0.bgf_ncs, 0x435
unc_q_rxl_stalls_vn0.bgf_ndr, 0x2035
unc_q_rxl_stalls_vn0.bgf_snp, 0x1035
unc_q_rxl_stalls_vn0.egress_credits, 0x4035
unc_q_rxl_stalls_vn0.gv, 0x8035
unc_q_rxl_stalls_vn1.bgf_drs, 0x13a
unc_q_rxl_stalls_vn1.bgf_hom, 0x83a
unc_q_rxl_stalls_vn1.bgf_ncb, 0x23a
unc_q_rxl_stalls_vn1.bgf_ncs, 0x43a
unc_q_rxl_stalls_vn1.bgf_ndr, 0x203a
unc_q_rxl_stalls_vn1.bgf_snp, 0x103a
unc_q_txl0_power_cycles, 0xc
unc_q_txl0p_power_cycles, 0xd
unc_q_txl_bypassed, 0x5
unc_q_txl_crc_no_credits.almost_full, 0x202
unc_q_txl_crc_no_credits.full, 0x102
unc_q_txl_cycles_ne, 0x6
unc_q_txl_flits_g2.ncb, 0xc01
unc_q_txl_flits_g2.ncb_data, 0x401
unc_q_txl_flits_g2.ncb_nondata, 0x801
unc_q_txl_flits_g2.ncs, 0x1001
unc_q_txl_flits_g2.ndr_ad, 0x101
unc_q_txl_flits_g2.ndr_ak, 0x201
unc_q_txl_inserts, 0x4
unc_q_txl_occupancy, 0x7
unc_q_txr_ad_hom_credit_acquired.vn0, 0x126
unc_q_txr_ad_hom_credit_acquired.vn1, 0x226
unc_q_txr_ad_hom_credit_occupancy.vn0, 0x122
unc_q_txr_ad_hom_credit_occupancy.vn1, 0x222
unc_q_txr_ad_ndr_credit_acquired.vn0, 0x128
unc_q_txr_ad_ndr_credit_acquired.vn1, 0x228
unc_q_txr_ad_ndr_credit_occupancy.vn0, 0x124
unc_q_txr_ad_ndr_credit_occupancy.vn1, 0x224
unc_q_txr_ad_snp_credit_acquired.vn0, 0x127
unc_q_txr_ad_snp_credit_acquired.vn1, 0x227
unc_q_txr_ad_snp_credit_occupancy.vn0, 0x123
unc_q_txr_ad_snp_credit_occupancy.vn1, 0x223
unc_q_txr_ak_ndr_credit_acquired, 0x29
unc_q_txr_ak_ndr_credit_acquired.vn0, 0x129
unc_q_txr_ak_ndr_credit_acquired.vn1, 0x229
unc_q_txr_ak_ndr_credit_occupancy, 0x25
unc_q_txr_ak_ndr_credit_occupancy.vn0, 0x125
unc_q_txr_ak_ndr_credit_occupancy.vn1, 0x225
unc_q_txr_bl_drs_credit_acquired.vn0, 0x12a
unc_q_txr_bl_drs_credit_acquired.vn1, 0x22a
unc_q_txr_bl_drs_credit_acquired.vn_shr, 0x42a
unc_q_txr_bl_drs_credit_occupancy.vn0, 0x11f
unc_q_txr_bl_drs_credit_occupancy.vn1, 0x21f
unc_q_txr_bl_drs_credit_occupancy.vn_shr, 0x41f
unc_q_txr_bl_ncb_credit_acquired.vn0, 0x12b
unc_q_txr_bl_ncb_credit_acquired.vn1, 0x22b
unc_q_txr_bl_ncb_credit_occupancy.vn0, 0x120
unc_q_txr_bl_ncb_credit_occupancy.vn1, 0x220
unc_q_txr_bl_ncs_credit_acquired.vn0, 0x12c
unc_q_txr_bl_ncs_credit_acquired.vn1, 0x22c
unc_q_txr_bl_ncs_credit_occupancy.vn0, 0x121
unc_q_txr_bl_ncs_credit_occupancy.vn1, 0x221
unc_q_vna_credit_return_occupancy, 0x1b
unc_q_vna_credit_returns, 0x1c
unc_r2_clockticks, 0x1
unc_r2_iio_credits_acquired.drs, 0x833
unc_r2_iio_credits_acquired.ncb, 0x1033
unc_r2_iio_credits_acquired.ncs, 0x2033
unc_r2_iio_credits_reject.drs, 0x834
unc_r2_iio_credits_used.drs, 0x832
unc_r2_iio_credits_used.ncb, 0x1032
unc_r2_iio_credits_used.ncs, 0x2032
unc_r2_ring_ad_used.ccw, 0xcc07
unc_r2_ring_ad_used.ccw_vr0_even, 0x407
unc_r2_ring_ad_used.ccw_vr0_odd, 0x807
unc_r2_ring_ad_used.ccw_vr1_even, 0x4007
unc_r2_ring_ad_used.ccw_vr1_odd, 0x8007
unc_r2_ring_ad_used.cw, 0x3307
unc_r2_ring_ad_used.cw_vr0_even, 0x107
unc_r2_ring_ad_used.cw_vr0_odd, 0x207
unc_r2_ring_ad_used.cw_vr1_even, 0x1007
unc_r2_ring_ad_used.cw_vr1_odd, 0x2007
unc_r2_ring_ak_used.ccw, 0xcc08
unc_r2_ring_ak_used.ccw_vr0_even, 0x408
unc_r2_ring_ak_used.ccw_vr0_odd, 0x808
unc_r2_ring_ak_used.ccw_vr1_even, 0x4008
unc_r2_ring_ak_used.ccw_vr1_odd, 0x8008
unc_r2_ring_ak_used.cw, 0x3308
unc_r2_ring_ak_used.cw_vr0_even, 0x108
unc_r2_ring_ak_used.cw_vr0_odd, 0x208
unc_r2_ring_ak_used.cw_vr1_even, 0x1008
unc_r2_ring_ak_used.cw_vr1_odd, 0x2008
unc_r2_ring_bl_used.ccw, 0xcc09
unc_r2_ring_bl_used.ccw_vr0_even, 0x409
unc_r2_ring_bl_used.ccw_vr0_odd, 0x809
unc_r2_ring_bl_used.ccw_vr1_even, 0x4009
unc_r2_ring_bl_used.ccw_vr1_odd, 0x8009
unc_r2_ring_bl_used.cw, 0x3309
unc_r2_ring_bl_used.cw_vr0_even, 0x109
unc_r2_ring_bl_used.cw_vr0_odd, 0x209
unc_r2_ring_bl_used.cw_vr1_even, 0x1009
unc_r2_ring_bl_used.cw_vr1_odd, 0x2009
unc_r2_ring_iv_used.any, 0xff0a
unc_r2_ring_iv_used.ccw, 0xcc0a
unc_r2_ring_iv_used.cw, 0x330a
unc_r2_rxr_ak_bounces, 0x12
unc_r2_rxr_ak_bounces.ccw, 0x212
unc_r2_rxr_ak_bounces.cw, 0x112
unc_r2_rxr_cycles_ne.ncb, 0x1010
unc_r2_rxr_cycles_ne.ncs, 0x2010
unc_r2_rxr_inserts.ncb, 0x1011
unc_r2_rxr_inserts.ncs, 0x2011
unc_r2_rxr_occupancy.drs, 0x813
unc_r2_txr_cycles_full.ad, 0x125
unc_r2_txr_cycles_full.ak, 0x225
unc_r2_txr_cycles_full.bl, 0x425
unc_r2_txr_cycles_ne.ad, 0x123
unc_r2_txr_cycles_ne.ak, 0x223
unc_r2_txr_cycles_ne.bl, 0x423
unc_r2_txr_nack_ccw.ad, 0x128
unc_r2_txr_nack_ccw.ak, 0x228
unc_r2_txr_nack_ccw.bl, 0x428
unc_r2_txr_nack_cw.ad, 0x126
unc_r2_txr_nack_cw.ak, 0x226
unc_r2_txr_nack_cw.bl, 0x426
unc_r3_c_hi_ad_credits_empty.cbo10, 0x42c
unc_r3_c_hi_ad_credits_empty.cbo11, 0x82c
unc_r3_c_hi_ad_credits_empty.cbo12, 0x102c
unc_r3_c_hi_ad_credits_empty.cbo13, 0x202c
unc_r3_c_hi_ad_credits_empty.cbo14, 0x402c
unc_r3_c_hi_ad_credits_empty.cbo8, 0x12c
unc_r3_c_hi_ad_credits_empty.cbo9, 0x22c
unc_r3_c_lo_ad_credits_empty.cbo0, 0x12b
unc_r3_c_lo_ad_credits_empty.cbo1, 0x22b
unc_r3_c_lo_ad_credits_empty.cbo2, 0x42b
unc_r3_c_lo_ad_credits_empty.cbo3, 0x82b
unc_r3_c_lo_ad_credits_empty.cbo4, 0x102b
unc_r3_c_lo_ad_credits_empty.cbo5, 0x202b
unc_r3_c_lo_ad_credits_empty.cbo6, 0x402b
unc_r3_c_lo_ad_credits_empty.cbo7, 0x802b
unc_r3_clockticks, 0x1
unc_r3_ha_r2_bl_credits_empty.ha0, 0x12f
unc_r3_ha_r2_bl_credits_empty.ha1, 0x22f
unc_r3_ha_r2_bl_credits_empty.r2_ncb, 0x42f
unc_r3_ha_r2_bl_credits_empty.r2_ncs, 0x82f
unc_r3_qpi0_ad_credits_empty.vn0_hom, 0x229
unc_r3_qpi0_ad_credits_empty.vn0_ndr, 0x829
unc_r3_qpi0_ad_credits_empty.vn0_snp, 0x429
unc_r3_qpi0_ad_credits_empty.vn1_hom, 0x1029
unc_r3_qpi0_ad_credits_empty.vn1_ndr, 0x4029
unc_r3_qpi0_ad_credits_empty.vn1_snp, 0x2029
unc_r3_qpi0_ad_credits_empty.vna, 0x129
unc_r3_qpi0_bl_credits_empty.vn0_hom, 0x22d
unc_r3_qpi0_bl_credits_empty.vn0_ndr, 0x82d
unc_r3_qpi0_bl_credits_empty.vn0_snp, 0x42d
unc_r3_qpi0_bl_credits_empty.vn1_hom, 0x102d
unc_r3_qpi0_bl_credits_empty.vn1_ndr, 0x402d
unc_r3_qpi0_bl_credits_empty.vn1_snp, 0x202d
unc_r3_qpi0_bl_credits_empty.vna, 0x12d
unc_r3_qpi1_ad_credits_empty.vn0_hom, 0x22a
unc_r3_qpi1_ad_credits_empty.vn0_ndr, 0x82a
unc_r3_qpi1_ad_credits_empty.vn0_snp, 0x42a
unc_r3_qpi1_ad_credits_empty.vn1_hom, 0x102a
unc_r3_qpi1_ad_credits_empty.vn1_ndr, 0x402a
unc_r3_qpi1_ad_credits_empty.vn1_snp, 0x202a
unc_r3_qpi1_ad_credits_empty.vna, 0x12a
unc_r3_qpi1_bl_credits_empty.vn0_hom, 0x22e
unc_r3_qpi1_bl_credits_empty.vn0_ndr, 0x82e
unc_r3_qpi1_bl_credits_empty.vn0_snp, 0x42e
unc_r3_qpi1_bl_credits_empty.vn1_hom, 0x102e
unc_r3_qpi1_bl_credits_empty.vn1_ndr, 0x402e
unc_r3_qpi1_bl_credits_empty.vn1_snp, 0x202e
unc_r3_qpi1_bl_credits_empty.vna, 0x12e
unc_r3_ring_ad_used.ccw, 0xcc07
unc_r3_ring_ad_used.ccw_vr0_even, 0x407
unc_r3_ring_ad_used.ccw_vr0_odd, 0x807
unc_r3_ring_ad_used.cw, 0x3307
unc_r3_ring_ad_used.cw_vr0_even, 0x107
unc_r3_ring_ad_used.cw_vr0_odd, 0x207
unc_r3_ring_ak_used.ccw, 0xcc08
unc_r3_ring_ak_used.ccw_vr0_even, 0x408
unc_r3_ring_ak_used.ccw_vr0_odd, 0x808
unc_r3_ring_ak_used.cw, 0x3308
unc_r3_ring_ak_used.cw_vr0_even, 0x108
unc_r3_ring_ak_used.cw_vr0_odd, 0x208
unc_r3_ring_bl_used.ccw, 0xcc09
unc_r3_ring_bl_used.ccw_vr0_even, 0x409
unc_r3_ring_bl_used.ccw_vr0_odd, 0x809
unc_r3_ring_bl_used.cw, 0x3309
unc_r3_ring_bl_used.cw_vr0_even, 0x109
unc_r3_ring_bl_used.cw_vr0_odd, 0x209
unc_r3_ring_iv_used.any, 0xff0a
unc_r3_ring_iv_used.ccw, 0xcc0a
unc_r3_ring_iv_used.cw, 0x330a
unc_r3_rxr_ad_bypassed, 0x12
unc_r3_rxr_bypassed.ad, 0x112
unc_r3_rxr_cycles_ne.hom, 0x110
unc_r3_rxr_cycles_ne.ndr, 0x410
unc_r3_rxr_cycles_ne.snp, 0x210
unc_r3_rxr_inserts.drs, 0x811
unc_r3_rxr_inserts.hom, 0x111
unc_r3_rxr_inserts.ncb, 0x1011
unc_r3_rxr_inserts.ncs, 0x2011
unc_r3_rxr_inserts.ndr, 0x411
unc_r3_rxr_inserts.snp, 0x211
unc_r3_rxr_occupancy.drs, 0x813
unc_r3_rxr_occupancy.hom, 0x113
unc_r3_rxr_occupancy.ncb, 0x1013
unc_r3_rxr_occupancy.ncs, 0x2013
unc_r3_rxr_occupancy.ndr, 0x413
unc_r3_rxr_occupancy.snp, 0x213
unc_r3_txr_nack_ccw.ad, 0x128
unc_r3_txr_nack_ccw.ak, 0x228
unc_r3_txr_nack_ccw.bl, 0x428
unc_r3_txr_nack_cw.ad, 0x126
unc_r3_txr_nack_cw.ak, 0x226
unc_r3_txr_nack_cw.bl, 0x426
unc_r3_vn0_credits_reject.drs, 0x837
unc_r3_vn0_credits_reject.hom, 0x137
unc_r3_vn0_credits_reject.ncb, 0x1037
unc_r3_vn0_credits_reject.ncs, 0x2037
unc_r3_vn0_credits_reject.ndr, 0x437
unc_r3_vn0_credits_reject.snp, 0x237
unc_r3_vn0_credits_used.drs, 0x836
unc_r3_vn0_credits_used.hom, 0x136
unc_r3_vn0_credits_used.ncb, 0x1036
unc_r3_vn0_credits_used.ncs, 0x2036
unc_r3_vn0_credits_used.ndr, 0x436
unc_r3_vn0_credits_used.snp, 0x236
unc_r3_vn1_credits_reject.drs, 0x839
unc_r3_vn1_credits_reject.hom, 0x139
unc_r3_vn1_credits_reject.ncb, 0x1039
unc_r3_vn1_credits_reject.ncs, 0x2039
unc_r3_vn1_credits_reject.ndr, 0x439
unc_r3_vn1_credits_reject.snp, 0x239
unc_r3_vn1_credits_used.drs, 0x838
unc_r3_vn1_credits_used.hom, 0x138
unc_r3_vn1_credits_used.ncb, 0x1038
unc_r3_vn1_credits_used.ncs, 0x2038
unc_r3_vn1_credits_used.ndr, 0x438
unc_r3_vn1_credits_used.snp, 0x238
unc_r3_vna_credit_cycles_out, 0x31
unc_r3_vna_credit_cycles_used, 0x32
unc_r3_vna_credits_acquired, 0x33
unc_r3_vna_credits_acquired.ad, 0x133
unc_r3_vna_credits_acquired.bl, 0x433
unc_r3_vna_credits_reject.drs, 0x834
unc_r3_vna_credits_reject.hom, 0x134
unc_r3_vna_credits_reject.ncb, 0x1034
unc_r3_vna_credits_reject.ncs, 0x2034
unc_r3_vna_credits_reject.ndr, 0x434
unc_r3_vna_credits_reject.snp, 0x234
unc_u_event_msg.doorbell_rcvd, 0x842
unc_u_event_msg.int_prio, 0x1042
unc_u_event_msg.ipi_rcvd, 0x442
unc_u_event_msg.msi_rcvd, 0x242
unc_u_event_msg.vlw_rcvd, 0x142
unc_u_filter_match.disable, 0x241
unc_u_filter_match.enable, 0x141
unc_u_filter_match.u2c_disable, 0x841
unc_u_filter_match.u2c_enable, 0x441
unc_u_lock_cycles, 0x44
unc_u_phold_cycles.assert_to_ack, 0x145
unc_u_racu_requests, 0x46
unc_u_u2c_events.cmc, 0x1043
unc_u_u2c_events.livelock, 0x443
unc_u_u2c_events.lterror, 0x843
unc_u_u2c_events.monitor_t0, 0x143
unc_u_u2c_events.monitor_t1, 0x243
unc_u_u2c_events.other, 0x8043
unc_u_u2c_events.trap, 0x4043
unc_u_u2c_events.umc, 0x2043
uops_dispatched_port.port_0, 0x1a1
uops_dispatched_port.port_0_core, 0x1a1
uops_dispatched_port.port_1, 0x2a1
uops_dispatched_port.port_1_core, 0x2a1
uops_dispatched_port.port_2, 0xca1
uops_dispatched_port.port_2_core, 0xca1
uops_dispatched_port.port_3, 0x30a1
uops_dispatched_port.port_3_core, 0x30a1
uops_dispatched_port.port_4, 0x40a1
uops_dispatched_port.port_4_core, 0x40a1
uops_dispatched_port.port_5, 0x80a1
uops_dispatched_port.port_5_core, 0x80a1
uops_executed.core, 0x2b1
uops_executed.core_cycles_ge_1, 0x2b1
uops_executed.core_cycles_ge_2, 0x2b1
uops_executed.core_cycles_ge_3, 0x2b1
uops_executed.core_cycles_ge_4, 0x2b1
uops_executed.core_cycles_none, 0x2b1
uops_executed.cycles_ge_1_uop_exec, 0x1b1
uops_executed.cycles_ge_2_uops_exec, 0x1b1
uops_executed.cycles_ge_3_uops_exec, 0x1b1
uops_executed.cycles_ge_4_uops_exec, 0x1b1
uops_executed.stall_cycles, 0x1b1
uops_executed.thread, 0x1b1
uops_issued.any, 0x10e
uops_issued.core_stall_cycles, 0x10e
uops_issued.flags_merge, 0x100e
uops_issued.single_mul, 0x400e
uops_issued.slow_lea, 0x200e
uops_issued.stall_cycles, 0x10e
uops_retired.all, 0x1c2
uops_retired.core_stall_cycles, 0x1c2
uops_retired.retire_slots, 0x2c2
uops_retired.stall_cycles, 0x1c2
uops_retired.total_cycles, 0x1c2
