arith.div_active, 0x3cd
arith.fpdiv_active, 0x2cd
baclears.any, 0x1e6
br_inst_retired.all_branches, 0xc4
br_inst_retired.cond, 0x7ec4
br_inst_retired.cond_taken, 0xfec4
br_inst_retired.far_branch, 0xbfc4
br_inst_retired.ind_call, 0xfbc4
br_inst_retired.indirect, 0xebc4
br_inst_retired.indirect_call, 0xfbc4
br_inst_retired.indirect_jmp, 0xefc4
br_inst_retired.near_call, 0xf9c4
br_inst_retired.near_return, 0xf7c4
br_inst_retired.near_taken, 0xc0c4
br_inst_retired.rel_call, 0xfdc4
br_inst_retired.rel_jmp, 0xdfc4
br_misp_retired.all_branches, 0xc5
br_misp_retired.cond, 0x7ec5
br_misp_retired.cond_taken, 0xfec5
br_misp_retired.indirect, 0xebc5
br_misp_retired.indirect_call, 0xfbc5
br_misp_retired.indirect_jmp, 0xefc5
br_misp_retired.near_taken, 0x80c5
br_misp_retired.return, 0xf7c5
cpu_clk_unhalted.core_p, 0x3c
cpu_clk_unhalted.ref_tsc_p, 0x13c
cpu_clk_unhalted.thread_p, 0x3c
dl1.dirty_eviction, 0x151
dtlb_load_misses.stlb_hit, 0x2008
dtlb_load_misses.walk_completed, 0xe08
dtlb_load_misses.walk_completed_2m_4m, 0x408
dtlb_load_misses.walk_completed_4k, 0x208
dtlb_load_misses.walk_pending, 0x1008
dtlb_store_misses.stlb_hit, 0x2049
dtlb_store_misses.walk_completed, 0xe49
dtlb_store_misses.walk_completed_2m_4m, 0x449
dtlb_store_misses.walk_completed_4k, 0x249
dtlb_store_misses.walk_pending, 0x1049
fp_flops_retired.all, 0x3c8
fp_flops_retired.dp, 0x1c8
fp_flops_retired.fp32, 0x2c8
fp_flops_retired.fp64, 0x1c8
fp_flops_retired.sp, 0x2c8
fp_inst_retired.128b_dp, 0x8c7
fp_inst_retired.128b_sp, 0x4c7
fp_inst_retired.256b_dp, 0x20c7
fp_inst_retired.32b_sp, 0x1c7
fp_inst_retired.64b_dp, 0x2c7
frontend_retired.all, 0xc6
frontend_retired.branch_detect, 0x2c6
frontend_retired.branch_resteer, 0x40c6
frontend_retired.cisc, 0x1c6
frontend_retired.decode, 0x8c6
frontend_retired.icache, 0x20c6
frontend_retired.itlb_miss, 0x10c6
frontend_retired.other, 0x80c6
frontend_retired.predecode, 0x4c6
icache.accesses, 0x380
icache.misses, 0x280
inst_retired.any_p, 0xc0
itlb_misses.miss_caused_walk, 0x185
itlb_misses.stlb_hit, 0x2085
itlb_misses.walk_completed, 0xe85
itlb_misses.walk_completed_2m_4m, 0x485
itlb_misses.walk_completed_4k, 0x285
itlb_misses.walk_pending, 0x1085
l2_lines_in.e, 0x425
l2_lines_in.f, 0x1025
l2_lines_in.m, 0x825
l2_lines_in.s, 0x225
l2_lines_out.non_silent, 0x226
l2_lines_out.silent, 0x126
l2_request.hit, 0x224
l2_request.miss, 0x124
l2_request.rejects, 0x424
lbr_inserts.any, 0x1e4
ld_blocks.address_alias, 0x403
ld_blocks.data_unknown, 0x103
ld_blocks.store_forward, 0x203
ld_head.any_at_ret, 0xff05
ld_head.dtlb_miss_at_ret, 0x9005
ld_head.l1_bound_at_ret, 0xf405
ld_head.l1_miss_at_ret, 0x8105
ld_head.other_at_ret, 0xc005
ld_head.pgwalk_at_ret, 0xa005
ld_head.st_addr_at_ret, 0x8405
longest_lat_cache.miss, 0x412e
longest_lat_cache.reference, 0x4f2e
machine_clears.disambiguation, 0x8c3
machine_clears.fp_assist, 0x4c3
machine_clears.memory_ordering, 0x2c3
machine_clears.page_fault, 0x20c3
machine_clears.slow, 0x6fc3
machine_clears.smc, 0x1c3
mem_bound_stalls_ifetch.all, 0x7f35
mem_bound_stalls_ifetch.l2_hit, 0x135
mem_bound_stalls_ifetch.llc_hit, 0x635
mem_bound_stalls_ifetch.llc_miss, 0x7835
mem_bound_stalls_load.all, 0x7f34
mem_bound_stalls_load.l2_hit, 0x134
mem_bound_stalls_load.llc_hit, 0x634
mem_bound_stalls_load.llc_hit_nosnoop, 0x234
mem_bound_stalls_load.llc_miss, 0x7834
mem_bound_stalls_load.sbfull, 0x8034
mem_load_uops_l3_miss_retired.all, 0xffd3
mem_load_uops_l3_miss_retired.local_dram, 0x1d3
mem_load_uops_l3_miss_retired.remote_dram_or_nofwd, 0x2d3
mem_load_uops_l3_miss_retired.remote_fwd_hitm, 0x8d3
mem_load_uops_l3_miss_retired.remote_fwd_nonm, 0x4d3
mem_load_uops_retired.l1_hit, 0x1d1
mem_load_uops_retired.l1_miss, 0x40d1
mem_load_uops_retired.l2_hit, 0x2d1
mem_load_uops_retired.l2_miss, 0x80d1
mem_load_uops_retired.l3_hit, 0x1cd1
mem_load_uops_retired.wcb_hit, 0x20d1
mem_scheduler_block.all, 0x704
mem_scheduler_block.ld_buf, 0x204
mem_scheduler_block.rsv, 0x404
mem_scheduler_block.st_buf, 0x104
mem_uops_retired.all_loads, 0x81d0
mem_uops_retired.all_stores, 0x82d0
mem_uops_retired.load_latency_gt_1024, 0x5d0, 0x400
mem_uops_retired.load_latency_gt_128, 0x5d0, 0x80
mem_uops_retired.load_latency_gt_16, 0x5d0, 0x10
mem_uops_retired.load_latency_gt_2048, 0x5d0, 0x800
mem_uops_retired.load_latency_gt_256, 0x5d0, 0x100
mem_uops_retired.load_latency_gt_32, 0x5d0, 0x20
mem_uops_retired.load_latency_gt_4, 0x5d0, 0x4
mem_uops_retired.load_latency_gt_512, 0x5d0, 0x200
mem_uops_retired.load_latency_gt_64, 0x5d0, 0x40
mem_uops_retired.load_latency_gt_8, 0x5d0, 0x8
mem_uops_retired.lock_loads, 0x21d0
mem_uops_retired.split, 0x43d0
mem_uops_retired.split_loads, 0x41d0
mem_uops_retired.split_stores, 0x42d0
mem_uops_retired.stlb_miss, 0x13d0
mem_uops_retired.stlb_miss_loads, 0x11d0
mem_uops_retired.stlb_miss_stores, 0x12d0
mem_uops_retired.store_latency, 0x6d0
misalign_mem_ref.load_page_split, 0x213
misalign_mem_ref.store_page_split, 0x413
misc_retired.lbr_inserts, 0x1e4
misc_retired1.cl_inst, 0xffe0
misc_retired1.lfence, 0x2e0
misc_retired2.keylocker_access, 0x10e1
misc_retired2.keylocker_miss, 0x11e1
ms_decoded.ms_busy, 0x4e7
ocr.demand_data_rd.any_response, 0x1b7, 0x10001
ocr.demand_data_rd.l3_hit.snoop_hit_with_fwd, 0x1b7, 0x8003c0001
ocr.demand_data_rd.l3_hit.snoop_hitm, 0x1b7, 0x10003c0001
ocr.demand_data_rd.l3_miss, 0x1b7, 0x3fbfc00001
ocr.demand_data_rd.local_dram, 0x1b7, 0x184000001
ocr.demand_data_rd.remote_dram, 0x1b7, 0x730000001
ocr.demand_rfo.any_response, 0x1b7, 0x10002
ocr.demand_rfo.l3_hit.snoop_hitm, 0x1b7, 0x10003c0002
ocr.demand_rfo.l3_miss, 0x1b7, 0x3fbfc00002
ocr.streaming_wr.any_response, 0x1b7, 0x10800
serialization.c01_ms_scb, 0x475
topdown_bad_speculation.all, 0x73
topdown_bad_speculation.all_p, 0x73
topdown_bad_speculation.fastnuke, 0x273
topdown_bad_speculation.machine_clears, 0x373
topdown_bad_speculation.mispredict, 0x473
topdown_bad_speculation.nuke, 0x173
topdown_be_bound.all, 0x74
topdown_be_bound.all_p, 0x74
topdown_be_bound.alloc_restrictions, 0x174
topdown_be_bound.mem_scheduler, 0x274
topdown_be_bound.non_mem_scheduler, 0x874
topdown_be_bound.register, 0x2074
topdown_be_bound.reorder_buffer, 0x4074
topdown_be_bound.serialization, 0x1074
topdown_fe_bound.all, 0x71
topdown_fe_bound.all_p, 0x71
topdown_fe_bound.branch_detect, 0x271
topdown_fe_bound.branch_resteer, 0x4071
topdown_fe_bound.cisc, 0x171
topdown_fe_bound.decode, 0x871
topdown_fe_bound.frontend_bandwidth, 0x8d71
topdown_fe_bound.frontend_latency, 0x7271
topdown_fe_bound.icache, 0x2071
topdown_fe_bound.itlb, 0x1071
topdown_fe_bound.itlb_miss, 0x1071
topdown_fe_bound.other, 0x8071
topdown_fe_bound.predecode, 0x471
topdown_retiring.all, 0x72
topdown_retiring.all_p, 0x72
unc_b2cmi_clockticks, 0x1
unc_b2cmi_direct2core_not_taken_dirstate, 0x117
unc_b2cmi_direct2core_taken, 0x116
unc_b2cmi_direct2core_txn_override, 0x118
unc_b2cmi_direct2upi_not_taken_credits, 0x11b
unc_b2cmi_direct2upi_not_taken_credits.egress, 0x11b
unc_b2cmi_direct2upi_not_taken_dirstate, 0x11a
unc_b2cmi_direct2upi_not_taken_dirstate.egress, 0x11a
unc_b2cmi_direct2upi_taken, 0x119
unc_b2cmi_direct2upi_txn_override, 0x11c
unc_b2cmi_directory_hit.clean, 0x381d
unc_b2cmi_directory_hit.clean_a, 0x201d
unc_b2cmi_directory_hit.clean_i, 0x81d
unc_b2cmi_directory_hit.clean_s, 0x101d
unc_b2cmi_directory_hit.dirty, 0x71d
unc_b2cmi_directory_hit.dirty_a, 0x41d
unc_b2cmi_directory_hit.dirty_i, 0x11d
unc_b2cmi_directory_hit.dirty_s, 0x21d
unc_b2cmi_directory_lookup.any, 0x120
unc_b2cmi_directory_lookup.state_a, 0x820
unc_b2cmi_directory_lookup.state_i, 0x220
unc_b2cmi_directory_lookup.state_s, 0x420
unc_b2cmi_directory_miss.clean, 0x381e
unc_b2cmi_directory_miss.clean_a, 0x201e
unc_b2cmi_directory_miss.clean_i, 0x81e
unc_b2cmi_directory_miss.clean_s, 0x101e
unc_b2cmi_directory_miss.dirty, 0x71e
unc_b2cmi_directory_miss.dirty_a, 0x41e
unc_b2cmi_directory_miss.dirty_i, 0x11e
unc_b2cmi_directory_miss.dirty_s, 0x21e
unc_b2cmi_directory_update.a2i, 0x32021
unc_b2cmi_directory_update.a2s, 0x34021
unc_b2cmi_directory_update.any, 0x30121
unc_b2cmi_directory_update.hit_any, 0x10121
unc_b2cmi_directory_update.hit_x2a, 0x11421
unc_b2cmi_directory_update.hit_x2i, 0x12821
unc_b2cmi_directory_update.hit_x2s, 0x14221
unc_b2cmi_directory_update.i2a, 0x30421
unc_b2cmi_directory_update.i2s, 0x30221
unc_b2cmi_directory_update.miss_x2a, 0x21421
unc_b2cmi_directory_update.miss_x2i, 0x22821
unc_b2cmi_directory_update.miss_x2s, 0x24221
unc_b2cmi_directory_update.s2a, 0x31021
unc_b2cmi_directory_update.s2i, 0x30821
unc_b2cmi_directory_update.x2a, 0x31421
unc_b2cmi_directory_update.x2i, 0x32821
unc_b2cmi_directory_update.x2s, 0x34221
unc_b2cmi_imc_reads.all, 0x10424
unc_b2cmi_imc_reads.normal, 0x10124
unc_b2cmi_imc_reads.to_ddr_as_cache, 0x11024
unc_b2cmi_imc_reads.to_ddr_as_mem, 0x10824
unc_b2cmi_imc_writes.all, 0x11025
unc_b2cmi_imc_writes.full, 0x10125
unc_b2cmi_imc_writes.ni, 0x25
unc_b2cmi_imc_writes.ni_miss, 0x25
unc_b2cmi_imc_writes.partial, 0x10225
unc_b2cmi_imc_writes.to_ddr_as_cache, 0x14025
unc_b2cmi_imc_writes.to_ddr_as_mem, 0x12025
unc_b2cmi_prefcam_inserts.ch0_upi, 0x256
unc_b2cmi_prefcam_inserts.ch0_xpt, 0x156
unc_b2cmi_prefcam_inserts.upi_allch, 0x256
unc_b2cmi_prefcam_inserts.xpt_allch, 0x156
unc_b2cmi_prefcam_occupancy.ch0, 0x154
unc_b2cmi_tag_hit.all, 0xf1f
unc_b2cmi_tag_hit.rd_clean, 0x11f
unc_b2cmi_tag_hit.rd_dirty, 0x21f
unc_b2cmi_tag_hit.wr_clean, 0x41f
unc_b2cmi_tag_hit.wr_dirty, 0x81f
unc_b2cmi_tag_miss.clean, 0x54b
unc_b2cmi_tag_miss.dirty, 0xa4b
unc_b2cmi_tag_miss.rd_2way, 0x104b
unc_b2cmi_tag_miss.rd_clean, 0x14b
unc_b2cmi_tag_miss.rd_dirty, 0x24b
unc_b2cmi_tag_miss.wr_2way, 0x204b
unc_b2cmi_tag_miss.wr_clean, 0x44b
unc_b2cmi_tag_miss.wr_dirty, 0x84b
unc_b2cmi_tracker_inserts.ch0, 0x10432
unc_b2cmi_tracker_occupancy.ch0, 0x133
unc_b2cmi_wr_tracker_inserts.ch0, 0x140
unc_b2cxl_clockticks, 0x1
unc_b2hot_clockticks, 0x101
unc_b2upi_clockticks, 0x1
unc_cha_clockticks, 0x1
unc_cha_dir_lookup.no_snp, 0x253
unc_cha_dir_lookup.snp, 0x153
unc_cha_dir_update.ha, 0x154
unc_cha_dir_update.tor, 0x254
unc_cha_distress_asserted.dpt_any, 0x359
unc_cha_distress_asserted.dpt_irq, 0x159
unc_cha_distress_asserted.dpt_tor, 0x259
unc_cha_imc_writes_count.full, 0x15b
unc_cha_imc_writes_count.full_priority, 0x45b
unc_cha_imc_writes_count.partial, 0x25b
unc_cha_imc_writes_count.partial_priority, 0x85b
unc_cha_llc_lookup.all_remote, 0x17e0ff34
unc_cha_llc_lookup.code, 0x1bd0ff34
unc_cha_llc_lookup.data_rd, 0x1bc1ff34
unc_cha_llc_lookup.data_read_all, 0x1fc1ff34
unc_cha_llc_lookup.data_read_local, 0x841ff34
unc_cha_llc_lookup.data_read_miss, 0x1fc10134
unc_cha_llc_lookup.local_code, 0x19d0ff34
unc_cha_llc_lookup.local_data_rd, 0x19c1ff34
unc_cha_llc_lookup.local_dmnd_code, 0x1850ff34
unc_cha_llc_lookup.local_dmnd_data_rd, 0x1841ff34
unc_cha_llc_lookup.local_dmnd_rfo, 0x1848ff34
unc_cha_llc_lookup.local_llc_pf, 0x189dff34
unc_cha_llc_lookup.local_pf, 0x199dff34
unc_cha_llc_lookup.local_pf_code, 0x1910ff34
unc_cha_llc_lookup.local_pf_data_rd, 0x1981ff34
unc_cha_llc_lookup.local_pf_rfo, 0x1908ff34
unc_cha_llc_lookup.local_rfo, 0x19c8ff34
unc_cha_llc_lookup.locally_homed_address, 0xbdfff34
unc_cha_llc_lookup.remote_code, 0x1a10ff34
unc_cha_llc_lookup.remote_data_rd, 0x1a01ff34
unc_cha_llc_lookup.remote_rfo, 0x1a08ff34
unc_cha_llc_lookup.remote_snp, 0x1c19ff34
unc_cha_llc_lookup.remotely_homed_address, 0x15dfff34
unc_cha_llc_lookup.rfo, 0x1bc8ff34
unc_cha_llc_lookup.rfo_local, 0x9c8ff34
unc_cha_llc_lookup.write_local, 0x842ff34
unc_cha_llc_lookup.write_remote, 0x17c2ff34
unc_cha_llc_victims.all, 0xf37
unc_cha_llc_victims.ia, 0x2037
unc_cha_llc_victims.io, 0x1037
unc_cha_llc_victims.local_all, 0x200f37
unc_cha_llc_victims.local_e, 0x200237
unc_cha_llc_victims.local_f, 0x200837
unc_cha_llc_victims.local_m, 0x200137
unc_cha_llc_victims.local_s, 0x200437
unc_cha_llc_victims.remote_all, 0x800f37
unc_cha_llc_victims.remote_e, 0x800237
unc_cha_llc_victims.remote_m, 0x800137
unc_cha_llc_victims.remote_s, 0x800437
unc_cha_llc_victims.total_e, 0x237
unc_cha_llc_victims.total_m, 0x137
unc_cha_llc_victims.total_s, 0x437
unc_cha_misc.rfo_hit_s, 0x839
unc_cha_osb.local_invitoe, 0x155
unc_cha_osb.local_read, 0x255
unc_cha_osb.off_pwrheuristic, 0x2055
unc_cha_osb.remote_read, 0x455
unc_cha_osb.rfo_hits_snp_bcast, 0x1055
unc_cha_remote_sf.alloc_exclusive, 0x1069
unc_cha_remote_sf.alloc_shared, 0x869
unc_cha_remote_sf.dealloc_evctcln, 0x4069
unc_cha_remote_sf.dirbacked_only, 0x69
unc_cha_remote_sf.hit_exclusive, 0x269
unc_cha_remote_sf.hit_shared, 0x169
unc_cha_remote_sf.inclusive_only, 0x69
unc_cha_remote_sf.miss, 0x469
unc_cha_remote_sf.update_exclusive, 0x69
unc_cha_remote_sf.update_shared, 0x8069
unc_cha_remote_sf.victim_exclusive, 0x69
unc_cha_remote_sf.victim_shared, 0x69
unc_cha_requests.invitoe, 0x3050
unc_cha_requests.invitoe_local, 0x1050
unc_cha_requests.invitoe_remote, 0x2050
unc_cha_requests.reads, 0x350
unc_cha_requests.reads_local, 0x150
unc_cha_requests.reads_remote, 0x250
unc_cha_requests.writes, 0xc50
unc_cha_requests.writes_local, 0x450
unc_cha_requests.writes_remote, 0x850
unc_cha_rxc_inserts.irq, 0x113
unc_cha_rxc_occupancy.irq, 0x111
unc_cha_sf_eviction.e_state, 0x23d
unc_cha_sf_eviction.m_state, 0x13d
unc_cha_sf_eviction.s_state, 0x43d
unc_cha_tor_inserts.all, 0xc001ffff35
unc_cha_tor_inserts.cxl_hit_clflush, 0x78c8c7fd2035
unc_cha_tor_inserts.cxl_hit_fsrdcur, 0x78c8effd2035
unc_cha_tor_inserts.cxl_hit_fsrdcurptl, 0x78c9effd2035
unc_cha_tor_inserts.cxl_hit_itom, 0x78cc47fd2035
unc_cha_tor_inserts.cxl_hit_itomwr, 0x78cc4ffd2035
unc_cha_tor_inserts.cxl_hit_mempushwr, 0x78cc6ffd2035
unc_cha_tor_inserts.cxl_hit_wcil, 0x78c86ffd2035
unc_cha_tor_inserts.cxl_hit_wcilf, 0x78c867fd2035
unc_cha_tor_inserts.cxl_hit_wil, 0x78c87ffd2035
unc_cha_tor_inserts.cxl_miss_clflush, 0x78c8c7fe2035
unc_cha_tor_inserts.cxl_miss_fsrdcur, 0x78c8effe2035
unc_cha_tor_inserts.cxl_miss_fsrdcurptl, 0x78c9effe2035
unc_cha_tor_inserts.cxl_miss_itom, 0x78cc47fe2035
unc_cha_tor_inserts.cxl_miss_itomwr, 0x78cc4ffe2035
unc_cha_tor_inserts.cxl_miss_mempushwr, 0x78cc6ffe2035
unc_cha_tor_inserts.cxl_miss_wcil, 0x78c86ffe2035
unc_cha_tor_inserts.cxl_miss_wcilf, 0x78c867fe2035
unc_cha_tor_inserts.cxl_miss_wil, 0x78c87ffe2035
unc_cha_tor_inserts.ia, 0xc001ff0135
unc_cha_tor_inserts.ia_clflush, 0xc8c7ff0135
unc_cha_tor_inserts.ia_clflushopt, 0xc8d7ff0135
unc_cha_tor_inserts.ia_crd, 0xc80fff0135
unc_cha_tor_inserts.ia_crd_pref, 0xc88fff0135
unc_cha_tor_inserts.ia_drd_opt, 0xc827ff0135
unc_cha_tor_inserts.ia_drd_opt_pref, 0xc8a7ff0135
unc_cha_tor_inserts.ia_hit, 0xc001fd0135
unc_cha_tor_inserts.ia_hit_crd, 0xc80ffd0135
unc_cha_tor_inserts.ia_hit_crd_pref, 0xc88ffd0135
unc_cha_tor_inserts.ia_hit_cxl_acc, 0x10c001810135
unc_cha_tor_inserts.ia_hit_drd_opt, 0xc827fd0135
unc_cha_tor_inserts.ia_hit_drd_opt_pref, 0xc8a7fd0135
unc_cha_tor_inserts.ia_hit_itom, 0xcc47fd0135
unc_cha_tor_inserts.ia_hit_llcprefcode, 0xcccffd0135
unc_cha_tor_inserts.ia_hit_llcprefdata, 0xccd7fd0135
unc_cha_tor_inserts.ia_hit_llcprefrfo, 0xccc7fd0135
unc_cha_tor_inserts.ia_hit_rfo, 0xc807fd0135
unc_cha_tor_inserts.ia_hit_rfo_pref, 0xc887fd0135
unc_cha_tor_inserts.ia_itom, 0xcc47ff0135
unc_cha_tor_inserts.ia_itomcachenear, 0xcd47ff0135
unc_cha_tor_inserts.ia_llcprefcode, 0xcccfff0135
unc_cha_tor_inserts.ia_llcprefdata, 0xccd7ff0135
unc_cha_tor_inserts.ia_llcprefrfo, 0xccc7ff0135
unc_cha_tor_inserts.ia_miss, 0xc001fe0135
unc_cha_tor_inserts.ia_miss_crd, 0xc80ffe0135
unc_cha_tor_inserts.ia_miss_crd_local, 0xc80efe0135
unc_cha_tor_inserts.ia_miss_crd_pref, 0xc88ffe0135
unc_cha_tor_inserts.ia_miss_crd_pref_local, 0xc88efe0135
unc_cha_tor_inserts.ia_miss_crd_pref_remote, 0xc88f7e0135
unc_cha_tor_inserts.ia_miss_crd_remote, 0xc80f7e0135
unc_cha_tor_inserts.ia_miss_cxl_acc, 0x10c001820135
unc_cha_tor_inserts.ia_miss_drd_cxl_acc, 0x10c817820135
unc_cha_tor_inserts.ia_miss_drd_opt, 0xc827fe0135
unc_cha_tor_inserts.ia_miss_drd_opt_local, 0xc826fe0135
unc_cha_tor_inserts.ia_miss_drd_opt_pref, 0xc8a7fe0135
unc_cha_tor_inserts.ia_miss_drd_opt_pref_local, 0xc8a6fe0135
unc_cha_tor_inserts.ia_miss_drd_opt_pref_remote, 0xc8a77e0135
unc_cha_tor_inserts.ia_miss_drd_opt_remote, 0xc8277e0135
unc_cha_tor_inserts.ia_miss_drd_pref_cxl_acc, 0x10c897820135
unc_cha_tor_inserts.ia_miss_itom, 0xcc47fe0135
unc_cha_tor_inserts.ia_miss_llcprefcode, 0xcccffe0135
unc_cha_tor_inserts.ia_miss_llcprefdata, 0xccd7fe0135
unc_cha_tor_inserts.ia_miss_llcprefdata_cxl_acc, 0x10ccd7820135
unc_cha_tor_inserts.ia_miss_llcprefrfo, 0xccc7fe0135
unc_cha_tor_inserts.ia_miss_llcprefrfo_cxl_acc, 0x10c887820135
unc_cha_tor_inserts.ia_miss_local_wcil_ddr, 0xc86e860135
unc_cha_tor_inserts.ia_miss_local_wcil_pmm, 0xc86e8a0135
unc_cha_tor_inserts.ia_miss_local_wcilf_ddr, 0xc866860135
unc_cha_tor_inserts.ia_miss_local_wcilf_pmm, 0xc8668a0135
unc_cha_tor_inserts.ia_miss_remote_wcil_ddr, 0xc86f060135
unc_cha_tor_inserts.ia_miss_remote_wcil_pmm, 0xc86f0a0135
unc_cha_tor_inserts.ia_miss_remote_wcilf_ddr, 0xc867060135
unc_cha_tor_inserts.ia_miss_remote_wcilf_pmm, 0xc8670a0135
unc_cha_tor_inserts.ia_miss_rfo, 0xc807fe0135
unc_cha_tor_inserts.ia_miss_rfo_cxl_acc, 0x10c807820135
unc_cha_tor_inserts.ia_miss_rfo_local, 0xc806fe0135
unc_cha_tor_inserts.ia_miss_rfo_pref, 0xc887fe0135
unc_cha_tor_inserts.ia_miss_rfo_pref_cxl_acc, 0x10ccc7820135
unc_cha_tor_inserts.ia_miss_rfo_pref_local, 0xc886fe0135
unc_cha_tor_inserts.ia_miss_rfo_pref_remote, 0xc8877e0135
unc_cha_tor_inserts.ia_miss_rfo_remote, 0xc8077e0135
unc_cha_tor_inserts.ia_miss_ucrdf, 0xc877de0135
unc_cha_tor_inserts.ia_miss_wcil, 0xc86ffe0135
unc_cha_tor_inserts.ia_miss_wcil_ddr, 0xc86f860135
unc_cha_tor_inserts.ia_miss_wcil_pmm, 0xc86f8a0135
unc_cha_tor_inserts.ia_miss_wcilf, 0xc867fe0135
unc_cha_tor_inserts.ia_miss_wcilf_ddr, 0xc867860135
unc_cha_tor_inserts.ia_miss_wcilf_pmm, 0xc8678a0135
unc_cha_tor_inserts.ia_miss_wil, 0xc87fde0135
unc_cha_tor_inserts.ia_rfo, 0xc807ff0135
unc_cha_tor_inserts.ia_rfo_pref, 0xc887ff0135
unc_cha_tor_inserts.ia_specitom, 0xcc57ff0135
unc_cha_tor_inserts.ia_wbeftoe, 0xcc3fff0135
unc_cha_tor_inserts.ia_wbeftoi, 0xcc37ff0135
unc_cha_tor_inserts.ia_wbmtoe, 0xcc2fff0135
unc_cha_tor_inserts.ia_wbmtoi, 0xcc27ff0135
unc_cha_tor_inserts.ia_wbstoi, 0xcc67ff0135
unc_cha_tor_inserts.ia_wcil, 0xc86fff0135
unc_cha_tor_inserts.ia_wcilf, 0xc867ff0135
unc_cha_tor_inserts.io, 0xc001ff0435
unc_cha_tor_inserts.io_clflush, 0xc8c3ff0435
unc_cha_tor_inserts.io_hit, 0xc001fd0435
unc_cha_tor_inserts.io_hit_itom, 0xcc43fd0435
unc_cha_tor_inserts.io_hit_itomcachenear, 0xcd43fd0435
unc_cha_tor_inserts.io_hit_pcirdcur, 0xc8f3fd0435
unc_cha_tor_inserts.io_hit_rfo, 0xc803fd0435
unc_cha_tor_inserts.io_itom, 0xcc43ff0435
unc_cha_tor_inserts.io_itom_local, 0xcc42ff0435
unc_cha_tor_inserts.io_itom_remote, 0xcc437f0435
unc_cha_tor_inserts.io_itomcachenear, 0xcd43ff0435
unc_cha_tor_inserts.io_itomcachenear_local, 0xcd42ff0435
unc_cha_tor_inserts.io_itomcachenear_remote, 0xcd437f0435
unc_cha_tor_inserts.io_miss, 0xc001fe0435
unc_cha_tor_inserts.io_miss_itom, 0xcc43fe0435
unc_cha_tor_inserts.io_miss_itomcachenear, 0xcd43fe0435
unc_cha_tor_inserts.io_miss_pcirdcur, 0xc8f3fe0435
unc_cha_tor_inserts.io_miss_rfo, 0xc803fe0435
unc_cha_tor_inserts.io_pcirdcur, 0xc8f3ff0435
unc_cha_tor_inserts.io_pcirdcur_local, 0xc8f2ff0435
unc_cha_tor_inserts.io_pcirdcur_remote, 0xc8f37f0435
unc_cha_tor_inserts.io_rfo, 0xc803ff0435
unc_cha_tor_inserts.io_wbmtoi, 0xcc23ff0435
unc_cha_tor_inserts.llc_or_sf_evictions, 0xc001ff0235
unc_cha_tor_inserts.loc_all, 0xc000ff0535
unc_cha_tor_inserts.loc_ia, 0xc000ff0135
unc_cha_tor_inserts.loc_io, 0xc000ff0435
unc_cha_tor_inserts.rem_all, 0xc001ffc835
unc_cha_tor_inserts.rem_snps, 0xc001ff0835
unc_cha_tor_occupancy.all, 0xc001ffff36
unc_cha_tor_occupancy.cxl_hit_clflush, 0x78c8c7fd2036
unc_cha_tor_occupancy.cxl_hit_fsrdcur, 0x78c8effd2036
unc_cha_tor_occupancy.cxl_hit_fsrdcurptl, 0x78c9effd2036
unc_cha_tor_occupancy.cxl_hit_itom, 0x78cc47fd2036
unc_cha_tor_occupancy.cxl_hit_itomwr, 0x78cc4ffd2036
unc_cha_tor_occupancy.cxl_hit_mempushwr, 0x78cc6ffd2036
unc_cha_tor_occupancy.cxl_hit_wcil, 0x78c86ffd2036
unc_cha_tor_occupancy.cxl_hit_wcilf, 0x78c867fd2036
unc_cha_tor_occupancy.cxl_hit_wil, 0x78c87ffd2036
unc_cha_tor_occupancy.cxl_miss_clflush, 0x78c8c7fe2036
unc_cha_tor_occupancy.cxl_miss_fsrdcur, 0x78c8effe2036
unc_cha_tor_occupancy.cxl_miss_fsrdcurptl, 0x78c9effe2036
unc_cha_tor_occupancy.cxl_miss_itom, 0x78cc47fe2036
unc_cha_tor_occupancy.cxl_miss_itomwr, 0x78cc4ffe2036
unc_cha_tor_occupancy.cxl_miss_mempushwr, 0x78cc6ffe2036
unc_cha_tor_occupancy.cxl_miss_wcil, 0x78c86ffe2036
unc_cha_tor_occupancy.cxl_miss_wcilf, 0x78c867fe2036
unc_cha_tor_occupancy.cxl_miss_wil, 0x78c87ffe2036
unc_cha_tor_occupancy.ia, 0xc001ff0136
unc_cha_tor_occupancy.ia_clflush, 0xc8c7ff0136
unc_cha_tor_occupancy.ia_clflushopt, 0xc8d7ff0136
unc_cha_tor_occupancy.ia_crd, 0xc80fff0136
unc_cha_tor_occupancy.ia_crd_pref, 0xc88fff0136
unc_cha_tor_occupancy.ia_drd_opt, 0xc827ff0136
unc_cha_tor_occupancy.ia_drd_opt_pref, 0xc8a7ff0136
unc_cha_tor_occupancy.ia_hit, 0xc001fd0136
unc_cha_tor_occupancy.ia_hit_crd, 0xc80ffd0136
unc_cha_tor_occupancy.ia_hit_crd_pref, 0xc88ffd0136
unc_cha_tor_occupancy.ia_hit_cxl_acc, 0x10c001810136
unc_cha_tor_occupancy.ia_hit_drd_opt, 0xc827fd0136
unc_cha_tor_occupancy.ia_hit_drd_opt_pref, 0xc8a7fd0136
unc_cha_tor_occupancy.ia_hit_itom, 0xcc47fd0136
unc_cha_tor_occupancy.ia_hit_llcprefcode, 0xcccffd0136
unc_cha_tor_occupancy.ia_hit_llcprefdata, 0xccd7fd0136
unc_cha_tor_occupancy.ia_hit_llcprefrfo, 0xccc7fd0136
unc_cha_tor_occupancy.ia_hit_rfo, 0xc807fd0136
unc_cha_tor_occupancy.ia_hit_rfo_pref, 0xc887fd0136
unc_cha_tor_occupancy.ia_itom, 0xcc47ff0136
unc_cha_tor_occupancy.ia_itomcachenear, 0xcd47ff0136
unc_cha_tor_occupancy.ia_llcprefcode, 0xcccfff0136
unc_cha_tor_occupancy.ia_llcprefdata, 0xccd7ff0136
unc_cha_tor_occupancy.ia_llcprefrfo, 0xccc7ff0136
unc_cha_tor_occupancy.ia_miss, 0xc001fe0136
unc_cha_tor_occupancy.ia_miss_crd, 0xc80ffe0136
unc_cha_tor_occupancy.ia_miss_crd_local, 0xc80efe0136
unc_cha_tor_occupancy.ia_miss_crd_pref, 0xc88ffe0136
unc_cha_tor_occupancy.ia_miss_crd_pref_local, 0xc88efe0136
unc_cha_tor_occupancy.ia_miss_crd_pref_remote, 0xc88f7e0136
unc_cha_tor_occupancy.ia_miss_crd_remote, 0xc80f7e0136
unc_cha_tor_occupancy.ia_miss_cxl_acc, 0x10c001820136
unc_cha_tor_occupancy.ia_miss_drd_cxl_acc, 0x10c817820136
unc_cha_tor_occupancy.ia_miss_drd_opt, 0xc827fe0136
unc_cha_tor_occupancy.ia_miss_drd_opt_pref, 0xc8a7fe0136
unc_cha_tor_occupancy.ia_miss_drd_pref_cxl_acc, 0x10c897820136
unc_cha_tor_occupancy.ia_miss_itom, 0xcc47fe0136
unc_cha_tor_occupancy.ia_miss_llcprefcode, 0xcccffe0136
unc_cha_tor_occupancy.ia_miss_llcprefdata, 0xccd7fe0136
unc_cha_tor_occupancy.ia_miss_llcprefdata_cxl_acc, 0x10ccd7820136
unc_cha_tor_occupancy.ia_miss_llcprefrfo, 0xccc7fe0136
unc_cha_tor_occupancy.ia_miss_llcprefrfo_cxl_acc, 0x10c887820136
unc_cha_tor_occupancy.ia_miss_local_wcil_ddr, 0xc86e860136
unc_cha_tor_occupancy.ia_miss_local_wcil_pmm, 0xc86e8a0136
unc_cha_tor_occupancy.ia_miss_local_wcilf_ddr, 0xc866860136
unc_cha_tor_occupancy.ia_miss_local_wcilf_pmm, 0xc8668a0136
unc_cha_tor_occupancy.ia_miss_remote_wcil_ddr, 0xc86f060136
unc_cha_tor_occupancy.ia_miss_remote_wcil_pmm, 0xc86f0a0136
unc_cha_tor_occupancy.ia_miss_remote_wcilf_ddr, 0xc867060136
unc_cha_tor_occupancy.ia_miss_remote_wcilf_pmm, 0xc8670a0136
unc_cha_tor_occupancy.ia_miss_rfo, 0xc807fe0136
unc_cha_tor_occupancy.ia_miss_rfo_cxl_acc, 0x10c807820136
unc_cha_tor_occupancy.ia_miss_rfo_local, 0xc806fe0136
unc_cha_tor_occupancy.ia_miss_rfo_pref, 0xc887fe0136
unc_cha_tor_occupancy.ia_miss_rfo_pref_cxl_acc, 0x10ccc7820136
unc_cha_tor_occupancy.ia_miss_rfo_pref_local, 0xc886fe0136
unc_cha_tor_occupancy.ia_miss_rfo_pref_remote, 0xc8877e0136
unc_cha_tor_occupancy.ia_miss_rfo_remote, 0xc8077e0136
unc_cha_tor_occupancy.ia_miss_ucrdf, 0xc877de0136
unc_cha_tor_occupancy.ia_miss_wcil, 0xc86ffe0136
unc_cha_tor_occupancy.ia_miss_wcil_ddr, 0xc86f860136
unc_cha_tor_occupancy.ia_miss_wcil_pmm, 0xc86f8a0136
unc_cha_tor_occupancy.ia_miss_wcilf, 0xc867fe0136
unc_cha_tor_occupancy.ia_miss_wcilf_ddr, 0xc867860136
unc_cha_tor_occupancy.ia_miss_wcilf_pmm, 0xc8678a0136
unc_cha_tor_occupancy.ia_miss_wil, 0xc87fde0136
unc_cha_tor_occupancy.ia_rfo, 0xc807ff0136
unc_cha_tor_occupancy.ia_rfo_pref, 0xc887ff0136
unc_cha_tor_occupancy.ia_specitom, 0xcc57ff0136
unc_cha_tor_occupancy.ia_wbmtoi, 0xcc27ff0136
unc_cha_tor_occupancy.ia_wcil, 0xc86fff0136
unc_cha_tor_occupancy.ia_wcilf, 0xc867ff0136
unc_cha_tor_occupancy.io, 0xc001ff0436
unc_cha_tor_occupancy.io_clflush, 0xc8c3ff0436
unc_cha_tor_occupancy.io_hit, 0xc001fd0436
unc_cha_tor_occupancy.io_hit_itom, 0xcc43fd0436
unc_cha_tor_occupancy.io_hit_itomcachenear, 0xcd43fd0436
unc_cha_tor_occupancy.io_hit_pcirdcur, 0xc8f3fd0436
unc_cha_tor_occupancy.io_hit_rfo, 0xc803fd0436
unc_cha_tor_occupancy.io_itom, 0xcc43ff0436
unc_cha_tor_occupancy.io_itomcachenear, 0xcd43ff0436
unc_cha_tor_occupancy.io_miss, 0xc001fe0436
unc_cha_tor_occupancy.io_miss_itom, 0xcc43fe0436
unc_cha_tor_occupancy.io_miss_itom_local, 0xcc42fe0436
unc_cha_tor_occupancy.io_miss_itom_remote, 0xcc437e0436
unc_cha_tor_occupancy.io_miss_itomcachenear, 0xcd43fe0436
unc_cha_tor_occupancy.io_miss_itomcachenear_local, 0xcd42fe0436
unc_cha_tor_occupancy.io_miss_itomcachenear_remote, 0xcd437e0436
unc_cha_tor_occupancy.io_miss_pcirdcur, 0xc8f3fe0436
unc_cha_tor_occupancy.io_miss_pcirdcur_local, 0xc8f2fe0436
unc_cha_tor_occupancy.io_miss_pcirdcur_remote, 0xc8f37e0436
unc_cha_tor_occupancy.io_miss_rfo, 0xc803fe0436
unc_cha_tor_occupancy.io_pcirdcur, 0xc8f3ff0436
unc_cha_tor_occupancy.io_rfo, 0xc803ff0436
unc_cha_tor_occupancy.io_wbmtoi, 0xcc23ff0436
unc_cha_tor_occupancy.loc_all, 0xc000ff0536
unc_cha_tor_occupancy.loc_ia, 0xc000ff0136
unc_cha_tor_occupancy.loc_io, 0xc000ff0436
unc_cha_tor_occupancy.rem_all, 0xc001ffc836
unc_cha_tor_occupancy.rem_snps, 0xc001ff0836
unc_chacms_clockticks, 0x1
unc_chacms_distress_asserted, 0x35
unc_chacms_ring_src_thrtl, 0x34
unc_cxlcm_rxc_pack_buf_inserts.mem_data, 0x1041
unc_cxldp_txc_agf_inserts.m2s_data, 0x2002
unc_i_cache_total_occupancy.mem, 0x40f
unc_i_clockticks, 0x1
unc_i_faf_inserts, 0x18
unc_i_faf_occupancy, 0x19
unc_i_misc0.fast_rej, 0x21e
unc_i_misc0.fast_req, 0x11e
unc_i_misc1.lost_fwd, 0x101f
unc_i_misc1.sec_rcvd_invld, 0x201f
unc_i_snoop_resp.all_hit_es, 0x7412
unc_i_snoop_resp.all_hit_i, 0x7212
unc_i_snoop_resp.all_hit_m, 0x7812
unc_i_snoop_resp.all_miss, 0x7112
unc_i_transactions.wr_pref, 0x811
unc_iio_clockticks, 0x1
unc_iio_comp_buf_inserts.cmpd.all_parts, 0x4c2
unc_iio_comp_buf_inserts.cmpd.part0, 0x4c2
unc_iio_comp_buf_inserts.cmpd.part1, 0x4c2
unc_iio_comp_buf_inserts.cmpd.part2, 0x4c2
unc_iio_comp_buf_inserts.cmpd.part3, 0x4c2
unc_iio_comp_buf_inserts.cmpd.part4, 0x4c2
unc_iio_comp_buf_inserts.cmpd.part5, 0x4c2
unc_iio_comp_buf_inserts.cmpd.part6, 0x4c2
unc_iio_comp_buf_inserts.cmpd.part7, 0x4c2
unc_iio_comp_buf_occupancy.cmpd.all_parts, 0xffd5
unc_iio_comp_buf_occupancy.cmpd.part0, 0x1d5
unc_iio_comp_buf_occupancy.cmpd.part1, 0x2d5
unc_iio_comp_buf_occupancy.cmpd.part2, 0x4d5
unc_iio_comp_buf_occupancy.cmpd.part3, 0x8d5
unc_iio_comp_buf_occupancy.cmpd.part4, 0x10d5
unc_iio_comp_buf_occupancy.cmpd.part5, 0x20d5
unc_iio_comp_buf_occupancy.cmpd.part6, 0x40d5
unc_iio_comp_buf_occupancy.cmpd.part7, 0x80d5
unc_iio_data_req_by_cpu.mem_read.all_parts, 0x4c0
unc_iio_data_req_by_cpu.mem_read.part0, 0x4c0
unc_iio_data_req_by_cpu.mem_read.part1, 0x4c0
unc_iio_data_req_by_cpu.mem_read.part2, 0x4c0
unc_iio_data_req_by_cpu.mem_read.part3, 0x4c0
unc_iio_data_req_by_cpu.mem_read.part4, 0x4c0
unc_iio_data_req_by_cpu.mem_read.part5, 0x4c0
unc_iio_data_req_by_cpu.mem_read.part6, 0x4c0
unc_iio_data_req_by_cpu.mem_read.part7, 0x4c0
unc_iio_data_req_by_cpu.mem_write.all_parts, 0x1c0
unc_iio_data_req_by_cpu.mem_write.part0, 0x1c0
unc_iio_data_req_by_cpu.mem_write.part1, 0x1c0
unc_iio_data_req_by_cpu.mem_write.part2, 0x1c0
unc_iio_data_req_by_cpu.mem_write.part3, 0x1c0
unc_iio_data_req_by_cpu.mem_write.part4, 0x1c0
unc_iio_data_req_by_cpu.mem_write.part5, 0x1c0
unc_iio_data_req_by_cpu.mem_write.part6, 0x1c0
unc_iio_data_req_by_cpu.mem_write.part7, 0x1c0
unc_iio_data_req_by_cpu.peer_read.all_parts, 0x8c0
unc_iio_data_req_by_cpu.peer_write.all_parts, 0x2c0
unc_iio_data_req_of_cpu.mem_read.all_parts, 0x483
unc_iio_data_req_of_cpu.mem_read.part0, 0x483
unc_iio_data_req_of_cpu.mem_read.part1, 0x483
unc_iio_data_req_of_cpu.mem_read.part2, 0x483
unc_iio_data_req_of_cpu.mem_read.part3, 0x483
unc_iio_data_req_of_cpu.mem_read.part4, 0x483
unc_iio_data_req_of_cpu.mem_read.part5, 0x483
unc_iio_data_req_of_cpu.mem_read.part6, 0x483
unc_iio_data_req_of_cpu.mem_read.part7, 0x483
unc_iio_data_req_of_cpu.mem_write.all_parts, 0x183
unc_iio_data_req_of_cpu.mem_write.part0, 0x183
unc_iio_data_req_of_cpu.mem_write.part1, 0x183
unc_iio_data_req_of_cpu.mem_write.part2, 0x183
unc_iio_data_req_of_cpu.mem_write.part3, 0x183
unc_iio_data_req_of_cpu.mem_write.part4, 0x183
unc_iio_data_req_of_cpu.mem_write.part5, 0x183
unc_iio_data_req_of_cpu.mem_write.part6, 0x183
unc_iio_data_req_of_cpu.mem_write.part7, 0x183
unc_iio_data_req_of_cpu.peer_read.part0, 0x883
unc_iio_data_req_of_cpu.peer_read.part1, 0x883
unc_iio_data_req_of_cpu.peer_read.part2, 0x883
unc_iio_data_req_of_cpu.peer_read.part3, 0x883
unc_iio_data_req_of_cpu.peer_read.part4, 0x883
unc_iio_data_req_of_cpu.peer_read.part5, 0x883
unc_iio_data_req_of_cpu.peer_read.part6, 0x883
unc_iio_data_req_of_cpu.peer_read.part7, 0x883
unc_iio_data_req_of_cpu.peer_write.all_parts, 0x283
unc_iio_data_req_of_cpu.peer_write.part0, 0x283
unc_iio_data_req_of_cpu.peer_write.part1, 0x283
unc_iio_data_req_of_cpu.peer_write.part2, 0x283
unc_iio_data_req_of_cpu.peer_write.part3, 0x283
unc_iio_data_req_of_cpu.peer_write.part4, 0x283
unc_iio_data_req_of_cpu.peer_write.part5, 0x283
unc_iio_data_req_of_cpu.peer_write.part6, 0x283
unc_iio_data_req_of_cpu.peer_write.part7, 0x283
unc_iio_iommu0.1g_hits, 0x1040
unc_iio_iommu0.2m_hits, 0x840
unc_iio_iommu0.4k_hits, 0x440
unc_iio_iommu0.all_lookups, 0x240
unc_iio_iommu0.ctxt_cache_hits, 0x8040
unc_iio_iommu0.ctxt_cache_lookups, 0x4040
unc_iio_iommu0.first_lookups, 0x140
unc_iio_iommu0.misses, 0x2040
unc_iio_iommu1.num_mem_accesses, 0xc041
unc_iio_iommu1.num_mem_accesses_high, 0x8041
unc_iio_iommu1.num_mem_accesses_low, 0x4041
unc_iio_iommu1.slpwc_1g_hits, 0x441
unc_iio_iommu1.slpwc_256t_hits, 0x1041
unc_iio_iommu1.slpwc_2m_hits, 0x241
unc_iio_iommu1.slpwc_512g_hits, 0x841
unc_iio_iommu1.slpwc_cache_fills, 0x2041
unc_iio_iommu1.slpwc_cache_lookups, 0x141
unc_iio_iommu3.cyc_pwt_full, 0x243
unc_iio_iommu3.int_cache_hits, 0x8043
unc_iio_iommu3.int_cache_lookups, 0x4043
unc_iio_iommu3.num_inval_ctxt_cache, 0x843
unc_iio_iommu3.num_inval_int_cache, 0x2043
unc_iio_iommu3.num_inval_iotlb, 0x443
unc_iio_iommu3.num_inval_pasid_cache, 0x1043
unc_iio_num_oustanding_req_from_cpu.to_io, 0x8c5
unc_iio_num_outstanding_req_from_cpu.to_io, 0x8c5
unc_iio_num_outstanding_req_of_cpu.data, 0x2088
unc_iio_num_outstanding_req_of_cpu.final_rd_wr, 0x888
unc_iio_num_outstanding_req_of_cpu.iommu_hit, 0x288
unc_iio_num_outstanding_req_of_cpu.iommu_req, 0x188
unc_iio_num_outstanding_req_of_cpu.req_own, 0x488
unc_iio_num_outstanding_req_of_cpu.wr, 0x1088
unc_iio_num_req_of_cpu_by_tgt.abort, 0x808e
unc_iio_num_req_of_cpu_by_tgt.confined_p2p, 0x408e
unc_iio_num_req_of_cpu_by_tgt.loc_p2p, 0x208e
unc_iio_num_req_of_cpu_by_tgt.mcast, 0x28e
unc_iio_num_req_of_cpu_by_tgt.mem, 0x88e
unc_iio_num_req_of_cpu_by_tgt.msgb, 0x18e
unc_iio_num_req_of_cpu_by_tgt.rem_p2p, 0x108e
unc_iio_num_req_of_cpu_by_tgt.ubox, 0x48e
unc_iio_num_req_of_cpu_by_tgt.ubox_posted, 0x48e
unc_iio_pwt_occupancy, 0x42
unc_iio_txn_req_by_cpu.mem_read.all_parts, 0x4c1
unc_iio_txn_req_by_cpu.mem_read.part0, 0x4c1
unc_iio_txn_req_by_cpu.mem_read.part1, 0x4c1
unc_iio_txn_req_by_cpu.mem_read.part2, 0x4c1
unc_iio_txn_req_by_cpu.mem_read.part3, 0x4c1
unc_iio_txn_req_by_cpu.mem_read.part4, 0x4c1
unc_iio_txn_req_by_cpu.mem_read.part5, 0x4c1
unc_iio_txn_req_by_cpu.mem_read.part6, 0x4c1
unc_iio_txn_req_by_cpu.mem_read.part7, 0x4c1
unc_iio_txn_req_by_cpu.mem_write.all_parts, 0x1c1
unc_iio_txn_req_by_cpu.mem_write.part0, 0x1c1
unc_iio_txn_req_by_cpu.mem_write.part1, 0x1c1
unc_iio_txn_req_by_cpu.mem_write.part2, 0x1c1
unc_iio_txn_req_by_cpu.mem_write.part3, 0x1c1
unc_iio_txn_req_by_cpu.mem_write.part4, 0x1c1
unc_iio_txn_req_by_cpu.mem_write.part5, 0x1c1
unc_iio_txn_req_by_cpu.mem_write.part6, 0x1c1
unc_iio_txn_req_by_cpu.mem_write.part7, 0x1c1
unc_iio_txn_req_by_cpu.peer_read.all_parts, 0x8c1
unc_iio_txn_req_by_cpu.peer_write.all_parts, 0x2c1
unc_iio_txn_req_of_cpu.mem_read.part0, 0x484
unc_iio_txn_req_of_cpu.mem_read.part1, 0x484
unc_iio_txn_req_of_cpu.mem_read.part2, 0x484
unc_iio_txn_req_of_cpu.mem_read.part3, 0x484
unc_iio_txn_req_of_cpu.mem_read.part4, 0x484
unc_iio_txn_req_of_cpu.mem_read.part5, 0x484
unc_iio_txn_req_of_cpu.mem_read.part6, 0x484
unc_iio_txn_req_of_cpu.mem_read.part7, 0x484
unc_iio_txn_req_of_cpu.mem_write.part0, 0x184
unc_iio_txn_req_of_cpu.mem_write.part1, 0x184
unc_iio_txn_req_of_cpu.mem_write.part2, 0x184
unc_iio_txn_req_of_cpu.mem_write.part3, 0x184
unc_iio_txn_req_of_cpu.mem_write.part4, 0x184
unc_iio_txn_req_of_cpu.mem_write.part5, 0x184
unc_iio_txn_req_of_cpu.mem_write.part6, 0x184
unc_iio_txn_req_of_cpu.mem_write.part7, 0x184
unc_iio_txn_req_of_cpu.peer_read.part0, 0x884
unc_iio_txn_req_of_cpu.peer_read.part1, 0x884
unc_iio_txn_req_of_cpu.peer_read.part2, 0x884
unc_iio_txn_req_of_cpu.peer_read.part3, 0x884
unc_iio_txn_req_of_cpu.peer_read.part4, 0x884
unc_iio_txn_req_of_cpu.peer_read.part5, 0x884
unc_iio_txn_req_of_cpu.peer_read.part6, 0x884
unc_iio_txn_req_of_cpu.peer_read.part7, 0x884
unc_iio_txn_req_of_cpu.peer_write.part0, 0x284
unc_iio_txn_req_of_cpu.peer_write.part1, 0x284
unc_iio_txn_req_of_cpu.peer_write.part2, 0x284
unc_iio_txn_req_of_cpu.peer_write.part3, 0x284
unc_iio_txn_req_of_cpu.peer_write.part4, 0x284
unc_iio_txn_req_of_cpu.peer_write.part5, 0x284
unc_iio_txn_req_of_cpu.peer_write.part6, 0x284
unc_iio_txn_req_of_cpu.peer_write.part7, 0x284
unc_m_act_count.all, 0xf702
unc_m_act_count.rd, 0xf102
unc_m_act_count.ufill, 0xf402
unc_m_act_count.wr, 0xf202
unc_m_cas_count_sch0.all, 0xff05
unc_m_cas_count_sch0.rd, 0xcf05
unc_m_cas_count_sch0.rd_non_underfill, 0xc305
unc_m_cas_count_sch0.rd_pre_reg, 0xc205
unc_m_cas_count_sch0.rd_pre_underfill, 0xc805
unc_m_cas_count_sch0.rd_reg, 0xc105
unc_m_cas_count_sch0.rd_underfill, 0xc405
unc_m_cas_count_sch0.rd_underfill_all, 0xcc05
unc_m_cas_count_sch0.wr, 0xf005
unc_m_cas_count_sch0.wr_nonpre, 0xd005
unc_m_cas_count_sch0.wr_pre, 0xe005
unc_m_cas_count_sch1.all, 0xff06
unc_m_cas_count_sch1.rd, 0xcf06
unc_m_cas_count_sch1.rd_non_underfill, 0xc306
unc_m_cas_count_sch1.rd_pre_reg, 0xc206
unc_m_cas_count_sch1.rd_pre_underfill, 0xc806
unc_m_cas_count_sch1.rd_reg, 0xc106
unc_m_cas_count_sch1.rd_underfill, 0xc406
unc_m_cas_count_sch1.rd_underfill_all, 0xcc06
unc_m_cas_count_sch1.wr, 0xf006
unc_m_cas_count_sch1.wr_nonpre, 0xd006
unc_m_cas_count_sch1.wr_pre, 0xe006
unc_m_clockticks, 0x101
unc_m_hclockticks, 0x1
unc_m_mr4_2xref_cycles.sch0_dimm0, 0x1a7
unc_m_mr4_2xref_cycles.sch0_dimm1, 0x2a7
unc_m_mr4_2xref_cycles.sch1_dimm0, 0x4a7
unc_m_mr4_2xref_cycles.sch1_dimm1, 0x8a7
unc_m_pdc_mr4active_cycles.sch0_dimm0, 0x1a6
unc_m_pdc_mr4active_cycles.sch0_dimm1, 0x2a6
unc_m_pdc_mr4active_cycles.sch1_dimm0, 0x4a6
unc_m_pdc_mr4active_cycles.sch1_dimm1, 0x8a6
unc_m_power_channel_ppd_cycles, 0x88
unc_m_power_critical_throttle_cycles.slot0, 0x189
unc_m_power_critical_throttle_cycles.slot1, 0x289
unc_m_power_throttle_cycles.bw_slot0, 0x146
unc_m_power_throttle_cycles.bw_slot1, 0x246
unc_m_power_throttle_cycles.mr4blken, 0x846
unc_m_power_throttle_cycles.raplblk, 0x446
unc_m_powerdown_cycles.sch0_rank0, 0x147
unc_m_powerdown_cycles.sch0_rank1, 0x247
unc_m_powerdown_cycles.sch0_rank2, 0x447
unc_m_powerdown_cycles.sch0_rank3, 0x847
unc_m_powerdown_cycles.sch1_rank0, 0x1047
unc_m_powerdown_cycles.sch1_rank1, 0x2047
unc_m_powerdown_cycles.sch1_rank2, 0x4047
unc_m_powerdown_cycles.sch1_rank3, 0x8047
unc_m_pre_count.all, 0xff03
unc_m_pre_count.pgt, 0xf803
unc_m_pre_count.rd, 0xf103
unc_m_pre_count.ufill, 0xf403
unc_m_pre_count.wr, 0xf203
unc_m_rdb_inserts.sch0, 0x4017
unc_m_rdb_inserts.sch1, 0x8017
unc_m_rdb_occupancy_sch0, 0x1a
unc_m_rdb_occupancy_sch1, 0x1b
unc_m_rpq_inserts.pch0, 0x5010
unc_m_rpq_inserts.pch1, 0xa010
unc_m_rpq_inserts.sch0_pch0, 0x1010
unc_m_rpq_inserts.sch0_pch1, 0x2010
unc_m_rpq_inserts.sch1_pch0, 0x4010
unc_m_rpq_inserts.sch1_pch1, 0x8010
unc_m_rpq_occupancy_sch0_pch0, 0x80
unc_m_rpq_occupancy_sch0_pch1, 0x81
unc_m_rpq_occupancy_sch1_pch0, 0x82
unc_m_rpq_occupancy_sch1_pch1, 0x83
unc_m_self_refresh.enter_success, 0x243
unc_m_self_refresh.enter_success_cycles, 0x143
unc_m_throttle_crit_cycles.slot0, 0x18e
unc_m_throttle_crit_cycles.slot1, 0x28e
unc_m_throttle_high_cycles.slot0, 0x18d
unc_m_throttle_high_cycles.slot1, 0x28d
unc_m_throttle_low_cycles.slot0, 0x18b
unc_m_throttle_low_cycles.slot1, 0x28b
unc_m_throttle_mid_cycles.slot0, 0x18c
unc_m_throttle_mid_cycles.slot1, 0x28c
unc_m_wpq_inserts.pch0, 0x5022
unc_m_wpq_inserts.pch1, 0xa022
unc_m_wpq_inserts.sch0_pch0, 0x1022
unc_m_wpq_inserts.sch0_pch1, 0x2022
unc_m_wpq_inserts.sch1_pch0, 0x4022
unc_m_wpq_inserts.sch1_pch1, 0x8022
unc_m_wpq_occupancy_sch0_pch0, 0x84
unc_m_wpq_occupancy_sch0_pch1, 0x85
unc_m_wpq_occupancy_sch1_pch0, 0x86
unc_m_wpq_occupancy_sch1_pch1, 0x87
unc_mdf_clockticks, 0x1
unc_p_clockticks, 0x1
unc_p_freq_max_limit_thermal_cycles, 0x4
unc_p_freq_max_power_cycles, 0x5
unc_p_freq_trans_cycles, 0x74
unc_p_pkg_residency_c2e_cycles, 0x2b
unc_p_pkg_residency_c6_cycles, 0x2d
unc_p_power_state_occupancy_cores_c0, 0x35
unc_p_power_state_occupancy_cores_c3, 0x36
unc_p_power_state_occupancy_cores_c6, 0x37
unc_p_prochot_external_cycles, 0xa
unc_p_prochot_internal_cycles, 0x9
unc_u_event_msg.doorbell_rcvd, 0x842
unc_u_event_msg.int_prio, 0x1042
unc_u_event_msg.ipi_rcvd, 0x442
unc_u_event_msg.msi_rcvd, 0x242
unc_u_event_msg.vlw_rcvd, 0x142
unc_upi_clockticks, 0x1
unc_upi_l1_power_cycles, 0x21
unc_upi_rxl_basic_hdr_match.ncb, 0xe05
unc_upi_rxl_basic_hdr_match.ncb_opc, 0x10e05
unc_upi_rxl_basic_hdr_match.ncs, 0xf05
unc_upi_rxl_basic_hdr_match.ncs_opc, 0x10f05
unc_upi_rxl_basic_hdr_match.req, 0x805
unc_upi_rxl_basic_hdr_match.req_opc, 0x10805
unc_upi_rxl_basic_hdr_match.rsp_data, 0xc05
unc_upi_rxl_basic_hdr_match.rsp_data_opc, 0x10c05
unc_upi_rxl_basic_hdr_match.rsp_nodata, 0xa05
unc_upi_rxl_basic_hdr_match.rsp_nodata_opc, 0x10a05
unc_upi_rxl_basic_hdr_match.rspcnflt, 0x1aa05
unc_upi_rxl_basic_hdr_match.rspi, 0x12a05
unc_upi_rxl_basic_hdr_match.snp, 0x905
unc_upi_rxl_basic_hdr_match.snp_opc, 0x10905
unc_upi_rxl_basic_hdr_match.wb, 0xd05
unc_upi_rxl_basic_hdr_match.wb_opc, 0x10d05
unc_upi_rxl_flits.all_data, 0xf03
unc_upi_rxl_flits.all_null, 0x2703
unc_upi_rxl_flits.data, 0x803
unc_upi_rxl_flits.idle, 0x4703
unc_upi_rxl_flits.llcrd, 0x1003
unc_upi_rxl_flits.llctrl, 0x4003
unc_upi_rxl_flits.non_data, 0x9703
unc_upi_rxl_flits.null, 0x2003
unc_upi_rxl_flits.prothdr, 0x8003
unc_upi_rxl_flits.slot0, 0x103
unc_upi_rxl_flits.slot1, 0x203
unc_upi_rxl_flits.slot2, 0x403
unc_upi_rxl_inserts.slot0, 0x130
unc_upi_rxl_inserts.slot1, 0x230
unc_upi_rxl_inserts.slot2, 0x430
unc_upi_rxl_occupancy.slot0, 0x132
unc_upi_rxl_occupancy.slot1, 0x232
unc_upi_rxl_occupancy.slot2, 0x432
unc_upi_txl0p_power_cycles, 0x27
unc_upi_txl0p_power_cycles_ll_enter, 0x28
unc_upi_txl0p_power_cycles_m3_exit, 0x29
unc_upi_txl_basic_hdr_match.ncb, 0xe04
unc_upi_txl_basic_hdr_match.ncb_opc, 0x10e04
unc_upi_txl_basic_hdr_match.ncs, 0xf04
unc_upi_txl_basic_hdr_match.ncs_opc, 0x10f04
unc_upi_txl_basic_hdr_match.req, 0x804
unc_upi_txl_basic_hdr_match.req_opc, 0x10804
unc_upi_txl_basic_hdr_match.rsp_data, 0xc04
unc_upi_txl_basic_hdr_match.rsp_data_opc, 0x10c04
unc_upi_txl_basic_hdr_match.rsp_nodata, 0xa04
unc_upi_txl_basic_hdr_match.rsp_nodata_opc, 0x10a04
unc_upi_txl_basic_hdr_match.rspcnflt, 0x1aa04
unc_upi_txl_basic_hdr_match.rspi, 0x12a04
unc_upi_txl_basic_hdr_match.snp, 0x904
unc_upi_txl_basic_hdr_match.snp_opc, 0x10904
unc_upi_txl_basic_hdr_match.wb, 0xd04
unc_upi_txl_basic_hdr_match.wb_opc, 0x10d04
unc_upi_txl_flits.all_data, 0xf02
unc_upi_txl_flits.all_null, 0x2702
unc_upi_txl_flits.data, 0x802
unc_upi_txl_flits.idle, 0x4702
unc_upi_txl_flits.llcrd, 0x1002
unc_upi_txl_flits.llctrl, 0x4002
unc_upi_txl_flits.non_data, 0x9702
unc_upi_txl_flits.null, 0x2002
unc_upi_txl_flits.prothdr, 0x8002
unc_upi_txl_flits.slot0, 0x102
unc_upi_txl_flits.slot1, 0x202
unc_upi_txl_flits.slot2, 0x402
uops_issued.any, 0xe
uops_retired.all, 0xc2
uops_retired.fpdiv, 0x8c2
uops_retired.idiv, 0x10c2
uops_retired.ms, 0x1c2
uops_retired.x87, 0x2c2
